-- MySQL dump 10.13  Distrib 5.7.29, for Linux (x86_64)
--
-- Host: localhost    Database: chetheatre
-- ------------------------------------------------------
-- Server version	5.7.29-0ubuntu0.18.04.1

/*!40101 SET @OLD_CHARACTER_SET_CLIENT=@@CHARACTER_SET_CLIENT */;
/*!40101 SET @OLD_CHARACTER_SET_RESULTS=@@CHARACTER_SET_RESULTS */;
/*!40101 SET @OLD_COLLATION_CONNECTION=@@COLLATION_CONNECTION */;
/*!40101 SET NAMES utf8 */;
/*!40103 SET @OLD_TIME_ZONE=@@TIME_ZONE */;
/*!40103 SET TIME_ZONE='+00:00' */;
/*!40014 SET @OLD_UNIQUE_CHECKS=@@UNIQUE_CHECKS, UNIQUE_CHECKS=0 */;
/*!40014 SET @OLD_FOREIGN_KEY_CHECKS=@@FOREIGN_KEY_CHECKS, FOREIGN_KEY_CHECKS=0 */;
/*!40101 SET @OLD_SQL_MODE=@@SQL_MODE, SQL_MODE='NO_AUTO_VALUE_ON_ZERO' */;
/*!40111 SET @OLD_SQL_NOTES=@@SQL_NOTES, SQL_NOTES=0 */;

--
-- Table structure for table `employee_galleryHasMedia`
--

DROP TABLE IF EXISTS `employee_galleryHasMedia`;
/*!40101 SET @saved_cs_client     = @@character_set_client */;
/*!40101 SET character_set_client = utf8 */;
CREATE TABLE `employee_galleryHasMedia` (
  `employee_id` int(11) NOT NULL,
  `galleryHasMedia_id` int(11) NOT NULL,
  PRIMARY KEY (`employee_id`,`galleryHasMedia_id`),
  KEY `IDX_4E8953EB8C03F15C` (`employee_id`),
  KEY `IDX_4E8953EB8A6BB82C` (`galleryHasMedia_id`),
  CONSTRAINT `FK_4E8953EB8A6BB82C` FOREIGN KEY (`galleryHasMedia_id`) REFERENCES `media__gallery_media` (`id`),
  CONSTRAINT `FK_4E8953EB8C03F15C` FOREIGN KEY (`employee_id`) REFERENCES `employees` (`id`)
) ENGINE=InnoDB DEFAULT CHARSET=utf8 COLLATE=utf8_unicode_ci;
/*!40101 SET character_set_client = @saved_cs_client */;

--
-- Dumping data for table `employee_galleryHasMedia`
--

LOCK TABLES `employee_galleryHasMedia` WRITE;
/*!40000 ALTER TABLE `employee_galleryHasMedia` DISABLE KEYS */;
INSERT INTO `employee_galleryHasMedia` VALUES (4,47),(4,48),(4,49),(4,50),(5,13),(5,14),(5,15),(5,16),(6,17),(6,18),(6,19),(6,20),(7,21),(7,22),(9,25),(9,26),(9,27),(9,28),(9,29),(9,30),(9,31),(10,32),(10,33),(10,34),(10,35),(11,36),(11,37),(11,38),(12,40),(12,41),(13,42),(13,43),(14,44),(14,45),(16,39),(17,1),(17,2),(17,3),(17,4),(18,262),(18,263),(18,264),(18,265),(18,266),(18,267),(18,268),(18,269),(18,270),(18,271),(18,272),(19,9),(19,10),(19,11),(19,12),(20,47),(20,48),(20,49),(20,50),(21,13),(21,14),(21,15),(21,16),(22,17),(22,18),(22,19),(22,20),(24,23),(24,24),(25,278),(25,279),(25,280),(25,281),(25,282),(25,283),(25,284),(25,285),(26,32),(26,33),(26,34),(26,35),(27,36),(27,37),(27,38),(28,40),(28,41),(29,42),(29,43),(30,44),(30,45),(31,46),(32,39),(34,5),(34,6),(34,7),(34,8),(35,9),(35,10),(35,11),(35,12),(36,47),(36,48),(36,49),(36,50),(37,13),(37,14),(37,15),(37,16),(38,17),(38,18),(38,19),(38,20),(39,21),(39,22),(40,23),(40,24),(43,36),(43,37),(43,38),(44,40),(44,41),(45,42),(45,43),(47,46),(48,39),(49,1),(49,2),(49,3),(49,4),(50,5),(50,6),(50,7),(50,8),(51,9),(51,10),(51,11),(51,12),(52,47),(52,48),(52,49),(52,50),(53,13),(53,14),(53,15),(53,16),(54,17),(54,18),(54,19),(54,20),(55,21),(55,22),(57,25),(57,26),(57,27),(57,28),(57,29),(57,30),(57,31),(58,32),(58,33),(58,34),(58,35),(59,36),(59,37),(59,38),(60,292),(60,293),(60,294),(60,295),(60,296),(60,297),(61,42),(61,43),(62,44),(62,45),(63,46),(63,259),(63,260),(63,261),(64,39),(67,44),(67,45),(70,287),(70,288),(70,289),(70,290),(70,291);
/*!40000 ALTER TABLE `employee_galleryHasMedia` ENABLE KEYS */;
UNLOCK TABLES;

--
-- Table structure for table `employee_translation`
--

DROP TABLE IF EXISTS `employee_translation`;
/*!40101 SET @saved_cs_client     = @@character_set_client */;
/*!40101 SET character_set_client = utf8 */;
CREATE TABLE `employee_translation` (
  `id` int(11) NOT NULL AUTO_INCREMENT,
  `object_id` int(11) DEFAULT NULL,
  `locale` varchar(8) COLLATE utf8_unicode_ci NOT NULL,
  `field` varchar(32) COLLATE utf8_unicode_ci NOT NULL,
  `content` longtext COLLATE utf8_unicode_ci,
  PRIMARY KEY (`id`),
  UNIQUE KEY `lookup_unique_employee_translation_idx` (`locale`,`object_id`,`field`),
  KEY `IDX_354F8412232D562B` (`object_id`),
  CONSTRAINT `FK_354F8412232D562B` FOREIGN KEY (`object_id`) REFERENCES `employees` (`id`) ON DELETE CASCADE
) ENGINE=InnoDB AUTO_INCREMENT=202 DEFAULT CHARSET=utf8 COLLATE=utf8_unicode_ci;
/*!40101 SET character_set_client = @saved_cs_client */;

--
-- Dumping data for table `employee_translation`
--

LOCK TABLES `employee_translation` WRITE;
/*!40000 ALTER TABLE `employee_translation` DISABLE KEYS */;
INSERT INTO `employee_translation` VALUES (1,1,'en','firstName','Volodymyr'),(2,1,'en','lastName','Osipov'),(3,1,'en','biography','Works in the theatre on the position of a director till 1999. Honoured Art Worker of Ukraine since 2009. Graduated from the Kyiv State Institute of Theatrical Arts n.a. Karpenko-Kary in 1993. Specialist in theatre study, organizer of theatrical business.'),(4,2,'en','firstName','Serhiy'),(5,2,'en','lastName','Proskurnja'),(6,2,'en','biography','-'),(7,3,'en','firstName','Oleksandr'),(8,3,'en','lastName','Pavlutin'),(9,3,'en','biography','Works in the theatre since 2002. Acting artistic director of the theatre since 2010. Graduated from the Kyiv State Institute of Theatrical Arts n.a. Karpenko-Kary in 2002.'),(10,4,'en','firstName','Serhiy'),(11,4,'en','lastName','Ridvaneckij'),(12,4,'en','biography','Main artist in the theatre since 2003. Graduated from Lviv State Institute of Applied and Decorative Arts in 1991. Got up 39 performances, 8 of them in Cherkasy theatre.'),(13,5,'en','firstName','Nataliya'),(14,5,'en','lastName','Ridvanetska'),(15,5,'en','biography','Costumer. Works in the theatre since 2003. Graduated from Lviv State Institute of Applied and Decorative Arts in 1992. Artist-technologist. Got up 43 performances, 12 of them in Cherkasy theatre.'),(16,6,'en','firstName','Nadiya'),(17,6,'en','lastName','Nikifirova'),(18,6,'en','biography','Art director in the theatre since 1980. Graduated from Leningrad State Institute of  Drama, Music and Cinematography in 1980. Got up 70 performances, 55 of them in Cherkasy theatre.'),(19,7,'en','firstName','Volodymyr'),(20,7,'en','lastName','Tatarinov'),(21,7,'en','biography','Honored Artist of Ukraine since 2007. Main choreographer. Works in the theatre since 1984. Graduated from Dnepropetrovsk State Theatre School in 1972. Director of choreographic collective.'),(22,8,'en','firstName','Varvara'),(23,8,'en','lastName','Prisagnenko'),(24,8,'en','biography','Honored Worker of  culture of Ukraine since 2007. Head of the literary and dramatic part. Graduated from the Kyiv State Institute of Theatrical Arts n.a. Karpenko-Kary in 1975. In the theatre since 1975.'),(25,9,'en','firstName','Olena'),(26,9,'en','lastName','Belkina'),(27,9,'en','biography','Works in the theatre since 1995 as accompanist, since 2008 as conductor. Graduated from Cherkasy Music School n.a. Gulak-Artemowski.'),(28,10,'en','firstName','Svitlana'),(29,10,'en','lastName','Lezhnenko'),(30,10,'en','biography','_'),(31,11,'en','firstName','Galyna'),(32,11,'en','lastName','Kuruchenko'),(33,11,'en','biography','Works in the theatre since 1997. Graduated from Cherkasy Music School n.a. Gulak-Artemowski.'),(34,12,'en','firstName','Serhiy'),(35,12,'en','lastName','Bobrov'),(36,12,'en','biography','Honored Artist of Ukraine since 2009. Works in the theatre since 1996.  Graduated from Dnepropetrovsk State Theatre School in 1996.'),(37,13,'en','firstName','Nataliya'),(38,13,'en','lastName','Vigran'),(39,13,'en','biography','Honored Artist of Ukraine since 2009. Works in the theatre since 1994.'),(40,14,'en','firstName','Mariya'),(41,14,'en','lastName','Maryshchak'),(42,14,'en','biography','Works in the theatre since 2008. Graduated from Vinnytsia School of Culture and Arts.'),(43,15,'en','firstName','Yuriy'),(44,15,'en','lastName','Berlinskij'),(45,15,'en','biography','People\'s Artist of Ukraine since 2007. Works in the theater since 1980. Graduated from the Kyiv State Institute of Theatrical Arts n.a. Karpenko-Kary.'),(46,16,'en','firstName','Svitlana'),(47,16,'en','lastName','Amelina'),(48,16,'en','biography','Works in the theatre since 2008'),(49,17,'en','firstName','Anna'),(50,17,'en','lastName','Bobrova'),(51,17,'en','biography','Works in the theatre since 2007. Graduated from Kaniv School of Culture and Arts in 2007.'),(52,18,'en','firstName','Olena'),(53,18,'en','lastName','Breharya'),(54,18,'en','biography','Works in the theatre since 2008'),(55,19,'en','firstName','Liliya'),(56,19,'en','lastName','Byrlakova'),(57,19,'en','biography','Works in the theatre since 2003. Graduated from Rivne State Humanitarian University in 2004.'),(58,20,'en','firstName','Oksana'),(59,20,'en','lastName','Vovkostril'),(60,20,'en','biography','Works in the theatre since 2009'),(61,21,'en','firstName','Oleksandr'),(62,21,'en','lastName','Gelevera'),(63,21,'en','biography','Works in the theatre since 2009'),(64,22,'en','firstName','Mykola'),(65,22,'en','lastName','Glazov'),(66,22,'en','biography','Works in the theatre since 1977 till 1986, since 1996 till 2000, since 2002 till 2003 and since 2006. Graduated from the Kyiv State Institute of Theatrical Arts n.a. Karpenko-Kary'),(67,23,'en','firstName','Iryna'),(68,23,'en','lastName','Glazova'),(69,23,'en','biography','Works in the theatre since 2000 till 2006 and since 2010. Graduated from Dnipropetrovsk State Regional Theatre and Art College'),(70,24,'en','firstName','Nataliya'),(71,24,'en','lastName','Glazova'),(72,24,'en','biography','Works in the theatre since 1976. Graduated from Kaniv Cultural and Educational College'),(73,25,'en','firstName','Pavlo'),(74,25,'en','lastName','Goncharov'),(75,25,'en','biography','Works in the theatre since 2008. Graduated from Dnepropetrovsk State Regional Theatre and Art College in 1998.'),(76,26,'en','firstName','Yuriy'),(77,26,'en','lastName','Greben'),(78,26,'en','biography','Works in the theatre since 1998. Graduated from Kaniv School of Culture in 1997.'),(79,27,'en','firstName','Tetyana'),(80,27,'en','lastName','Greben'),(81,27,'en','biography','Works in the theatre since 1996. Graduated from Dnepropetrovsk State Theatre College in 1996.'),(82,28,'en','firstName','Oleksandr'),(83,28,'en','lastName','Gymennuj'),(84,28,'en','biography','Works in the theatre since 2008. Graduated from the Kyiv Mining and Transport College in 1996.'),(85,29,'en','firstName','Yuliya'),(86,29,'en','lastName','Donska- Gymenna'),(87,29,'en','biography','Works in the theatre since 2008. Graduated from the Mykolayiv State Higher School of Culture in 2008.'),(88,30,'en','firstName','Mykola'),(89,30,'en','lastName','Zajnchkivskij'),(90,30,'en','biography','Honored Artist of Ukraine since 2010. Works in the theatre since 1986. Graduated from the Kyiv State Institute of Theatrical Arts n.a. Karpenko-Kary in 1986.'),(91,31,'en','firstName','Anzhelina'),(92,31,'en','lastName','Ivanova'),(93,31,'en','biography','Works in the theatre since 1996. Graduated from Dnepropetrovsk State Theatre School in 1996.'),(94,32,'en','firstName','Valeriy'),(95,32,'en','lastName','Kirichenko'),(96,32,'en','biography','Works in the theatre since 2003'),(97,33,'en','firstName','Oleksiy'),(98,33,'en','lastName','Klimenko'),(99,33,'en','biography','Works in the theatre since 2012. Graduated from Kharkov State University of Arts n.a. I.M. Kotlyarevskyy in 2012.'),(100,34,'en','firstName','Serhiy'),(101,34,'en','lastName','Kovalenko'),(102,34,'en','biography','Works in the theatre since 2012. Graduated from Cherkasy National University n.a. Bohdan Khmelnytsky.'),(103,35,'en','firstName','Viktoriya'),(104,35,'en','lastName','Kovaleva'),(105,35,'en','biography','Works in the theatre since 1989'),(106,36,'en','firstName','Viktor'),(107,36,'en','lastName','Kolomiec'),(108,36,'en','biography','Honored Artist of Ukraine. Works in the theatre since 1976. Graduated from the Kyiv State Institute of Theatrical Arts n.a. Karpenko-Kary in 1976.'),(109,37,'en','firstName','Mykhaylo'),(110,37,'en','lastName','Kondratskij'),(111,37,'en','biography','Works in the theatre since 1988. Graduated from Kyiv National University of Culture and Arts in 2002.'),(112,38,'en','firstName','Nadiya'),(113,38,'en','lastName','Korbut'),(114,38,'en','biography','Works in the theatre since 2005. Graduated from Uzhgorod School of Culture in 2002.'),(115,39,'en','firstName','Tetyana'),(116,39,'en','lastName','Krizhanivska'),(117,39,'en','biography','Honored Artist of Ukraine. Works in the theatre since 1979. Graduated from the State Institute of Theatrical Arts n.a. Lunacharsky in 1984.'),(118,40,'en','firstName','Oleksandr'),(119,40,'en','lastName','Kuzmenko'),(120,40,'en','biography','Works in the theatre since 1997. Graduated from Dnepropetrovsk State Theatre School in 1997.'),(121,41,'en','firstName','Oleksandr'),(122,41,'en','lastName','Kyzmun'),(123,41,'en','biography','Honored Artist of Ukraine - 2009'),(124,42,'en','firstName','Anna'),(125,42,'en','lastName','Kyrulenko'),(126,42,'en','biography','Works in the theatre since 2011. Graduated from the Cherkasy Music School n.a. Gulak - Artemowski in 2008. Continues her studies at the Kyiv National University of Theatre, Film and Television n.a. Karpenko – Kary'),(127,43,'en','firstName','Nataliya'),(128,43,'en','lastName','Mamalyga'),(129,43,'en','biography','Honored Artist of Ukraine since 2009. Works in the theatre since 1994. Graduated from the Kiev State Conservatoire n.a. Tchaikovsky in 1992.'),(130,44,'en','firstName','Iryna'),(131,44,'en','lastName','Maslova'),(132,44,'en','biography','Works in the theatre since 1998'),(133,45,'en','firstName','Svitlana'),(134,45,'en','lastName','Moskalenko'),(135,45,'en','biography','Honored Artist of Ukraine. Works in the theatre since 2012. Graduated from the Drama Studio at the Franko Theater in 1975.'),(136,46,'en','firstName','Nataliya'),(137,46,'en','lastName','Panekina'),(138,46,'en','biography','Works in the theatre since 2012. Graduated from Kharkov State University of Arts n.a. I.M. Kotlyarevskyy in 2011'),(139,47,'en','firstName','Nataliya'),(140,47,'en','lastName','Naumenko'),(141,47,'en','biography','Works in the theatre since 2002'),(142,48,'en','firstName','Serhiy'),(143,48,'en','lastName','Ponomarenko'),(144,48,'en','biography','Works in the theatre since 2003'),(145,49,'en','firstName','Olena'),(146,49,'en','lastName','Ponomarenko'),(147,49,'en','biography','Works in the theatre since 2003'),(148,50,'en','firstName','Lidiya'),(149,50,'en','lastName','Popova'),(150,50,'en','biography','Honored Artist of Ukraine since 1978. Works in the theatre since 1973. Graduated from Dnipropetrovsk State Theatre School in 1962.'),(151,51,'en','firstName','Dmytro'),(152,51,'en','lastName','Potapchyk'),(153,51,'en','biography','Works in the theatre since 2010. Graduated from Rivne State Humanitarian University'),(154,52,'en','firstName','Oleksandr'),(155,52,'en','lastName','Pryz'),(156,52,'en','biography','Works in the theatre since 2005'),(157,53,'en','firstName','Yuriy'),(158,53,'en','lastName','Prokopchuk'),(159,53,'en','biography','Works in the theatre since 1998 . Graduated from the Kyiv State Institute of Theatrical Arts n.a. Karpenko-Kary'),(160,54,'en','firstName','Oleksandr'),(161,54,'en','lastName','Pjatkivskij'),(162,54,'en','biography','Works in the theatre since 1977'),(163,55,'en','firstName','Olha'),(164,55,'en','lastName','Romodan'),(165,55,'en','biography','Works in the theatre since 1990'),(166,56,'en','firstName','Lyubov'),(167,56,'en','lastName','Skobel'),(168,56,'en','biography','Honored Artist of Ukraine since 2006. Works in the theatre since 1977. Graduated from the Drama Studio at the Franko Theater in 1977.'),(169,57,'en','firstName','Evhen'),(170,57,'en','lastName','Skrupnichenko'),(171,57,'en','biography','Works in the theatre since 2008'),(172,58,'en','firstName','Lydmyla'),(173,58,'en','lastName','Talah'),(174,58,'en','biography','Honored Artist of Ukraine. Graduated from the Kyiv State Institute of Theatrical Arts n.a. Karpenko-Kary in 1967. Works in the theatre since 1967'),(175,59,'en','firstName','Oleh'),(176,59,'en','lastName','Telatnik'),(177,59,'en','biography','Works in the theatre since 2005 року. Graduated from the Kharkov State Institute of Culture in 1995.'),(178,60,'en','firstName','Svitlana'),(179,60,'en','lastName','Tereshchenko'),(180,60,'en','biography','Works in the theatre since 2009. Graduated from the Kyiv State Institute of Theatrical Arts n.a. Karpenko-Kary'),(181,61,'en','firstName','Liliya'),(182,61,'en','lastName','Kharchenko'),(183,61,'en','biography','Works in the theatre since 1998'),(184,62,'en','firstName','Kostyantyn'),(185,62,'en','lastName','Shaenko'),(186,62,'en','biography','Works in the theatre since 2003'),(187,63,'en','firstName','Kateryna'),(188,63,'en','lastName','Shakalova'),(189,63,'en','biography','Works in the theatre since 2003. Graduated from Dnepropetrovsk Theatre and Art College.'),(190,64,'en','firstName','Petro'),(191,64,'en','lastName','Golybchehko'),(192,64,'en','biography','Works in the theatre since 2014'),(193,65,'en','firstName','Kateryna'),(194,65,'en','lastName','Olejnikova'),(195,65,'en','biography','Works in the theatre since 2014'),(196,66,'en','firstName','Olena'),(197,66,'en','lastName','Peredriy'),(198,66,'en','biography','Works in the theatre since 2014'),(199,67,'en','firstName','Maksym'),(200,67,'en','lastName','Ruzhevol'),(201,67,'en','biography','Works in the theatre since 2014');
/*!40000 ALTER TABLE `employee_translation` ENABLE KEYS */;
UNLOCK TABLES;

--
-- Table structure for table `employees`
--

DROP TABLE IF EXISTS `employees`;
/*!40101 SET @saved_cs_client     = @@character_set_client */;
/*!40101 SET character_set_client = utf8 */;
CREATE TABLE `employees` (
  `id` int(11) NOT NULL AUTO_INCREMENT,
  `avatar_id` int(11) DEFAULT NULL,
  `firstName` varchar(255) COLLATE utf8_unicode_ci NOT NULL,
  `lastName` varchar(255) COLLATE utf8_unicode_ci NOT NULL,
  `dob` datetime NOT NULL,
  `position` varchar(255) COLLATE utf8_unicode_ci NOT NULL,
  `biography` longtext COLLATE utf8_unicode_ci,
  `slug` varchar(255) COLLATE utf8_unicode_ci NOT NULL,
  `createdAt` datetime NOT NULL,
  `updatedAt` datetime DEFAULT NULL,
  `deletedAt` datetime DEFAULT NULL,
  `createdBy` varchar(255) COLLATE utf8_unicode_ci DEFAULT NULL,
  `updatedBy` varchar(255) COLLATE utf8_unicode_ci DEFAULT NULL,
  `deletedBy` varchar(255) COLLATE utf8_unicode_ci DEFAULT NULL,
  PRIMARY KEY (`id`),
  UNIQUE KEY `UNIQ_BA82C30086383B10` (`avatar_id`),
  CONSTRAINT `FK_BA82C30086383B10` FOREIGN KEY (`avatar_id`) REFERENCES `media__media` (`id`)
) ENGINE=InnoDB AUTO_INCREMENT=77 DEFAULT CHARSET=utf8 COLLATE=utf8_unicode_ci;
/*!40101 SET character_set_client = @saved_cs_client */;

--
-- Dumping data for table `employees`
--

LOCK TABLES `employees` WRITE;
/*!40000 ALTER TABLE `employees` DISABLE KEYS */;
INSERT INTO `employees` VALUES (1,101,'Володимир','Осипов','1952-01-06 00:00:00','theatre_director','Заслужений діяч мистецтв України.Закінчив Київський державний інститут театрального мистецтва імені Карпенка-Карого. Працює у&nbsp;театрі з 1978,&nbsp;на посаді директора&nbsp;&nbsp;з 1999 року.&nbsp;','volodimir-osipov','2015-01-13 00:21:35','2016-04-21 13:46:48','2017-02-08 17:33:01',NULL,'roman','roman'),(2,318,'Сергій','Проскурня','1957-11-28 00:00:00','acting_artistic_director','-','sierghii-proskurnia','2015-03-15 12:26:21','2015-06-13 18:00:13','2015-09-30 17:03:24',NULL,NULL,'roman'),(3,103,'Олександр','Павлютін','1975-07-01 00:00:00','production_director','Закінчив Київський державний інститут театрального мистецтва ім. Карпенка - Карого у 2002 р. В&nbsp;театрі працює з 2002 року як актор, з 2008 року як режисер-постановник.&nbsp;','olieksandr-pavliutin','2014-12-22 09:59:34','2016-04-21 13:53:55',NULL,NULL,'roman',NULL),(4,104,'Сергій','Ридванецький','1961-12-11 00:00:00','main_artist','Головний художник У театрі з 2003 року. Закінчив Львівський державний інститут прикладного і декоративного мистецтва у 1991 році. Художник дек','sierghii-ridvaniets-kii','2015-01-21 23:02:44','2016-03-29 15:35:06',NULL,NULL,'roman',NULL),(5,105,'Наталія','Ридванецька','1969-03-22 00:00:00','costumer','Художник по костюмах. У театрі з 2003 року.Закінчила Львівський державний інститут прикладного і декоративного мистецтва у 1992 році. Художник','nataliia-ridvaniets-ka','2015-02-11 19:53:08','2016-03-29 16:07:25','2018-01-19 16:47:26',NULL,'roman','roman'),(6,106,'Надія','Нікіфорова','1953-07-23 00:00:00','art_director','Художник-постановник, у театрі з 1980 року. Закінчила Ленінградський державний інститут театру, музики і кінематографії у 1980 році. Поставлен','nadiia-nikiforova','2014-11-19 10:47:50','2016-03-29 16:09:15',NULL,NULL,'roman',NULL),(7,107,'Володимир','Татарінов','1950-03-02 00:00:00','main_choreographer','Заслужений артист України з 2007 року.Балетмейстер-постановник.У театрі з 1984 року. Закінчив Дніпропетровське державне театральне училище у 1','volodimir-tatarinov','2015-03-25 08:43:37','2016-03-29 16:11:36',NULL,NULL,'roman',NULL),(8,108,'Варвара','Присяжненко','1951-03-22 00:00:00','head_of_the_literary_and_dramatic_part','<p><b>Присяжненко Варвара Миколаївна</b><br></p>\r\n\r\n<p>Народилася 22 березня 1951 року в\r\nселі Чубівка Черкаського району Черкаської області.</p>\r\n\r\n<p>З 1958 року&nbsp; по 1968 рік&nbsp;\r\nнавчалася в Черкаській середній школі № 20.</p>\r\n\r\n<p>З 1968 року по 1970 рік&nbsp; працювала актрисою в Черкаському ляльковому\r\nтеатрі.</p>\r\n\r\n<p>З 1970 року по 1975 рік студентка\r\nКиївського інституту театрального мистецтва імені Карпенка-Карого\r\n(театрознавчий відділ).</p>\r\n\r\n<p>3 1975 року по цей час керівник\r\nлітературно-драматичної частини Черкаського академічного обласного українського\r\nмузично-драматичного театру імені Тараса Григоровича Шевченка.</p>\r\n\r\n<p>У 2007 році одержала звання \"Заслужений працівник культури України\".&nbsp;</p>','varvara-prisiazhnienko','2014-10-16 18:10:07','2015-06-13 18:13:56',NULL,NULL,NULL,NULL),(9,109,'Олена','Бєлкіна','1958-09-03 00:00:00','conductor','Заслужена артистка України.&nbsp;В театрі працює з 1995 року на посаді концертмейстер, з 2008 року диригент. Закінчила черкаське музичне училище імені С. Гулака-Артемовського у 1977 році.','oliena-bielkina','2015-02-28 13:20:33','2016-04-21 13:55:15',NULL,NULL,'roman',NULL),(10,110,'Світлана','Лежненко','1969-09-26 00:00:00','accompanist','-','svitlana-liezhnienko','2015-03-24 14:48:23','2016-03-29 16:25:53',NULL,NULL,'roman',NULL),(11,111,'Галина','Кириченко','1975-11-22 00:00:00','accompanist_singing_class','В театрі з 1997 року. Закінчила Черкаське музичне училище імені С.Гулака-Артемовського.','galina-kirichienko','2014-12-29 22:30:19','2016-03-29 16:30:08',NULL,NULL,'roman',NULL),(12,112,'Сергій','Бобров','1973-05-04 00:00:00','actor','Заслужений артист України з 2009 року. У театрі працює з 1996 року. Закінчив Дніпропетровське державне театральне училище у 1996 році.','sierghii-bobrov','2015-03-22 22:26:06','2016-03-29 16:31:01',NULL,NULL,'roman',NULL),(13,113,'Наталія','Вігран','1965-02-09 00:00:00','actress','Заслужена артистка України з 2009 року. У театрі працює з 1994 року','nataliia-vighran','2014-12-23 19:22:57','2016-03-29 16:33:27',NULL,NULL,'roman',NULL),(14,114,'Марія','Марущак','1987-09-07 00:00:00','actress','У театрі з 2008 року.Закінчила Вінницьке училище культури і мистецтв','mariia-marushchak','2015-04-03 19:37:53','2016-04-03 22:59:28',NULL,NULL,'roman',NULL),(15,115,'Юрій','Берлінський','1959-06-02 00:00:00','actor','<p><b>Берлінський Юрій\r\nГригорович</b></p><p>&nbsp;</p><p>Народився 2 червня 1959 року в місті Чернігів.</p><p>Навчався в середній школі № 1 імені Андрія Малишка в Обухові,\r\nа з 1968 до 1976 року в середній школі № 1 у селищі Українка, що на Київщині.</p><p>У 1976 році вступив до Київського інституту театрального\r\nмистецтва імені Карпенка-Карого на акторський факультет (курс доцента,\r\nзаслуженого артиста України Бориса Петровича Ставицького), який закінчив у 1980\r\nроці.</p><p>З 1 липня 1980 року – актор Черкаського академічного обласного\r\nукраїнського музично-драматичного театру імені Тараса Шевченка.</p><p>У 1998 році отримав звання заслужений артист України, а в\r\n2009 році – народний артист України.</p><p>Одружений, має двох дочок, одного онука.</p><p>\r\n\r\n\r\n\r\n\r\n\r\n\r\n\r\n\r\n\r\n\r\n\r\n\r\n\r\n\r\n\r\n</p><p>Амплуа – характерний актор.&nbsp;&nbsp;</p>\r\n\r\n<p>Одружений, маю двох дочок, одного онука, маю\r\nнадію, що буде більше.</p>\r\n\r\n<p>Амплуа – характерний актор.&nbsp; </p>\r\n\r\n<br><br><br>','iurii-bierlins-kii','2015-03-17 22:55:30','2015-06-13 17:54:11',NULL,NULL,NULL,NULL),(16,116,'Світлана','Амеліна','1956-10-14 00:00:00','actress','в театрі працює з 2008 року','svitlana-amielina','2015-02-17 12:14:24','2016-03-29 16:36:48',NULL,NULL,'roman',NULL),(17,117,'Анна','Боброва','1988-08-12 00:00:00','actress','В театрі з 2007 року.Закінчила Канівське училище культури і мистецтв у 2007 році','anna-bobrova','2014-11-16 00:45:46','2016-04-03 22:49:23',NULL,NULL,'roman',NULL),(18,118,'Олена','Брехаря','1982-07-09 00:00:00','actress','<p><b>Брехаря Олена</b></p><p>Народилася 9 липня 1982 року в&nbsp; місті Миколаїв.</p><p>З 15-ти років працювала манекенницею на місцевих показах\r\nдизайнера Всеволода. Після школи працювала у приватному театрі для дітей. </p><p>З 2003 року навчалася в театральній студії при Миколаївському\r\nХудожньому театрі, керівник Петро Бойко.</p><p>З 2004 року працювала в тому ж театрі актрисою, продовжуючи\r\nнавчання.</p><p>Грала Долю в \"Лісовій пісні\", Анну в \"Саня\r\nВаня з ними Римас\" та в казках. Одночасно грала в приватному театрі\r\n\"Апрель\" принцесу Жасмін у виставі \"Аладін\". </p><p>З 2008 року працює в театрі Тараса Шевченка в Черкасах.</p><p><b><i>Ролі:</i></b></p><p>Даша – \"Дуже проста історія\";</p><p>Галя – \"За двома зайцями\";</p><p>Марися – \"Мартин Боруля\";</p><p>Дочка – \"Хранителі року\";</p><p>Марія – \"Дванадцята ніч, або що захочете\";</p><p>Мотря – \"Кайдашева сім\'я\";</p><p>Віникарка – \"Король-Дроздобород\";</p><p>Майор Нечаєва&nbsp; –\r\n\"Сад Гетсиманський\";</p><p>Стеха&nbsp; – \"Назар\r\nСтодоля\";</p><p>Ганна – \"Хто в домі господар\";</p><p>Еліанта – \"Мізантроп\";</p><p>Берта – \"Боїнг-Боїнг\";</p><p>Поліна – \"Кіт у чоботях\";</p><p>палітра образів у тетралогії \"Тарас\",</p><p>Цикломена – \"Барвінок-герой\";</p><p>тріо головних героїнь за власною історією життя \"Така\r\nлюбов\". </p><p>У 2013 році отримала роль секретарки мера у багатосерійному\r\nфільмі \"Пляж\".</p><p>\r\n\r\n\r\n\r\n\r\n\r\n\r\n\r\n\r\n\r\n\r\n\r\n\r\n\r\n\r\n\r\n\r\n\r\n\r\n\r\n\r\n\r\n\r\n\r\n\r\n\r\n\r\n\r\n\r\n\r\n\r\n\r\n\r\n\r\n\r\n\r\n\r\n\r\n\r\n\r\n\r\n\r\n\r\n\r\n\r\n\r\n\r\n\r\n\r\n\r\n</p><p>&nbsp;</p><br><br>','oliena-briekharia','2014-12-18 04:30:38','2015-06-13 17:57:35',NULL,NULL,NULL,NULL),(19,119,'Лілія','Бурлакова','1982-06-14 00:00:00','actress','в театрі працює з 2003 року. Закінчила Рівненський державний гуманітарний університет у 2004 році.','liliia-burlakova','2015-02-11 07:58:34','2016-04-03 22:50:08',NULL,NULL,'roman',NULL),(20,120,'Оксана','Вовкостріл','1978-03-01 00:00:00','actor_first_category','в театрі працює з 2009 року','oksana-vovkostril','2014-11-14 02:59:57','2016-04-03 22:51:06','2018-09-03 09:20:48',NULL,'roman','roman'),(21,121,'Олександр','Гелеверя','1984-07-11 00:00:00','actor','в театрі працює з 2009 року','olieksandr-gielievieria','2015-01-11 07:14:15','2016-04-03 22:43:03','2018-09-03 09:20:48',NULL,'roman','roman'),(22,122,'Микола','Глазов','1952-04-03 00:00:00','actor','У театрі з 1977 року по 1986 рік, з 1996 року по 2000 рік, з 2002 року по 2003 рік та з 2006 року. Закінчив Київський інститут театрального мистецтва ім. І.К.К','mikola-glazov','2015-01-09 11:51:45','2016-04-03 22:51:36',NULL,NULL,'roman',NULL),(23,123,'Ірина','Глазова','1981-01-30 00:00:00','actress','<p>&nbsp;<b>Глазова</b><b>-</b><b>Шмиголь</b><b> </b><b>Ірина</b><b> </b><b>Миколаївна</b></p>\r\n\r\n<p>Народилася 30 січня 1981 року в місті Черкаси у родині акторів.</p>\r\n\r\n<p>Батьки присвятили своє життя Черкаському академічному\r\nобласному українському музично-драматичному театру імені\r\nТараса Григоровича Шевченка на посаді акторів драми.</p>\r\n\r\n<p>&nbsp;1987-1995 навчалася\r\nв Черкаській школі № 32.</p>\r\n\r\n<p>Займалася спортивними та народними танцями, легкою\r\nатлетикою, брала участь у багатьох\r\nзмаганнях, також\r\nходила на рукопашний\r\nбій.</p>\r\n\r\n<p>1995-2000 навчалася у Дніпропетровському\r\nдержавному обласному театрально-художньому коледжі.</p>\r\n\r\n<p>У 2000 році повернулася до Черкас служити в місцевому\r\nтеатрі імені Тараса Шевченка. Протягом 4-ох років грала різнопланові ролі &nbsp;у багатьох\r\nвиставах.</p>\r\n\r\n<p>У 2004 році влаштувалася у Києві на фірму «Інтерсистеми», на посаду секретаря.</p>\r\n\r\n<p><span>У 2010 році повернулася у Черкаський академічний обласний\r\nукраїнський <a target=\"_blank\" rel=\"nofollow\"></a>музично-драматичний театр імені</span>\r\nТараса Григоровича Шевченка.</p>\r\n\r\n<p>Заміжня.</p><br>','irina-glazova','2014-10-25 19:51:54','2015-06-13 18:01:24','2018-09-03 09:20:48',NULL,NULL,'roman'),(24,124,'Наталія','Глазова','1958-08-11 00:00:00','actress','&nbsp;Засл. артистка України. У театрі з 1976 року. Закінчила Канівське культпросвітнє училище','nataliia-glazova','2014-11-04 21:11:38','2019-11-27 13:43:44',NULL,NULL,'roman',NULL),(25,125,'Павло','Гончаров','1975-06-25 00:00:00','actor','<p><b>Гончаров\r\nПавло</b></p><p>Народився 25 червня 1975 року у місті Кременчук.</p><p>З 1994 до 1998 року навчався у Дніпропетровському державному\r\nобласному театрально-художньому коледжі за спеціальністю актор драми, майстер\r\nкурсу Віталій Інокентійович Ковалевський. З трьох дипломних робіт дві грав та\r\nставив як режисер: Юджин О\'Ніл \"Пристрасті під в\'язами\" роль Ебіна та\r\nЛеся Українка \"Камінний господар\" роль Дон Жуана. Грав Мендозу в\r\n\"Дуенья\" Шерідана. </p><p>За запрошенням після випуску переїхав у Херсонський театр імені\r\nМиколи Куліша, де одразу ввівся в мюзикл Веніаміна Смєхова \"Алі-баба та\r\nсорок розбійників\" на роль Алі-Баби. Через півроку повернувся до\r\nДніпропетровська у музично-драматичний театр імені Тараса Шевченка. </p><p>У 1998 переїхав до Києва, де півроку працював у Київському\r\nакадемічному театрі юного глядача на Липках. </p><p>У 1999 працював головним режисером у Кременчуцькому міському\r\nпалаці культури.</p><p>З 2002 до 2008 року служив у Миколаївському художньому театрі. </p><p><b><i>Ролі:</i></b></p><p>Лукаш та Перелісник – \"Лісова пісня\" Лесі Українки;</p><p>&nbsp;Москатель – \"З\r\nкоханням не жартують\" Педро Кальдерона;</p><p>Офіціант – \"Номер 13\" Рея Куні;</p><p>Петро Трофімов – \"Вишневий сад\" Антона Чехова;</p><p>Диявол –&nbsp; палітра образів\r\nв \"Мадам Боварі\" Ярослава Стельмаха за Гюставом Флобером;</p><p>Блазень – \"Життя пана Де Мольєра\"&nbsp; Михайла Булгакова;</p><p>Олексій – \"Дуже проста історія\" Марії Ладо;</p><p>Степан –&nbsp; \"Пристрасті\r\nза Торчаловим\" Микити Воронова;</p><p>Петро – \"Саня, Ваня, з ними Римас\" Володимира Гуркіна</p><p>та інші ролі.</p><p>У 2006 році знявся у Ігоря Шевченка у фільмі\r\n\"Ворожея\"&nbsp; в ролі Леоніда. </p><p>З 2008 року — актор Черкаського академічного обласного українського музично-драматичного\r\nтеатру імені Тараса Шевченка.</p><p><b><i>Ролі:</i></b></p><p>Лаврін – \"Кайдашева сім\'я\";</p><p>Олексій – \"Сватання на Гончарівці\";</p><p>Семен Гулак-Артемовський – \"Невідомий Артемовський\"</p><p>Бред – \"Дорога Памела\";</p><p>Олексій – \"Дуже проста історія\";</p><p>Робер – \"Боїнг-боїнг\";</p><p>Дроздобород – \"Король Дроздобород\";</p><p>Оттокар – \"Циганський барон\";</p><p>Чаклун – \"Аладдін\";</p><p>Петро – \"Історія про людину, з якою трапилася\r\nісторія\";</p><p>Аккаст – \"Мізантроп\";</p><p>Цензор – \"Гра в театр\";</p><p>Альтер-его Симоненка – \"Серед грому і тиші\";</p><p>Микола – \"Мартин Боруля\";</p><p>Потьомкін – \"Ніч перед Різдвом\";</p><p>палітра образів у тетралогії \"Тарас\";</p><p>Зрадник – \"Дума про братів Неазовських\";</p><p>Михайло – \"Сад Гетсиманьский\";</p><p>Мальволіо – \"Дванадцята ніч, або що захочете\";</p><p>Федір – \"Поминальна молитва\";</p><p>Гуфшмідт – \"Безхребетність\";</p><p>Гарсон – \"Заспокойтеся, Піньйон\"</p><p>\r\n\r\n\r\n\r\n\r\n\r\n\r\n\r\n\r\n\r\n\r\n\r\n\r\n\r\n\r\n\r\n\r\n\r\n\r\n\r\n\r\n\r\n\r\n\r\n\r\n\r\n\r\n\r\n\r\n\r\n\r\n\r\n\r\n\r\n\r\n\r\n\r\n\r\n\r\n\r\n\r\n\r\n\r\n\r\n\r\n\r\n\r\n\r\n\r\n\r\n\r\n\r\n\r\n\r\n\r\n\r\n\r\n\r\n\r\n\r\n\r\n\r\n\r\n\r\n\r\n\r\n\r\n\r\n\r\n\r\n\r\n\r\n\r\n\r\n\r\n\r\n\r\n\r\n\r\n\r\n\r\n\r\n\r\n\r\n\r\n\r\n</p><p>&nbsp;та інші ролі.</p>','pavlo-goncharov','2015-01-19 21:04:06','2015-06-13 18:04:26',NULL,NULL,NULL,NULL),(26,126,'Юрій','Гребень','1978-05-06 00:00:00','actor','в театрі працює з 1998 року. Закінчив Канівське училище культури у 1997 році.','iurii-griebien','2015-03-11 00:55:07','2016-04-03 22:44:23','2018-09-03 09:20:48',NULL,'roman','roman'),(27,127,'Тетяна','Гребень','1975-04-07 00:00:00','actress','У театрі працює з 1996 року. Закінчила Дніпропетровське державне театральне училище у 1996 році.','tietiana-griebien','2014-12-13 20:25:05','2016-04-03 22:52:59',NULL,NULL,'roman',NULL),(28,128,'Олександр','Гуменний','1976-02-22 00:00:00','actor','в театрі працює з 2008 року. Закінчив Київський гірничо-транспортний технікум у 1996 році.','olieksandr-gumiennii','2014-10-16 14:54:09','2016-04-03 22:44:56',NULL,NULL,'roman',NULL),(29,129,'Юлія','Донська-Гуменна','1987-05-09 00:00:00','actress','В театрі з 2008 року.Закінчила Миколаївське державне вище училище культури у 2008 році.','iuliia-dons-ka-gumienna','2014-10-19 23:56:32','2016-04-03 22:53:36','2016-04-26 13:10:34',NULL,'roman','roman'),(30,130,'Микола','Зайнчківський','1959-04-18 00:00:00','actor','Заслужений артист України з 2010 року. У театрі працює з 1986 року. Закінчив Київський державний інститут театрального мистецтва ім. Карпенка-К','mikola-zainchkivs-kii','2014-09-28 05:45:59','2016-04-03 22:45:31',NULL,NULL,'roman',NULL),(31,131,'Анжеліна','Іванова','1976-02-21 00:00:00','actress','У театрі працює з 1996 року. Закінчила Дніпропетровське державне театральне училище у 1996 році.','anzhielina-ivanova','2014-11-01 02:00:19','2016-04-03 22:55:46',NULL,NULL,'roman',NULL),(32,132,'Валерій','Кириченко','1975-02-07 00:00:00','actor','в театрі працює з 2003 року','valierii-kirichienko','2015-02-08 21:15:54','2016-04-03 22:56:18','2018-09-03 09:20:48',NULL,'roman','roman'),(33,133,'Олексій','Клименко','1989-11-14 00:00:00','actor','<p><b>Клименко Олексій Олексійович</b></p>\r\n\r\n<p>&nbsp;Народився 14 листопада 1989 року в\r\nмісті Куп\'янськ Харківської області. </p>\r\n\r\n<p>У 1991 році разом з сім’єю переїхав до села Залиман, Балаклійського району,\r\nХарківської області. </p>\r\n\r\n<p>Влітку 2007 року на конкурсній основі вступив на навчання до Харківського\r\nДержавного університету&nbsp; імені Івана\r\nКотляревського на театральний факультет за спеціалізацією: актор драматичного\r\nтеатру і кіно на денну контрактну форму навчання на курс до заслуженого артиста\r\nУкраїни Угольнікова Володимира Миколайовича. Восени 2008 року в зв’язку зі\r\nсмертю Володимира Угольнікова, курс приймає заслужений артист України, доцент\r\nЛобанов Анатолій Петрович.&nbsp; </p>\r\n\r\n<p>У 2011 році здобув неповну вищу освіту (бакалавр) в ХДУМ імені Івана\r\nКотляревського на театральному факультеті за спеціалізацією актор драматичного\r\nтеатру і кіно. </p>\r\n\r\n<p><span>У липні 2011 року вступив на навчання на п’ятий курс <a target=\"_blank\" rel=\"nofollow\"></a>до\r\nХарківського Національного Університету Мистецтв імені Івана Котляревського до\r\nтеатрального факультету за спеціалізацією актор драматичного театру і кіно, на\r\nрівень спеціаліста, на заочну контрактну форму навчання на курс до заслуженого\r\nартиста України Гави Олександра Васильовича.</span></p>\r\n\r\n<p>У серпні 2011 року прийнятий до Херсонського обласного академічного музично-драматичного\r\nтеатру імені Миколи Куліша на посаду артиста драми другої категорії.</p>\r\n\r\n<p>У кінці січня 2012 року прийнятий до Черкаського академічного обласного\r\nукраїнського музично-драматичного театру імені Тараса Григоровича Шевченка на\r\nпосаду артиста драми першої категорії. </p>\r\n\r\n<p>Навесні 2012 року здобув повну вищу освіту (спеціаліст) в ХНУМ імені Івана\r\nКотляревського.</p>\r\n\r\n<p>&nbsp;</p>\r\n\r\n<p>&nbsp;</p>','olieksii-klimienko','2014-11-27 21:17:28','2015-06-13 18:07:32',NULL,NULL,NULL,NULL),(34,134,'Сергій','Коваленко','1975-11-16 09:58:34','actor','В театрі з 2012 року. Закінчив Черкаський національний університет ім. Богдана Хмельницького.','sierghii-kovalienko','2014-10-03 17:23:39','2015-02-12 11:48:09','2016-04-26 13:09:35',NULL,NULL,'roman'),(35,135,'Вікторія','Ковальoва','1969-01-18 00:00:00','actress','в театрі працює з 1989 року','viktoriia-koval-ova','2014-11-30 10:49:43','2016-04-03 22:46:47',NULL,NULL,'roman',NULL),(36,136,'Віктор','Коломієць','1955-01-10 00:00:00','actor','Заслужений артист України. B театрі з 1976 року. Закінчив Київський державний інститут театрального мистецтва ім. Карпенка-Карого у 1976 році.','viktor-kolomiiets','2014-10-29 23:43:31','2016-04-03 22:56:56','2018-09-03 09:22:22',NULL,'roman','roman'),(37,137,'Михайло','Кондратський','1963-04-02 00:00:00','actor','B театрі з 1988 року. Закінчив Київський державний університет культури та мистецтв у 2002 році.','mikhailo-kondrats-kii','2015-03-07 08:21:39','2016-04-03 22:57:28',NULL,NULL,'roman',NULL),(38,138,'Надія','Корбут','1982-03-31 00:00:00','actress','У театрі працює з 2005 року. Закінчила Ужгородське училище культури у 2002 році.','nadiia-korbut','2015-02-26 02:29:00','2016-04-03 23:04:53',NULL,NULL,'roman',NULL),(39,139,'Тетяна','Крижанівська','1957-11-19 00:00:00','actress','<p>У 1975 році вступила до Дніпропетровського\r\nтеатрального училища на акторське відділення, яке закінчила з червоним\r\nдипломом.<br></p>\r\n\r\n<p>Із 1979 року працює актрисою в Черкаському театрі\r\nімені Тараса Шевченка. У\r\n1984 році закінчила заочно Московський інститут театрального мистецтва імені\r\nЛуначарського. За час роботи в театрі зіграла близько сімдесяти ролей. Майстер\r\nсцени. </p>\r\n\r\n<p>У 1998 році присвоєно почесне звання\r\n\"Заслужений артист України\", а в 2015 –\r\n\"Народний артист України\".</p>\r\n\r\n\"Схильність до образного переосмислення\r\nжиттєвих явищ, активний творчий пошук дають змогу у кожній новій ролі\r\nдомагатися зовнішньої та внутрішньої виразності.\" Варвара Присяжненко<br>','tietiana-krizhanivs-ka','2015-01-23 12:36:10','2016-04-21 16:00:16',NULL,NULL,'roman',NULL),(40,140,'Олександр','Кузьменко','1975-10-12 00:00:00','actor','У театрі працює з 1997 року. Закінчив Дніпропетровське державне театральне училище у 1997 році.','olieksandr-kuz-mienko','2015-03-07 15:41:47','2016-04-03 23:05:25',NULL,NULL,'roman',NULL),(41,141,'Олександр','Кузьмин','1968-08-28 00:00:00','actor','<p><b>Кузьмин Оле</b><b>к</b><b>сандр Борисович</b></p><p>Народився 28 серпня 1968 року в селі Локоть Брасівського району Брянської області в Росії. </p><p>У 1978 році переїхав до міста Макіївка Донецької області.</p><p>У 1985 році закінчив Макіївську середню школу № 1.</p><p>1986 – 1988 – служив у збройних силах.</p><p>У 1989 році вступив до&nbsp;\r\nХарківського державного інституту мистецтв імені Івана Котляревського на\r\nакторсько-режисерський курс кафедри театру ляльок, який закінчив у 1994 році:\r\nспеціальність – режисура, спеціалізація –&nbsp;\r\nрежисура театру ляльок (курс заслуженого артиста України Леоніда\r\nПопова).&nbsp; Постановки вистав, як режисер,\r\nпочав здійснювати ще під час навчання з 1992 року. Автор дитячих п’єс, що йдуть\r\nу театрах ляльок України. </p><p>З 1994 року до 2006 року працював режисером-постановником\r\nта в.о. головного режисера в Закарпатському обласному театрі ляльок (м.\r\nУжгород), головним режисером і актором в Івано-Франківському обласному театрі\r\nляльок імені Марійки Підгірянки, режисером-постановником та головним режисером\r\nу Черкаському обласному театрі ляльок. За цей час здійснив більше 50 постановок\r\nта брав участь у фестивалях театрів ляльок України, Росії та Білорусі.</p><p>У 2007 році отримав Гран-Прі за виставу \"Івасик-Телесик\" на Вінницькому фестивалі театрів\r\nляльок \"Подільська лялька\".</p><p>У 2008 році випадкова зустріч з Андрієм Жолдаком і\r\nзапрошення в проект \"Lenin Love Stalin Love\". З цього часу працює актором у Черкаському академічному обласному\r\nукраїнському музично-драматичному театрі імені Тараса Шевченка. </p><p>У 2009 році отримав звання заслужений артист України.</p><p><b><i>Улюблені ролі:</i></b></p><p>Мирон Катраник у виставі&nbsp;\r\n\"Lenin Love Stalin Love\" за романом Василя Барки;\r\nБурсак \"Галя\" – \"Назар Стодоля\" Тараса Шевченка,;</p><p>Дяк – \"Тарас\" Богдана Стельмаха;</p><p>Оверко – \"Хто в домі господар?\" Олексія\r\nКоломійця;</p><p>\r\n\r\n\r\n\r\n\r\n\r\n\r\n\r\n\r\n\r\n\r\n\r\n\r\n\r\n\r\n\r\n\r\n\r\n\r\n\r\n\r\n\r\n\r\n\r\n\r\n\r\n\r\n\r\n\r\n\r\n</p><p>Батько – \"Сніданок з ворогом\" Фернандо\r\nАррабаля…</p><br><br>','olieksandr-kuz-min','2015-02-06 00:56:40','2015-06-13 18:08:31','2018-09-03 09:20:48',NULL,NULL,'roman'),(42,662,'Анна','Куриленко','1987-08-07 00:00:00','actress','<div>У театрі з 2011&nbsp;року<br></div><div><b><u>Освіта :<br></u></b>Закінчила у 2008 році&nbsp; Черкаське державне музичне училище імені\r\nСемена Гулака-Артемовського.<b><u><br></u></b></div><div>\r\n\r\n<p>&nbsp;2009 – Одеська державна музична академія імені\r\nАнтоніни Нежданової - студія ( академічний спів ).</p>\r\n\r\n<p>Театральна студія театру \"Tour de Force\"\r\nмісто Одеса (реж. Н. Князєва),</p>\r\n\r\n<p>&nbsp;2011 – Національний педагогічний університет ім. М.\r\nП. Драгоманова,</p>\r\n\r\n<p>магістерська робота на тему:</p>\r\n\r\n<p>&nbsp;\"Розвиток творчих здібностей учнів\r\nпочаткової школи в процесі музично-театралізованої діяльності\".</p>\r\n\r\n<p>&nbsp;У 2013 продовжує навчання у Національному університеті\r\nтеатру, кіно і телебачення імені Івана Карпенка-Карого.</p>\r\n\r\n<p>&nbsp;Автор статей, публікацій у журналах та газетах.</p>\r\n\r\n<p>&nbsp;Автор поетичної збірки&nbsp; \"Аромат сповіді\" - 2010</p>\r\n\r\n<p>&nbsp;Відзнаки :</p>\r\n\r\n<p>УЧАСТЬ В УКРАЇНСЬКИХ ТА МІЖНАРОДНИХ ТЕАТРАЛЬНИХ\r\nФЕСТИВАЛЯХ, ПРОЕКТАХ:</p>\r\n\r\n<p>&nbsp;Міжнародна театральна майстерня голосу та співу\r\n\"Земля-пісня \" Львів&nbsp; - 2015</p>\r\n\r\n<p>&nbsp;Лауреат&nbsp; та\r\nучасник&nbsp; міських, обласних,\r\nвсеукраїнських,&nbsp; міжнародних конкурсів та\r\nфестивалів.</p></div><div><b><u>Ролі :<br><br></u></b></div><div>Арсена – \"Циганський барон\" &nbsp;комічна опера Йогана &nbsp;Штрауса;</div><div><br>Стасі – \"Сільва\" Імре &nbsp;Кальман;</div><div><br>Уляна – \"Сватання на Гончарівці\" Григорій &nbsp;Квітка-Основ’яненко;</div><div><br>Дівчина, масові сцени – \"Кайдашева сім’я\" Іван &nbsp;Нечуй-Левицький;</div><div><br>Ганіфе – \"Дощ в Нойкьольні\" Пауль Бродовскі (драма-Fashion показ сцен життя сучасних мешканців Берліна, Бейрута);</div><div><br>Студентка, продавчиня, офіціантка – \"Місто на Ч\" (експериментальна документальна вистава в жанрі “verbatim”);</div><div><br>Катерина &nbsp;– &nbsp;\"Хто в домі господар?\"&nbsp;&nbsp;Олексій Коломієць;</div><div><br>Дівчинка в білому – \"Сніданок з ворогом\" за мотивами п’єси Фернандо Аррабаля &nbsp;\"Пікнік\";</div><div><br>Друга Пташка &nbsp;– \"Великий льох\" поема-містерія Тараса Шевченка;</div><div><br>Монолог &nbsp;жінки – моноопера \"Чекання\" Мікаел Тарівердієв, Роберт Рождественський з Черкаським симфонічним оркестром, диригент Олександр Дяченко.</div><div><br>А також участь у виставах II та III частин тетралогії \"Тарас\" за Богданом Стельмахом.</div><div><br><b><u>Дитячі вистави :</u></b>&nbsp;</div><div><br>Сірий зайчик – \"Новорічний маскарад\", Снігуронька – \"Новорічна інтермедія\", Королівна – \"Король Дроздобород\" Брати Грімм, &nbsp;Золоте курча – \"Золоте курча\" Володимир Орлов, Мальвіна – \"Пригоди Буратіно в Новорічну ніч\", Принцеса Елеонора – \"Кіт у чоботях\" Шарль Перро, Попелюшка – \"Попелюшка\", Ромашка – \"Барвінок — &nbsp;герой\" Богдан Чалий.</div>','anna-kurilienko','2014-12-03 09:26:42','2016-04-05 10:39:04',NULL,NULL,'roman',NULL),(43,143,'Наталія','Мамалига','1968-04-15 00:00:00','actress','Заслужена артистка України з 2009 року.У театрі працює з 1994 року. Закінчила Київську державну консерваторію ім. Чайковського у 1992 році.','nataliia-mamaligha','2014-10-09 16:12:55','2016-04-03 23:06:38',NULL,NULL,'roman',NULL),(44,144,'Ірина','Маслова','1968-12-16 00:00:00','actress','в театрі працює з 1998 року','irina-maslova','2014-09-23 01:05:01','2016-04-03 23:07:27',NULL,NULL,'roman',NULL),(45,145,'Світлана','Москаленко','1955-01-21 00:00:00','actress','Заслужена артистка України. У театрі працює з 2002 року. Закінчила драматичну студію при театрі ім. І.Франка у 1975 році.','svitlana-moskalienko','2014-09-27 06:23:55','2016-04-03 22:59:57',NULL,NULL,'roman',NULL),(46,146,'Наталія','Панєкіна','1986-11-06 00:00:00','actress','<p><b>Пан</b><b>єкіна Наталія Миколаївна</b></p>\r\n\r\n<p>Народилася 6 листопада 1986 року&nbsp; в&nbsp;\r\nмісті Краматорськ&nbsp; Донецької&nbsp; області. Влітку 2006 року на конкурсній\r\nоснові вступила на навчання до Харківського Державного університету&nbsp; імені Івана Котляревського на театральний\r\nфакультет за спеціалізацією: актор драматичного театру і кіно на денну\r\nконтрактну форму навчання на курс до заслуженого артиста України Мащенко\r\nВолодимира Миколайовича . </p>\r\n\r\n<p>Навесні 2010 року здобула неповну вищу освіту (бакалавр)\r\nв ХДУМ імені Івана Котляревського на театральному факультеті за спеціалізацією\r\nактор драматичного театру і кіно. </p>\r\n\r\n<p>У липні 2011 року вступила на навчання на п’ятий\r\nкурс&nbsp; до Харківського Державного\r\nУніверситету Мистецтв імені Івана Котляревського до&nbsp; театрального факультету за спеціалізацією актор\r\nдраматичного театру і кіно, на рівень спеціаліста на денну бюджетну форму\r\nнавчання на курс доцента Садовського Леоніда Вікторовича. </p>\r\n\r\n<p>У 2011 році здобула повну вищу освіту (спеціаліст) в ХДУМ\r\nімені Івана Котляревського.</p>\r\n\r\n<p>У серпні 2011 року прийнята до Херсонського обласного\r\nакадемічного музично-драматичного театру імені&nbsp;\r\nМиколи Куліша на посаду артиста драми другої категорії. </p>\r\n\r\n<p><span>У кінці січня 2012 року прийнята до Черкаського\r\nакадемічного обласного українського музично-драматичного театру імені Тараса\r\nГригоровича Шевченка на посаду артиста драми&nbsp;&nbsp;\r\nпершої категорії<a target=\"_blank\" rel=\"nofollow\"></a>.&nbsp;</span></p>','nataliia-paniekina','2015-01-18 13:17:59','2015-06-13 18:11:46',NULL,NULL,NULL,NULL),(47,147,'Наталія','Науменко','1973-12-07 00:00:00','actress','в театрі працює з 2002 року','nataliia-naumienko','2015-01-05 04:21:49','2016-04-03 23:08:13','2018-09-03 09:20:48',NULL,'roman','roman'),(48,148,'Сергій','Пономаренко','1976-08-25 00:00:00','actor','в театрі працює з 2003 року','sierghii-ponomarienko','2014-09-22 01:41:48','2016-04-03 23:01:32',NULL,NULL,'roman',NULL),(49,149,'Олена','Пономаренко','1975-12-23 00:00:00','actress','в театрі працює з 2003 року','oliena-ponomarienko','2015-03-10 04:09:10','2016-04-03 23:10:22',NULL,NULL,'roman',NULL),(50,150,'Лідія','Попова','1940-08-12 00:00:00','actress','Заслужена артистка України з 1978 року. в театрі працює з 1973 року. Закінчила Дніпропетровське державне театральне училище у 1962 році.','lidiia-popova','2015-01-07 11:28:11','2016-04-03 23:02:09',NULL,NULL,'roman',NULL),(51,151,'Дмитро','Потапчук','1976-01-07 00:00:00','actor','в театрі працює з 2010 року. Закінчив Рівненський державний гуманітарний університет','dmitro-potapchuk','2015-03-21 14:50:54','2016-04-03 23:11:34',NULL,NULL,'roman',NULL),(52,152,'Олександр','Приз','1965-08-23 00:00:00','actor','У театрі працює з 2005 року','olieksandr-priz','2015-02-14 03:48:31','2016-04-03 23:02:43',NULL,NULL,'roman',NULL),(53,153,'Юрій','Прокопчук','1962-09-08 00:00:00','actor','в театрі працює з 1998 року .Закінчив Київський державний інститут театрального мистецтва ім. Карпенка-Карого.','iurii-prokopchuk','2015-02-19 03:16:41','2016-04-03 23:03:17',NULL,NULL,'roman',NULL),(54,154,'Олександр','Пятківський','1949-09-25 00:00:00','actor','в театрі працює з 1977 року','olieksandr-piatkivs-kii','2014-12-03 00:05:19','2016-04-03 23:03:54',NULL,NULL,'roman',NULL),(55,155,'Ольга','Ромодан','1952-07-17 00:00:00','actress','в театрі працює з 1990 року','ol-gha-romodan','2014-10-08 09:55:51','2016-04-03 23:13:52',NULL,NULL,'roman',NULL),(56,156,'Любов','Скобель','1956-11-10 00:00:00','actress','<p><b>Скобель\r\nЛюбов Володимирівна</b></p>\r\n\r\n<p>Народилася 10 листопада 1956 року. </p>\r\n\r\n<p>Закінчила студію при Київському\r\nНаціональному академічному драматичному театрі імені Івана Франка. До студії\r\nпрацювала на Київській кіностудії імені Олександра Довженка.</p>\r\n\r\n<p>З 1977 року працює у Черкаському\r\nакадемічному обласному українському музично-драматичному театрі імені Тараса\r\nШевченка. </p>\r\n\r\n<p><b><i>Головні і улюблені ролі: </i></b></p>\r\n\r\n<p>\"Одруження\" Миколи Гоголя –\r\nАгафія Тихонівна;</p>\r\n\r\n<p>\"За двома зайцями\"&nbsp; Михайла Старицького – Проня Прокопівна (грає\r\nпонад 28 років);</p>\r\n\r\n<p>\"Медея\"&nbsp; Жана Ануя – Годувальниця;</p>\r\n\r\n<p>\"Одруження\"&nbsp; Андрія Жолдака;</p>\r\n\r\n<p>\"Кайдашева сім’я\"&nbsp; Івана Нечуя-Левицького – Мотря;</p>\r\n\r\n<p>\"Натюрморт з товстим небожем\"\r\nІона Сапдару – тіточка Ванда,</p>\r\n\r\n<p>та багато інших ролей.</p>\r\n\r\n<p>Була учасником Днів України на ВДНХ СРСР\r\nв Москві, ведучою урядових концертів, ведучою урядових концертів в місті Баку\r\nта Нагорному Карабасі, на днях літератури та мистецтва України в Азербайджані.</p>\r\n\r\n<p><b><i>Нагороди:</i></b></p>\r\n\r\n<p>Заслужений артист України;</p>\r\n\r\n<p>Медаль 20 років незалежності України;</p>\r\n\r\n<p><span>Лауреат літерату<a target=\"_blank\" rel=\"nofollow\"></a>рно-мистецької\r\nпремії імені Михайла Старицького.</span></p>','liubov-skobiel','2015-03-25 12:50:32','2015-06-13 18:18:08',NULL,NULL,NULL,NULL),(57,157,'Евген','Скрипніченко','1987-09-20 00:00:00','actor','У театрі працює з 2008 року','ievghien-skripnichienko','2015-03-18 18:08:33','2016-04-03 23:14:21',NULL,NULL,'roman',NULL),(58,158,'Людмила','Талах','1941-02-05 00:00:00','actress','Заслужена артистка України. Закінчила Київський державний інститут театрального мистецтва ім. Карпенка-Карого у 1967 році. в театрі працює з','liudmila-talakh','2015-02-28 01:33:39','2016-04-03 23:16:21',NULL,NULL,'roman',NULL),(59,159,'Олег','Телятник','1973-07-27 00:00:00','actor','в театрі працює з 2005 року. Закінчив Харківський державний інститут культури у 1995 році.','oliegh-tieliatnik','2015-01-12 14:31:22','2016-04-03 23:17:10',NULL,NULL,'roman',NULL),(60,160,'Світлана','Терещенко','1971-05-16 00:00:00','actress','<p><b>Терещенко&nbsp;&nbsp;Світлана Іванівна</b></p>\r\n\r\n<p><span>&nbsp;Народилася 16 травня 1971\r\nроку. &nbsp;<br>\r\n&nbsp;У 1993 році закінчила Київський інститут театрального мистецтва&nbsp;\r\nімені &nbsp;Івана Карпенка-Карого,&nbsp; курс&nbsp; Михайла Резніковича.&nbsp; </span></p>\r\n\r\n<p>Дипломна&nbsp; робота : Сесілі Кардью <span>\"Як важливо бути серйозним\"<span>&nbsp;&nbsp;<br>\r\nЗ 2009 року працює &nbsp;у Черкаському академічному обласному українському </span></span>музично-драматичному театрі імені Тараса Шевченка<span>&nbsp;. &nbsp;&nbsp;<br>\r\n&nbsp;<b><i>Зіграні ролі :</i></b> </span></p>\r\n\r\n<p>Луіса – \"Викрутаси\r\nзакоханих\";</p>\r\n\r\n<p>Королева&nbsp; кажанів – \"Браво, Маестрику!\";</p>\r\n\r\n<p>Джуді – \"Боінг-Боінг\";</p>\r\n\r\n<p>Наречена – \"Тарас.Слова.\";<span><br>\r\n<br>\r\n</span></p>\r\n\r\n<p>Надя – \"Лєна\";</p>\r\n\r\n<p>Віникарка – \"Король&nbsp;\r\nДроздобород\";</p>\r\n\r\n<p>Уляна – \"Сватання на Гончарівці\";</p>\r\n\r\n<p>Арсіноя – \"Мізантроп\";&nbsp; </p>\r\n\r\n<p>Продавчиня квітів, офіціантка, студентка –&nbsp; \"Місто на Ч\";</p>\r\n\r\n<p>Людина – \"Сканінг\"&nbsp;.<a target=\"_blank\" rel=\"nofollow\"></a><span><br>\r\n<br>\r\n</span></p>\r\n\r\n<p><i>Єдина\r\nголовна роль – мати трьох дітей.</i></p>','svitlana-tierieshchienko','2015-03-23 06:59:49','2015-06-13 18:20:32',NULL,NULL,NULL,NULL),(61,161,'Лілія','Харченко','1955-10-02 00:00:00','actress','в театрі працює з 1998 року','liliia-kharchienko','2015-02-01 20:22:23','2016-04-03 23:17:37',NULL,NULL,'roman',NULL),(62,162,'Костянтин','Шаєнко','1965-12-02 00:00:00','actor','в театрі працює з 2003 року','kostiantin-shaienko','2014-11-10 10:05:18','2016-04-03 23:15:31',NULL,NULL,'roman',NULL),(63,163,'Катерина','Бедерак','1991-03-09 01:00:00','actress','<p>Народилася\r\n9 березня 1991року в Запорiжжі.</p><p>У\r\n6 рокiв переïхала з мамою у Черкаси.</p><p>До\r\n15 рокiв професійно займалася танцями.</p><p>У\r\n16 рокiв вступила до Днiпропетровського театрально-художнього коледжу, актриса драми,\r\nхудожній керівник Селенкова Зоя Федорiвна.</p><p>Пiсля\r\nколеджу поïхала працювати до Києва, працювала рік у приватному театрі, знімалась\r\nу серіалах, телевізійному шоу \"Судові справи\" та рекламі:</p><p>https://m.youtube.com/watch?v=3eIBOHkCGk8</p><p>&nbsp;</p><p>\r\n\r\n\r\n\r\n\r\n\r\n\r\n\r\n\r\n\r\n\r\n\r\n\r\n\r\n</p><p><span>З<b> </b>2012 року актриса Черкаського академічного\r\nобласного українського музично-драматичного театру імені Тараса Шевченка.</span></p><p><br></p><p><b><i>Ролі\r\nу театрі:</i></b></p><p>\"Сад\r\nГетсиманьский\" – Катря;</p><p>\"Дорога\r\nдо сонця\" – Лебідь;</p><p>\"Дванадцята\r\nніч, або що захочете\" – Блазень;</p><p>\"За\r\nдвома зайцями\" – Настя, подруга Проні;</p><p>\"Барвінок-герой\"\r\n– Чорна Кава;</p><p>\"Поминальна\r\nмолитва\" – Цейтл;</p><p>\"Мізантроп\"\r\n– &nbsp;Селімена;</p><p>\"Сканінг\"\r\n– Стрічечка;</p><p>\"Така\r\nЛюбов\" – Іра, Лєна;</p><p>\"Місто\r\nна Ч\" – продавчиня квітів/Леся;</p><p>\r\n\r\n\r\n\r\n\r\n\r\n\r\n\r\n\r\n\r\n\r\n\r\n\r\n\r\n\r\n\r\n\r\n\r\n\r\n\r\n\r\n\r\n</p><p>\"Боїнг-Боїнг\"\r\n– Джейн</p><br>','katierina-biedierak','2015-02-13 15:36:50','2015-06-13 17:51:53','2016-10-25 15:03:43',NULL,NULL,'roman'),(64,164,'Петро','Голубченко','1988-01-25 00:00:00','actor','<p><b>Голубченко\r\nПетро Васильович</b></p>\r\n\r\n<p>Народився 25 січня 1988 року в місті Санкт-Петербург\r\n(Росія).</p>\r\n\r\n<p>У 1991 році з сім’єю переїхав до міста Харків.</p>\r\n\r\n<p>Восени&nbsp; 2001 року\r\nвступив до Харківського обласного вищого училища фізичної культури і спорту №\r\n2.</p>\r\n\r\n<p>&nbsp;Влітку 2007 року\r\nна конкурсній основі вступив на навчання до Харківського Державного\r\nуніверситету&nbsp; імені Івана Котляревського\r\nна театральний факультет за спеціалізацією: актор драматичного театру і кіно на\r\nденну бюджетну форму навчання на курс до заслуженого артиста України&nbsp; Угольнікова Володимира Миколайовича. Восени\r\n2008 року, в зв’язку зі смертю Володимира Угольнікова, курс прийняв заслужений\r\nартист України, доцент Лобанов Анатолій Петрович. </p>\r\n\r\n<p>Восени 2010 року запрошений до Харківського державного\r\nакадемічного російського драматичного театру імені Олександра Сергійовича&nbsp; Пушкіна на посаду артиста драми другої\r\nкатегорії.</p>\r\n\r\n<p>У 2011&nbsp; році здобув\r\nнеповну вищу освіту (бакалавр) в ХДУМ імені Івана Котляревського на\r\nтеатральному факультеті за спеціалізацією актор драматичного театру і кіно. </p>\r\n\r\n<p>&nbsp;У липні 2011 року\r\nвступив на навчання на п’ятий курс&nbsp; до\r\nХарківського Національного Університету Мистецтв імені Івана Котляревського до\r\nтеатрального факультету за спеціалізацією актор драматичного театру і кіно, на\r\nрівень спеціаліста, на заочну контрактну форму навчання на курс до заслуженого\r\nартиста України Гави Олександра Васильовича.</p>\r\n\r\n<p>У серпні 2011 року прийнятий до Донецького національного\r\nобласного академічного музично-драматичного театру&nbsp; на посаду артиста драми другої категорії.</p>\r\n\r\n<p>Навесні 2012 року здобув повну вищу освіту (спеціаліст) в\r\nХНУМ імені Івана Котляревського.</p>\r\n\r\n<p>У листопаді 2014 року прийнятий до Черкаського\r\nакадемічного обласного українського музично-драматичного театру імені Тараса\r\nГригоровича Шевченка на посаду артиста драми першої категорії.</p>','pietro-golubchienko','2014-10-01 20:05:20','2016-04-03 22:43:55',NULL,NULL,'roman',NULL),(65,165,'Катерина','Олейнікова','1992-12-15 00:00:00','actress','<p><b>Катерина Олейникова</b></p>\r\n\r\n<p>2009рік\r\n– &nbsp;перше місце в обласному\r\nогляді-конкурсі творчої молоді у рамках\"Дня відкритих дверей\" відділення культури Луганського обласного коледжу\r\nкультури та мистецтв.</p>\r\n\r\n<p>2007рік\r\n– обласний конкурс естрадних виконавців,\"Приз надія\".</p>\r\n\r\n<p>2009рік – перше місце в обласному традиційному конкурсі читців\r\nШевченкових творів \"Йду з дитинства до Тараса\".</p>\r\n\r\n<p>2002рік\r\n–перше місце у загальноміському конкурс вокально-хорових виконавців \"Маленька країна\".</p>\r\n\r\n<p>2008рік\r\n– місто Красний Луч&nbsp; загальноміський\r\nконкурс вокально-естрадних виконавців \"<a target=\"_blank\" rel=\"nofollow\"></a>Зоряний шлях\".</p>\r\n\r\n<p>2007рік – перше місце у загальноміському конкурсі читців\"Нові імена\" у містіКрасний Луч.</p>','katierina-olieinikova','2014-12-13 15:36:39','2016-04-03 23:08:58',NULL,NULL,'roman',NULL),(66,166,'Олена','Передрій','1990-11-03 01:00:00','actress','<p><b>Передрій Олена Миколаївна</b></p>\r\n\r\n<p>Народилася 3 листопада 1990 року в місті Дніпропетровськ. </p>\r\n\r\n<p>У 2009 році закінчила Дніпропетровський\r\nтеатрально-художній коледж за спеціальністю актор драматичного театру.&nbsp; </p>\r\n\r\n<p>У 2009-2014&nbsp;\r\nпрацювала в Луганському обласному &nbsp;академічному українському музично-драматичному\r\nтеатрі.\r\n</p>\r\n\r\n<p>У 2013 році&nbsp;\r\nзакінчила Луганську державну академію культури і мистецтв.</p>\r\n\r\n<p><b><i>Ролі в театрі</i></b><b>: </b></p>\r\n\r\n<p>\"Сяйво Монмартру\" –&nbsp; Нінон;</p>\r\n\r\n<p>&nbsp;\"Назар Стодоля\" – Галя;</p>\r\n\r\n<p>\"Шельменко-денщик\" –&nbsp; Прісєнька;</p>\r\n\r\n<p>&nbsp;\"Шалена співачка з Невідомим\" –&nbsp; Руслана;</p>\r\n\r\n<p>&nbsp;\"Поет і Княжна\" –&nbsp; Ліза;</p>\r\n\r\n<p>&nbsp;\"Хто викрав Новий рік? \" –&nbsp; Снігуронька;</p>\r\n\r\n<p>&nbsp;\"Дамських справ майстер\" –&nbsp; Галя;</p>\r\n\r\n<p>&nbsp;\"Чародії\" –&nbsp; Шемаханська Кіра Анатоліївна;</p>\r\n\r\n<p>&nbsp;\"Принцеса без горошини\" –&nbsp; Принцеса Сонечко;</p>\r\n\r\n<p>&nbsp;\"Степовий гість\" –&nbsp; Ївга;</p>\r\n\r\n<p>З&nbsp; вересня 2014\r\nроку працює у Черкаському академічному обласному українському&nbsp; музично-драматичному театрі імені Тараса&nbsp; Шевченка; </p>\r\n\r\n<p><b><i>Ролі:</i></b></p>\r\n\r\n<p>&nbsp;\"Кайдашева сім’я\" –&nbsp; Мотря;</p>\r\n\r\n<p>&nbsp;\"Дванадцять місяців\" –&nbsp; Принцеса;</p>\r\n\r\n<p>&nbsp;\"Сканінг\";</p>\r\n\r\n<p>&nbsp;\"Назар Стодоля\" –&nbsp; Дівчина;</p>\r\n\r\n<p>&nbsp;\"Серед грому і тиші\" –&nbsp; Таня, Буфетчиця, Молода мати;</p>\r\n\r\n<p>&nbsp;\"Шельменко-денщик\"<span> –&nbsp; <a target=\"_blank\" rel=\"nofollow\"></a>Євжені;</span></p>\r\n\r\n<p>&nbsp;\"Барвінок-герой\" –&nbsp; Ромашка.</p><br>','oliena-pieriedrii','2014-12-05 23:34:30','2015-06-13 18:12:53','2018-09-03 09:20:48',NULL,NULL,'roman'),(67,167,'Максим','Рижевол','1972-03-11 12:28:11','actor','В театрі з 2014 року','maksim-rizhievol','2014-12-07 19:27:11','2015-04-01 07:51:18','2015-09-15 10:27:37',NULL,NULL,'roman'),(68,231,'Олександр','Демешко','1990-01-01 00:00:00','actor','Народився','olieksandr-diemieshko','2015-04-08 17:00:07','2015-04-08 17:00:07','2015-09-15 10:27:37',NULL,NULL,'roman'),(69,302,'Ярослав','Литвин','1988-03-29 00:00:00','actor','З 1995 р. по 2005 р. навчався в  Кам\'янській загальноосвітній школі № 1, після закінчення якої у 2005 р. вступив до Черкаського національного універ','iaroslav-litvin','2015-04-09 10:31:37','2015-04-09 10:31:37','2015-09-15 10:27:37',NULL,NULL,'roman'),(70,413,'Максим','Рижевол','1984-07-10 00:00:00','actor','<p><b>Рижевол Максим Володимирович</b></p><p>Народився\r\n10 липня 1984 року. </p><p>З\r\n2000 до 2003 року навчався у Луганському коледжі культури і мистецтв за\r\nспеціальністю режисура видовищно-театралізованих заходів.</p><p>У\r\n2004 році вступив на заочну форму навчання до Луганської державної академії\r\nкультури і мистецтв, спеціальність актор театру і кіно.</p><p>У\r\n2009 році закінчив навчання.</p><p>З\r\n2005 до 2014 року працював у Луганському академічному українському\r\nмузично-драматичному театрі на посаді актора.</p><p>У\r\nвересні 2013 року звільнений за згодою сторін і прийнятий на посаду\r\nартиста-ляльковода вищої категорії до Луганського академічного театру ляльок.\r\nПрацював там до початку військових дій (30 червня 2014 року).</p><p>19\r\nвересня 2014 року почав працювати в Черкаському академічному обласному\r\nукраїнському музично-драматичному театрі імені Тараса Шевченка.</p><p><b><i>Ролі</i></b><b><i>:\r\n</i></b></p><p>Гамлет – \"Гамлет\" Вільям Шекспір (в перекладі Андруховича);</p><p>Клеонт – \"Міщанин-шляхтич\" Мольєр;</p><p>Син – \"Шість персонажів у пошуках автора\" Луїджі Піранделло;</p><p>Дяк – \"Сорочинський\r\nярмарок\" Микола Гоголь;</p><p>Батько Стецька – \"Сватання на\r\nГончарівці\" Григорій Квітка-Основ\'яненко;</p><p>Улас Забрьоха – \"Конотопська\r\nвідьма\" &nbsp;Григорій\r\nКвітка-Основ\'яненко;</p><p>Лука – \"Одружуйтесь! –\r\nабо йдіть до дідька\" &nbsp;Антон\r\nЧехов</p><p><b><i>&nbsp;</i></b></p><p><b><i>Ролі&nbsp; у Черкаському Театрі Шевченка:</i></b></p><p>Лаврін\r\n– \"Кайдашева\r\nсім\'я\"\r\nІван Нечуй-Левицький;</p><p>Олексій\r\n– \"Проста\r\nісторія\" Марія Ладо;</p><p>Барвінок\r\n– \"Барвінок-герой\" Богдан Чалий;</p><p>\r\n\r\n\r\n\r\n\r\n\r\n\r\n\r\n\r\n\r\n\r\n\r\n\r\n\r\n\r\n\r\n\r\n\r\n\r\n\r\n\r\n\r\n\r\n\r\n\r\n\r\n\r\n\r\n\r\n\r\n\r\n\r\n\r\n\r\n\r\n\r\n\r\n\r\n\r\n\r\n\r\n\r\n</p><p>Сахно\r\nЧерняк – \"Дума про братів Неазовських\" Ліна Костенко.</p><br><br>','maksim-rizhievol-1','2015-04-26 17:29:38','2016-04-03 23:13:01',NULL,NULL,'roman',NULL),(71,414,'Галина','Прохорчук','1990-01-05 00:00:00','actress','<p><b>Прохорчук Галина Олегівна</b></p><p>&nbsp;народилася\r\n5 січня 1990 року у місті Веймар (Німеччина) у сім’ї військовослужбовця і\r\nвчительки. Влітку 1991 року родина переїхала в Україну (м. Черкаси).</p><p><span>У\r\nвересні 1996 року вступила до 1 класу Смілянської гімназії, у 2000 році\r\nперейшла до Смілянської ЗОШ №4.<b>&nbsp;</b>Під\r\nчас навчання займалася&nbsp;спортивною\r\nі художньою гімнастикою, плаванням, спортивними, сучасними, бальними,\r\nнародними, класичними танцями, карате, відвідувала «Станцію юних туристів» -\r\nнайбільше запам’яталися походи у Криму та Карпатах.<br>\r\n&nbsp;&nbsp;&nbsp;&nbsp;&nbsp;&nbsp;&nbsp;&nbsp; У червні 2005 року завершила\r\nнавчання в Смілянській ЗОШ №4, одержала свідоцтво з відзнакою.</span></p><p>У\r\nлипні 2005 року вступила до Канівського училища культури і мистецтв за\r\nспеціальністю \"Народна художня творчість\".</p><p>Навесні\r\n2009 року стала переможцем обласного конкурсу читців ім. Т.Г.Шевченка з\r\nпоетичною композицією «Усі ми іскри Божого вогню».</p><p>У\r\nчервні 2009 року здобула кваліфікацію організатор культурно-дозвіллєвої діяльності,\r\nрежисер театралізованих народних свят і обрядів, викладач.</p><p>У\r\nлипні 2009 року вступила до Київського національного університету культури і\r\nмистецтв. Навчалася на курсі Нінель Антонівни Биченко (професор, заслужений\r\nдіяч мистецтв України, доцент кафедри театрального мистецтва, учениця знаного\r\nрежисера Михайла Верхацького, учня Леся Курбаса).</p><p><b>За\r\nчас навчання зіграла ролі:</b></p><p><i>Євгенія\r\nКононенко&nbsp;</i><span>«Рвані\r\nколготи»<br>\r\nАнна</span></p><p><i>Люко Дашвар&nbsp;</i><span>«Молоко\r\nз кров\'ю»<br>\r\nМаруся<br>\r\n<i>Віктор Вакуленко&nbsp;</i>«Пісня\r\nсерця»<br>\r\nКатя Чайка<br>\r\n<i>Олександр Вампілов&nbsp;</i>«Прощання\r\nв червні»<br>\r\nКомсорг</span></p><p><i>Віктор\r\nРозов&nbsp;</i>«Вічно\r\nживі»</p><p>Варвара\r\nКапітонівна</p><p><i>Іван\r\nНечуй-Левицький&nbsp;</i>«Бурлачка»</p><p>Василина</p><p><i>Михайло\r\nСтарицький&nbsp;</i><span>«Талан»<br>\r\nМарія Іванівна Лучицька</span></p><p><i>Михайло\r\nСтарицький&nbsp;</i><span>«По-модньому»<br>\r\nНаталка</span></p><p><i>Леся\r\nУкраїнка&nbsp;</i><span>«Лісова\r\nпісня»<br>\r\nМавка</span></p><p><i>Антон\r\nПавлович Чехов&nbsp;</i>«Вишневий\r\nсад»</p><p>Шарлотта\r\nІванівна</p><p><i>Жан-Батист\r\nПоклен Мольєр&nbsp;</i><span>«Дон\r\nЖуан або камінний гість»<br>\r\nШарлотта</span></p><p><i>Арістофан&nbsp;</i><span>«Лісістрата»<br>\r\nКалоніка</span></p><p><i>Микола\r\nКузьо&nbsp;</i><span>«Прости\r\nі помилуй»<br>\r\nГаля</span></p><p><i>Тетяна\r\nМакарська&nbsp;</i><span>«Вогник\r\nпо вітру»<br>\r\nВіра<br>\r\n<i>Марко Кропивницький&nbsp;</i>«Глитай\r\nабо ж павук»<br>\r\nСтеха</span></p><p><i>Максим\r\nГорький&nbsp;</i><span>«Васса\r\nЖелезнова»<br>\r\nНаталія Железнова<br>\r\n<i>Тарас Шевченко&nbsp;</i>«Назар\r\nСтодоля»<br>\r\nГаля</span></p><p>У\r\nчервні 2013 року закінчила Київський національний університет культури і\r\nмистецтв і отримала базову вищу освіту за напрямком підготовки \"Театральне\r\nмистецтво\" та здобула кваліфікацію бакалавра театрального мистецтва. Маю\r\nчервоний диплом.</p><p>У\r\nлипні 2013 року вступила до Київський національний університет культури і\r\nмистецтв для отримання кваліфікації спеціаліста.</p><p>У\r\nчервні 2014 році закінчила Київський національний університет культури і\r\nмистецтв і отримала повну вищу освіту за спеціальністю \"Театральне\r\nмистецтво\" та здобула кваліфікацію актора драматичного театру.</p><p>З\r\nвересня 2014 року працюю у Черкаському академічному обласному українському\r\nмузично – драматичному театрі ім.Т.Г.Шевченка.</p><p><b>Ролі\r\nв театрі:</b></p><p><span>\"Кайдашева\r\nсім\'я\"&nbsp;<i>Мелашка</i>,\r\n\"Дорога до сонця\"&nbsp;<i>Каченя</i>,\r\n\"Сканінг\"&nbsp;<i>Виконавець</i>,\r\n\"Барвінок-герой\"&nbsp;<i>Редиска</i>,\r\n\"Дуже проста історія\"&nbsp;<i>Даша</i>,\r\n\"Дума про братів Неазовських\"&nbsp;<i>Дружина</i>&nbsp;<i>Черняка, \"</i>Аладдін<i>\"\r\nПринцеса,\"</i>TheБілохалатність<i>\" Медсестра.</i></span></p><p>&nbsp;</p><p>Пишу\r\nвислови, вірші, новели, оповідання. Маю невеличку збірку «Думки на папері».</p><p><b>&nbsp;</b></p><p><b><i>Перше\r\nпобачення</i></b></p><p><i>&nbsp;</i></p><p><i>Я\r\nодягла на себе найкращі зорі,</i></p><p><i>Підперезалась\r\nвеселкою</i></p><p><i>І\r\nсколола волосся блискавкою.</i></p><p><i>В\r\nочах – вальсує сонце.</i></p><p><i>Я\r\nйду, освячена дощем,</i></p><p><i>Благословенна\r\nнебом,</i></p><p><i>І\r\nдуже хочу йому сподобатись.</i></p><p><i>&nbsp;</i></p><p><i>***</i></p><p><i>Я\r\nпрокинуся для того,</i></p><p><i>Щоб\r\nсказать тобі «люблю».</i></p><p><i>Посміхнувшись\r\nсвітанково,</i></p><p><i>Зацілуєш\r\nдушу ти мою.</i></p><p><i>Росянисто\r\nкліпну оком –</i></p><p><i>Я\r\nщаслива! Я лечу!</i></p><p><i>Лебедино\r\nрік за роком</i></p><p><i>Прокидаюсь\r\n– бо люблю!</i></p><p>***</p><p><b>Хобі:</b>&nbsp;кінний спорт, співи,\r\nрукоділля, садівництво, туризм, література, риболовля, люблю збирати гриби.</p><p>\r\n\r\n\r\n\r\n\r\n\r\n\r\n\r\n\r\n\r\n\r\n\r\n\r\n\r\n\r\n\r\n\r\n\r\n\r\n\r\n\r\n\r\n\r\n\r\n\r\n\r\n\r\n\r\n\r\n\r\n\r\n\r\n\r\n\r\n\r\n\r\n\r\n\r\n\r\n\r\n\r\n\r\n\r\n\r\n\r\n\r\n\r\n\r\n\r\n\r\n\r\n\r\n\r\n\r\n\r\n\r\n\r\n\r\n\r\n\r\n\r\n\r\n\r\n\r\n\r\n\r\n\r\n\r\n\r\n\r\n\r\n\r\n\r\n\r\n\r\n\r\n\r\n\r\n\r\n\r\n\r\n\r\n\r\n\r\n\r\n\r\n\r\n\r\n\r\n\r\n\r\n\r\n\r\n\r\n\r\n\r\n\r\n\r\n\r\n\r\n\r\n\r\n\r\n\r\n\r\n\r\n\r\n\r\n</p><p><b>Життєве\r\nкредо:</b>&nbsp;«Я\r\nобираю Щастя!»</p>','galina-prokhorchuk','2015-04-26 17:36:59','2016-12-30 14:45:27',NULL,NULL,'roman',NULL),(72,NULL,'Олег','Стефан','1980-01-01 00:00:00','actor','Лауреат Національної премії імені Т.Г.Шевченка','oliegh-stiefan','2015-05-08 21:48:01','2015-05-08 21:48:01','2015-06-13 17:52:56',NULL,NULL,NULL),(73,498,'Фестиваль','\"Сцена людства 2015\"','2015-05-22 00:00:00','actor','Фестиваль проходить з 22 по 29 травня','fiestival-stsiena-liudstva-2015','2015-05-12 19:05:24','2015-05-12 19:05:24','2015-06-13 17:52:43',NULL,NULL,NULL),(74,731,'Тетяна','Триус','1963-04-17 00:00:00','stage_manager','<p>Народилася\r\nу містечку Червонопартизанськ Ворошиловградської області.<br></p>\r\n\r\n<p>05.1978&nbsp;р.\r\n– закінчила на «відмінно» музичну школу №1 та ЗОСШ №25 м.&nbsp;Кременчука.<strong> </strong></p>\r\n\r\n<p>06.1982 р.\r\n– закінчила Полтавське музичне училище імені М.В. Лисенка по класу «Теорія\r\nмузики». </p>\r\n\r\n<p>06.1988\r\nр.&nbsp;– закінчила Київський державний інститут культури імені О.Є. Корнійчука&nbsp; за спеціальністю «Хормейстер».</p>\r\n\r\n<p>09.1990 – 09.2007 р.р.&nbsp;– Художній керівник Зразкового\r\nмузично-театрального колективу для дітей \"МОЗАЇКА\" Першої міської гімназії м.&nbsp;Черкаси. Нагороджена знаком «Відмінник\r\nосвіти України».</p>\r\n\r\n<p>24.10.1995 р. – відбулась\r\nпрем\'єра спільної роботи \"МОЗАЇКИ\" і театру\r\nу виставі А. Горіна та Е. Яворського \"Браво, Маестрику!\", де головну\r\nроль виконував вихованець колективу Артем Чередник.</p>\r\n\r\n<p>26.04.1996\r\nр. – співорганізатор Дитячого благодійного україно-канадського проекту «На\r\nкрилах білого Ангела» за участю Джона Вайта з Міжнародного дитячого фонду «Light The Way» і підтримки театру. Режисер-постановник вистави&nbsp;– Віктор Коломієць, хореограф – Володимир Татаринов.</p>\r\n\r\n<p>12.1996 –\r\n03.2001 р.р. – автор і постановник творчих проектів для дітей на сцені театру:\r\n«Хлопчик-Зірка», «Christmas», «Пригоди Еллі та її друзів», конкурс «Творчість і\r\nкраса – 2000»; за участю: Н. Коломієць, Н. Вігран, І.&nbsp;Маслової, І. Кіндик,\r\nГ. Коваля та інших фахівців театру.</p>\r\n\r\n<p>07.2001 р.\r\n– художній керівник гурту-учасника 55-го Міжнародного фестивалю народної пісні\r\nй танцю «Llangollen International musical eisteddfod», де представляла Черкащину у Великій Британії (IV місце у\r\nномінації «народна пісня», акапела).</p>\r\n\r\n<p>10.2010 р. – отримала сертифікат психолога-консультанта в методі «Позитивна\r\nПсихотерапія». Вивчала використання арт-методів у психології. 05.2011 р. – член\r\nУкраїнської Спілки Психотерапевтів. </p>\r\n\r\n<p>10.2015 р.\r\n– закінчила Черкаський національний університет за спеціальністю «Практичний\r\nпсихолог».&nbsp;&nbsp;&nbsp; &nbsp;&nbsp;&nbsp;&nbsp;</p>\r\n\r\n<p>&nbsp;Працює в театрі з 01.10.2014 р.&nbsp;</p>\r\n\r\n<p>&nbsp;Помічник\r\nрежисера у нових виставах:</p>\r\n\r\n<p>·&nbsp;&nbsp;&nbsp;&nbsp;&nbsp;&nbsp;&nbsp;\r\n«Серед грому і тиші»;</p>\r\n\r\n<p>·&nbsp;&nbsp;&nbsp;&nbsp;&nbsp;&nbsp;&nbsp;\r\n«Барвінок-герой»;</p>\r\n\r\n<p>·&nbsp;&nbsp;&nbsp;&nbsp;&nbsp;&nbsp;&nbsp;\r\n«Така любов»;</p>\r\n\r\n<p>·&nbsp;&nbsp;&nbsp;&nbsp;&nbsp;&nbsp;&nbsp;\r\n«Всі миші люблять\r\nсир»;</p>\r\n\r\n<p>·&nbsp;&nbsp;&nbsp;&nbsp;&nbsp;&nbsp;&nbsp;\r\n«Троє поросят»;</p>\r\n\r\n<p>·&nbsp;&nbsp;&nbsp;&nbsp;&nbsp;&nbsp;&nbsp;\r\n«Танго Марії».</p>','tietiana-trius','2016-04-26 12:50:54','2016-05-10 12:59:05',NULL,'roman','roman',NULL),(75,753,'Петро','Ластівка','1957-01-04 00:00:00','theatre_director_art_director','<p>Народився 4 січня 1957 року в\r\nУжгороді в акторській сім\'ї. Батько - Ластівка Петро Трохимович (05.07.1922),\r\nзаслужений артист України (1972), народний артист України (1980), артист театру\r\nі кіно, літератор, інвалід, ветеран, учасник бойових дій Другої Світової війни.\r\nМама - Божко-Ластівка Марія Олександрівна (14.03.1926 - 9.06.2004 р.р), актриса\r\nтеатру. З 5 років Петро почав грати на сцені Тернопільського облмуздрамтеатру\r\nімені Т.Г.Шевченка у виставах знаменитих режисерів - народного артиста СРСР\r\nВолодимира Грипича та народного артиста України Ярослава Геляса. З 12 років\r\nпочав зніматися в кіно: «Чортова дюжина» - роль Петька (1970), «Вершники» -\r\nдвосерійний телефільм, головна роль Борьки ІІІтепи (1971) Одеська кіностудія,\r\n«Дума про Ковпака» кіноепопея в чотирьох серіях, роль Радика Руднєва (1971-1976\r\nроки) кіностудія імені О.Довженка, «Кордон» 6-та серія роль лейтенанта\r\nЗаболотного «Білорусьфільм». Великий вплив на духовне виховання Петра мала\r\nбабуся Устя, яка жила разом і навчала хлопця любові до українства, християнства\r\nта розповідала заборонені сімейні таємниці. Бабуся Устинія Василівна (Івашко)\r\nЛастівка (1899-1992), дідусь Трохим Мартинович Ластівка (1899 - 1928), обидва з\r\nродин заможних хліборобів, дідусь служив у стрілецьких загонах С.Петлюри. В\r\nселі Савинці Рокитнянського району Київської області вони «співали Наталку та\r\nПетра» з «Наталки Полтавки» І.Котляревського та М.Лисенка.</p><p>Бабуся Пелагея Яківна (Біленко) Божко (08.10.1908 -\r\n21.11.1995 р.р.) (з священиків) та дідусь Олександр Євстахович Божко (з\r\nфабрикантів) давали Петру уроки сімейної злагоди, любові. Дядько Петра\r\nВолодимир Олександрович Божко (26.07.1929 - 11.09.1997 р.р.), заслужений діяч\r\nмистецтв України (1996), театральний режисер, головний режисер\r\nДніпропетровського, нині академічного, українського муздрамтеатру імені\r\nТ.Шевченка (1971-1978 р.р.; 1992-1997 р.р.), Лауреат Міжнародної премії ім.\r\nПилипа Орлика. До інституту, тепер Київський національний університет театру,\r\nкіно і телебачення імені І.Карпенка-Карого, Петро вступив зразу після\r\nзакінчення школи 1974 року і 1979 року закінчив режисерське відділення (курс\r\nМихайла Рудіна (Шермана), викладач режисури Володимир Неллі-Влад). Диплом\r\nзахистив виставою «Дикий ангел» О.Коломійця в Одеському українському театрі\r\nімені Жовтневої революції (тепер академічний імені В.Василька). Підчас навчання\r\nпрактикувався в режисерів: Анатолій Ефрос, Юрій Любімов, Андрій Гончаров, Олег\r\nЄфремов, Борис Равенських, Георгій Товстоногов. Після закінчення інституту брав\r\nучасть в навчально-науковій лабораторії сценографів та режисерів Михайла\r\nФренкеля при УТТ (тепер НСТДУ). За дванадцять років існування лабораторії її\r\nучасники побували в оглядових турах в усіх столицях республік СРСР, містах\r\nУкраїни: від Сум до Ужгорода, від Чернігова до Одеси. З 1979 до 1988 року\r\nпрацював режисером-постановником в Чернігівському, нині академічному,\r\nукраїнському облмуздрамтеатрі ім. Т.Шевченка. Сини - гордість Петра Ластівки:\r\nПетро (15.08.1977) дизайнер-технолог, Юрій (29.05.1981) - теле та кінорежисер,\r\nонук Юрій (10.03.2000) - школяр.</p><p>1980-1981 р.р. - служба в армії\r\n(Східний Казахстан, біля кордону з Китаєм). В Чернігівському драматичному\r\nтеатрі здійснив постановки вистав: «Мартин Боруля»</p><p>І.Карпенка-Карого, «Ромео і\r\nДжульєтта» В.Шекспіра, «Серце Луїджи» І.Буковчана, «Поріг» О.Дударєва,\r\n«Провінціалки» Я.Стельмаха, «Театр часів Нерона та Сенеки» Е.Радзінського. З\r\n1988 року до 1992 р.р. - головний режисер Тернопільського, нині академічного,\r\nдраматичного театру імені Т.Шевченка. («Вікторина» Фінна Метлінга, «Сон»\r\nО.Білецького, З.Саганова за Тарасом Шевченком, «Мина Мазайло» М.Куліша, «Іван\r\nСірко» («Про що тирса шелестіла») С.Черкасенка, «Гетьман Дорошенко»\r\nЛ.Старицької-Черняхівської), «Гамлет» В.Шекспіра.</p><p>З 1993 до 2011 - вільний режисер.\r\n(Кишинівський театр імені А.Чехова, Дніпропетровський ТЮГ, Волинський\r\nакадемічний обласний український музично- драматичний театр імені Тараса\r\nШевченка «Калігула» А.Камю, Запорізький молодіжний театр, Орловський молодіжний\r\nтеатр, Волинський академічний обласний український музично-драматичний театр\r\nімені Тараса Шевченка «Приборкання норовливої» В.Шекспіра, Львівський Перший\r\nтеатр для дітей та юнацтва «Перстень спокуси» за І.Франком, «Юда» («Ціна\r\nкрові») С.Черкасенка, Тернопільський академічний драмтеатр ім. Т.Шевченка\r\n«Марія Тюдор» Віктора Гюго, «Філумена Мартурано» Едуардо де Філіппо, Волинський\r\nакадемічний український облмуздрамтеатр ім. Т.Шевченка «Вісім люблячих жінок»\r\nР.Тома, «Мартин Боруля» І.Карпенка-Карого, «Тригрошова опера» Б.Брехта та\r\nК.Вейля, «Моя чарівна леді» лібрето та вірші А.Дж.Лернера, муз. Ф.Лоу за Б.Шоу\r\n«Пігмаліон», «Без вини винні» О.Островського, «Дерева помирають стоячи»\r\nА.Касони, «Северин Наливайко» П.Ластівки за С.Черкасенком, Г.Кониським,\r\nП.Кулішем, «Кармен» П.Ластівки за П.Меріме, муз. Ж.Бізе та Ж.Бізе-Р.Щєдріна.</p><p>З 1996 до 2005 року-директор ТОВ\r\n«Радіо ТОН» 103.5РМ, місто Тернопіль, з 2005 до 2010- радник Президента\r\nкомпанії.</p><p>З 2011 року-художній керівник Волинського академічного\r\nобласного українського музично-драматичного театру імені Т.Г.Шевченка.\r\n«Одкровення від Мазепи» П.Ластівки за драмою Олелька Островського, «Дон Жуан»\r\n(музична комедія-буф) Ж.- Б.Мольєра та В.А.Моцарта, «Гамлет», «Ромео і\r\nДжульєтта» В.Шекспіра, «За двома зайцями» М.Старицького, І.Нечуя-Левицького «На\r\nКожум\'яках», сценічна версія П.Ластівки, «Назар Стодоля» Т.Шевченка, цикл\r\n«Портрети українських письменників».</p><p>З 8 лютого 2017 року - директор – художній керівник Комунального закладу\r\n«Черкаський академічний обласний український музично – драматичний театр імені\r\nТ. Г. Шевченка Черкаської обласної ради»</p><p>Дружина - провідна актриса Волинського академічного\r\nобласного українського музично-драматичного театру імені Тараса Шевченка Олена\r\nЛастівка.</p><p>НАГОРОДИ:</p><p>Ластівка Петро Петрович</p><p>1 грудня 2009 року присвоєне почесне звання\r\n«Заслужений діяч мистецтв України» Грамоти, дипломи і подяки:</p><p>1.&nbsp;&nbsp;&nbsp;&nbsp;&nbsp;&nbsp;&nbsp;&nbsp;&nbsp;&nbsp;&nbsp;&nbsp;&nbsp;&nbsp;&nbsp;\r\nПодяка управління культури луцької міської ради «За\r\nтворчу співпрацю, активну участь у культурно-мистецькому житті м.Луцька та з\r\nнагоди Міжнародного дня театру»</p><p>2.&nbsp;&nbsp;&nbsp;&nbsp;&nbsp;&nbsp;&nbsp;&nbsp;&nbsp;&nbsp;&nbsp;&nbsp;&nbsp;&nbsp;&nbsp;\r\nПодяка Луцького міського голови «За сприяння в\r\nорганізації і проведенні святкових заходів з нагоди 16-ї річниці Незалежності\r\nУкраїни і Дня міста Луцька, проявлену творчу активність режисеру\r\nтеатралізованого дійства «Древнє місто над Стиром»</p><p>3.&nbsp;&nbsp;&nbsp;&nbsp;&nbsp;&nbsp;&nbsp;&nbsp;&nbsp;&nbsp;&nbsp;&nbsp;&nbsp;&nbsp;&nbsp;\r\nПочесна грамота Голови НСТДУ «За успішне проведення\r\nвсеукраїнського фестивалю «Леся Українка на сцені», вірність театральній справі\r\nв Україні»</p><p>4.&nbsp;&nbsp;&nbsp;&nbsp;&nbsp;&nbsp;&nbsp;&nbsp;&nbsp;&nbsp;&nbsp;&nbsp;&nbsp;&nbsp;&nbsp;\r\nДиплом Голови НСТДУ «Премія імені Володимира\r\nБлавацького (США, Україна)»</p><p>5.&nbsp;&nbsp;&nbsp;&nbsp;&nbsp;&nbsp;&nbsp;&nbsp;&nbsp;&nbsp;&nbsp;&nbsp;&nbsp;&nbsp;&nbsp;\r\nПодяка директора Волинського Краєзнавчого музею,\r\nзавідувача художнього музею «За розвиток українського театру, самовіддане\r\nслужіння українській національній ідеї, правдивість трактування вітчизняної\r\nісторії в постановці спектаклю «Мазепа»</p><p>6.&nbsp;&nbsp;&nbsp;&nbsp;&nbsp;&nbsp;&nbsp;&nbsp;&nbsp;&nbsp;&nbsp;&nbsp;&nbsp;&nbsp;&nbsp;\r\nДиплом лауреата мистецької премії «Бронек» за\r\nпостановку вистави «Гамлет»</p><p>7.&nbsp;&nbsp;&nbsp;&nbsp;&nbsp;&nbsp;&nbsp;&nbsp;&nbsp;&nbsp;&nbsp;&nbsp;&nbsp;&nbsp;&nbsp;\r\nДиплом лауреата премії ЛМВ НСТД України «Галицька\r\nМельпомена» за виставу «Гамлет»</p><p>8.&nbsp;&nbsp;&nbsp;&nbsp;&nbsp;&nbsp;&nbsp;&nbsp;&nbsp;&nbsp;&nbsp;&nbsp;&nbsp;&nbsp;&nbsp;\r\nПодяка Луцького міського голови за сумлінну працю,\r\nвагомий особистий внесок у розвиток театрального мистецтва та з нагоди 70-річчя\r\nтеатру.</p><p>\r\n\r\n\r\n\r\n\r\n\r\n\r\n\r\n\r\n\r\n\r\n\r\n\r\n\r\n\r\n\r\n\r\n\r\n\r\n\r\n\r\n\r\n\r\n\r\n\r\n\r\n\r\n\r\n\r\n\r\n\r\n\r\n\r\n\r\n\r\n\r\n\r\n\r\n\r\n\r\n</p><p>9.&nbsp;&nbsp;&nbsp;&nbsp;&nbsp;&nbsp;&nbsp;&nbsp;&nbsp;&nbsp;&nbsp;&nbsp;&nbsp;&nbsp;&nbsp;\r\nДиплом за участь у міжнародній науково-мистеькій\r\nконференції «Магія Чехова» Україна.</p>','pietro-lastivka','2017-02-09 09:58:16','2017-02-09 10:24:03',NULL,'roman','roman',NULL),(76,771,'Олена','Ластівка','1975-12-21 00:00:00','leading_artist_scene','Провідний майстер сцени','oliena-lastivka','2017-05-18 15:14:49','2017-05-18 15:14:49',NULL,'roman','roman',NULL);
/*!40000 ALTER TABLE `employees` ENABLE KEYS */;
UNLOCK TABLES;

--
-- Table structure for table `ext_translations`
--

DROP TABLE IF EXISTS `ext_translations`;
/*!40101 SET @saved_cs_client     = @@character_set_client */;
/*!40101 SET character_set_client = utf8 */;
CREATE TABLE `ext_translations` (
  `id` int(11) NOT NULL AUTO_INCREMENT,
  `locale` varchar(8) COLLATE utf8_unicode_ci NOT NULL,
  `object_class` varchar(255) COLLATE utf8_unicode_ci NOT NULL,
  `field` varchar(32) COLLATE utf8_unicode_ci NOT NULL,
  `foreign_key` varchar(64) COLLATE utf8_unicode_ci NOT NULL,
  `content` longtext COLLATE utf8_unicode_ci,
  PRIMARY KEY (`id`),
  UNIQUE KEY `lookup_unique_idx` (`locale`,`object_class`,`field`,`foreign_key`),
  KEY `translations_lookup_idx` (`locale`,`object_class`,`foreign_key`)
) ENGINE=InnoDB DEFAULT CHARSET=utf8 COLLATE=utf8_unicode_ci;
/*!40101 SET character_set_client = @saved_cs_client */;

--
-- Dumping data for table `ext_translations`
--

LOCK TABLES `ext_translations` WRITE;
/*!40000 ALTER TABLE `ext_translations` DISABLE KEYS */;
/*!40000 ALTER TABLE `ext_translations` ENABLE KEYS */;
UNLOCK TABLES;

--
-- Table structure for table `galleryhasmedia_translation`
--

DROP TABLE IF EXISTS `galleryhasmedia_translation`;
/*!40101 SET @saved_cs_client     = @@character_set_client */;
/*!40101 SET character_set_client = utf8 */;
CREATE TABLE `galleryhasmedia_translation` (
  `id` int(11) NOT NULL AUTO_INCREMENT,
  `object_id` int(11) DEFAULT NULL,
  `locale` varchar(8) COLLATE utf8_unicode_ci NOT NULL,
  `field` varchar(32) COLLATE utf8_unicode_ci NOT NULL,
  `content` longtext COLLATE utf8_unicode_ci,
  PRIMARY KEY (`id`),
  UNIQUE KEY `lookup_unique_galleryhasmedia_translation_idx` (`locale`,`object_id`,`field`),
  KEY `IDX_A9611D6F232D562B` (`object_id`),
  CONSTRAINT `FK_A9611D6F232D562B` FOREIGN KEY (`object_id`) REFERENCES `media__gallery_media` (`id`) ON DELETE CASCADE
) ENGINE=InnoDB AUTO_INCREMENT=241 DEFAULT CHARSET=utf8 COLLATE=utf8_unicode_ci;
/*!40101 SET character_set_client = @saved_cs_client */;

--
-- Dumping data for table `galleryhasmedia_translation`
--

LOCK TABLES `galleryhasmedia_translation` WRITE;
/*!40000 ALTER TABLE `galleryhasmedia_translation` DISABLE KEYS */;
INSERT INTO `galleryhasmedia_translation` VALUES (1,1,'en','title','No translation for this title'),(2,1,'en','description','No translation for this text'),(3,2,'en','title','No translation for this title'),(4,2,'en','description','No translation for this text'),(5,3,'en','title','No translation for this title'),(6,3,'en','description','No translation for this text'),(7,4,'en','title','No translation for this title'),(8,4,'en','description','No translation for this text'),(9,5,'en','title','No translation for this title'),(10,5,'en','description','No translation for this text'),(11,6,'en','title','No translation for this title'),(12,6,'en','description','No translation for this text'),(13,7,'en','title','No translation for this title'),(14,7,'en','description','No translation for this text'),(15,8,'en','title','No translation for this title'),(16,8,'en','description','No translation for this text'),(17,9,'en','title','No translation for this title'),(18,9,'en','description','No translation for this text'),(19,10,'en','title','No translation for this title'),(20,10,'en','description','No translation for this text'),(21,11,'en','title','No translation for this title'),(22,11,'en','description','No translation for this text'),(23,12,'en','title','No translation for this title'),(24,12,'en','description','No translation for this text'),(25,13,'en','title','No translation for this title'),(26,13,'en','description','No translation for this text'),(27,14,'en','title','No translation for this title'),(28,14,'en','description','No translation for this text'),(29,15,'en','title','No translation for this title'),(30,15,'en','description','No translation for this text'),(31,16,'en','title','No translation for this title'),(32,16,'en','description','No translation for this text'),(33,17,'en','title','No translation for this title'),(34,17,'en','description','No translation for this text'),(35,18,'en','title','No translation for this title'),(36,18,'en','description','No translation for this text'),(37,19,'en','title','No translation for this title'),(38,19,'en','description','No translation for this text'),(39,20,'en','title','No translation for this title'),(40,20,'en','description','No translation for this text'),(41,21,'en','title','No translation for this title'),(42,21,'en','description','No translation for this text'),(43,22,'en','title','No translation for this title'),(44,22,'en','description','No translation for this text'),(45,23,'en','title','No translation for this title'),(46,23,'en','description','No translation for this text'),(47,24,'en','title','No translation for this title'),(48,24,'en','description','No translation for this text'),(49,25,'en','title','No translation for this title'),(50,25,'en','description','No translation for this text'),(51,26,'en','title','No translation for this title'),(52,26,'en','description','No translation for this text'),(53,27,'en','title','No translation for this title'),(54,27,'en','description','No translation for this text'),(55,28,'en','title','No translation for this title'),(56,28,'en','description','No translation for this text'),(57,29,'en','title','No translation for this title'),(58,29,'en','description','No translation for this text'),(59,30,'en','title','No translation for this title'),(60,30,'en','description','No translation for this text'),(61,31,'en','title','No translation for this title'),(62,31,'en','description','No translation for this text'),(63,32,'en','title','No translation for this title'),(64,32,'en','description','No translation for this text'),(65,33,'en','title','No translation for this title'),(66,33,'en','description','No translation for this text'),(67,34,'en','title','No translation for this title'),(68,34,'en','description','No translation for this text'),(69,35,'en','title','No translation for this title'),(70,35,'en','description','No translation for this text'),(71,36,'en','title','No translation for this title'),(72,36,'en','description','No translation for this text'),(73,37,'en','title','No translation for this title'),(74,37,'en','description','No translation for this text'),(75,38,'en','title','No translation for this title'),(76,38,'en','description','No translation for this text'),(77,39,'en','title','No translation for this title'),(78,39,'en','description','No translation for this text'),(79,40,'en','title','No translation for this title'),(80,40,'en','description','No translation for this text'),(81,41,'en','title','No translation for this title'),(82,41,'en','description','No translation for this text'),(83,42,'en','title','No translation for this title'),(84,42,'en','description','No translation for this text'),(85,43,'en','title','No translation for this title'),(86,43,'en','description','No translation for this text'),(87,44,'en','title','No translation for this title'),(88,44,'en','description','No translation for this text'),(89,45,'en','title','No translation for this title'),(90,45,'en','description','No translation for this text'),(91,46,'en','title','No translation for this title'),(92,46,'en','description','No translation for this text'),(93,47,'en','title','No translation for this title'),(94,47,'en','description','No translation for this text'),(95,48,'en','title','No translation for this title'),(96,48,'en','description','No translation for this text'),(97,49,'en','title','No translation for this title'),(98,49,'en','description','No translation for this text'),(99,50,'en','title','No translation for this title'),(100,50,'en','description','No translation for this text'),(101,51,'en','title','No translation for this title'),(102,51,'en','description','No translation for this text'),(103,52,'en','title','No translation for this title'),(104,52,'en','description','No translation for this text'),(105,53,'en','title','No translation for this title'),(106,53,'en','description','No translation for this text'),(107,54,'en','title','No translation for this title'),(108,54,'en','description','No translation for this text'),(109,55,'en','title','No translation for this title'),(110,55,'en','description','No translation for this text'),(111,56,'en','title','No translation for this title'),(112,56,'en','description','No translation for this text'),(113,57,'en','title','No translation for this title'),(114,57,'en','description','No translation for this text'),(115,58,'en','title','No translation for this title'),(116,58,'en','description','No translation for this text'),(117,59,'en','title','No translation for this title'),(118,59,'en','description','No translation for this text'),(119,60,'en','title','No translation for this title'),(120,60,'en','description','No translation for this text'),(121,61,'en','title','No translation for this title'),(122,61,'en','description','No translation for this text'),(123,62,'en','title','No translation for this title'),(124,62,'en','description','No translation for this text'),(125,63,'en','title','No translation for this title'),(126,63,'en','description','No translation for this text'),(127,64,'en','title','No translation for this title'),(128,64,'en','description','No translation for this text'),(129,65,'en','title','No translation for this title'),(130,65,'en','description','No translation for this text'),(131,66,'en','title','No translation for this title'),(132,66,'en','description','No translation for this text'),(133,67,'en','title','No translation for this title'),(134,67,'en','description','No translation for this text'),(135,68,'en','title','No translation for this title'),(136,68,'en','description','No translation for this text'),(137,69,'en','title','No translation for this title'),(138,69,'en','description','No translation for this text'),(139,70,'en','title','No translation for this title'),(140,70,'en','description','No translation for this text'),(141,71,'en','title','No translation for this title'),(142,71,'en','description','No translation for this text'),(143,72,'en','title','No translation for this title'),(144,72,'en','description','No translation for this text'),(145,73,'en','title','No translation for this title'),(146,73,'en','description','No translation for this text'),(147,74,'en','title','No translation for this title'),(148,74,'en','description','No translation for this text'),(149,75,'en','title','No translation for this title'),(150,75,'en','description','No translation for this text'),(151,76,'en','title','No translation for this title'),(152,76,'en','description','No translation for this text'),(153,77,'en','title','No translation for this title'),(154,77,'en','description','No translation for this text'),(155,78,'en','title','No translation for this title'),(156,78,'en','description','No translation for this text'),(157,79,'en','title','No translation for this title'),(158,79,'en','description','No translation for this text'),(159,80,'en','title','No translation for this title'),(160,80,'en','description','No translation for this text'),(161,81,'en','title','No translation for this title'),(162,81,'en','description','No translation for this text'),(163,82,'en','title','No translation for this title'),(164,82,'en','description','No translation for this text'),(165,83,'en','title','No translation for this title'),(166,83,'en','description','No translation for this text'),(167,84,'en','title','No translation for this title'),(168,84,'en','description','No translation for this text'),(169,85,'en','title','No translation for this title'),(170,85,'en','description','No translation for this text'),(171,86,'en','title','No translation for this title'),(172,86,'en','description','No translation for this text'),(173,87,'en','title','No translation for this title'),(174,87,'en','description','No translation for this text'),(175,88,'en','title','No translation for this title'),(176,88,'en','description','No translation for this text'),(177,89,'en','title','No translation for this title'),(178,89,'en','description','No translation for this text'),(179,90,'en','title','No translation for this title'),(180,90,'en','description','No translation for this text'),(181,91,'en','title','No translation for this title'),(182,91,'en','description','No translation for this text'),(183,92,'en','title','No translation for this title'),(184,92,'en','description','No translation for this text'),(185,93,'en','title','No translation for this title'),(186,93,'en','description','No translation for this text'),(187,94,'en','title','No translation for this title'),(188,94,'en','description','No translation for this text'),(189,95,'en','title','No translation for this title'),(190,95,'en','description','No translation for this text'),(191,96,'en','title','No translation for this title'),(192,96,'en','description','No translation for this text'),(193,97,'en','title','No translation for this title'),(194,97,'en','description','No translation for this text'),(195,98,'en','title','No translation for this title'),(196,98,'en','description','No translation for this text'),(197,99,'en','title','No translation for this title'),(198,99,'en','description','No translation for this text'),(199,100,'en','title','No translation for this title'),(200,100,'en','description','No translation for this text'),(201,108,'en','title',NULL),(202,108,'en','description',NULL),(203,109,'en','title',NULL),(204,109,'en','description',NULL),(205,110,'en','title',NULL),(206,110,'en','description',NULL),(207,111,'en','title',NULL),(208,111,'en','description',NULL),(209,112,'en','title',NULL),(210,112,'en','description',NULL),(211,113,'en','title',NULL),(212,113,'en','description',NULL),(213,135,'en','title',NULL),(214,135,'en','description',NULL),(215,136,'en','title',NULL),(216,136,'en','description',NULL),(217,140,'en','title',NULL),(218,140,'en','description',NULL),(219,141,'en','title',NULL),(220,141,'en','description',NULL),(221,142,'en','title',NULL),(222,142,'en','description',NULL),(223,143,'en','title',NULL),(224,143,'en','description',NULL),(225,144,'en','title',NULL),(226,144,'en','description',NULL),(227,101,'en','title',NULL),(228,101,'en','description',NULL),(229,102,'en','title',NULL),(230,102,'en','description',NULL),(231,103,'en','title',NULL),(232,103,'en','description',NULL),(233,104,'en','title',NULL),(234,104,'en','description',NULL),(235,105,'en','title',NULL),(236,105,'en','description',NULL),(237,106,'en','title',NULL),(238,106,'en','description',NULL),(239,107,'en','title',NULL),(240,107,'en','description',NULL);
/*!40000 ALTER TABLE `galleryhasmedia_translation` ENABLE KEYS */;
UNLOCK TABLES;

--
-- Table structure for table `history`
--

DROP TABLE IF EXISTS `history`;
/*!40101 SET @saved_cs_client     = @@character_set_client */;
/*!40101 SET character_set_client = utf8 */;
CREATE TABLE `history` (
  `id` int(11) NOT NULL AUTO_INCREMENT,
  `title` varchar(255) COLLATE utf8_unicode_ci NOT NULL,
  `text` longtext COLLATE utf8_unicode_ci,
  `dateTime` datetime NOT NULL,
  `slug` varchar(255) COLLATE utf8_unicode_ci NOT NULL,
  `createdAt` datetime NOT NULL,
  `updatedAt` datetime DEFAULT NULL,
  `deletedAt` datetime DEFAULT NULL,
  `mainPicture_id` int(11) DEFAULT NULL,
  `createdBy` varchar(255) COLLATE utf8_unicode_ci DEFAULT NULL,
  `updatedBy` varchar(255) COLLATE utf8_unicode_ci DEFAULT NULL,
  `deletedBy` varchar(255) COLLATE utf8_unicode_ci DEFAULT NULL,
  `shortDescription` longtext COLLATE utf8_unicode_ci,
  `type` varchar(255) COLLATE utf8_unicode_ci NOT NULL,
  PRIMARY KEY (`id`),
  UNIQUE KEY `UNIQ_27BA704BCC32B8D0` (`mainPicture_id`),
  CONSTRAINT `FK_27BA704BCC32B8D0` FOREIGN KEY (`mainPicture_id`) REFERENCES `media__media` (`id`)
) ENGINE=InnoDB AUTO_INCREMENT=6 DEFAULT CHARSET=utf8 COLLATE=utf8_unicode_ci;
/*!40101 SET character_set_client = @saved_cs_client */;

--
-- Dumping data for table `history`
--

LOCK TABLES `history` WRITE;
/*!40000 ALTER TABLE `history` DISABLE KEYS */;
INSERT INTO `history` VALUES (1,'Початок театрального життя Черкащини','Ще задовго до нашої ери п\'ятеро видатних драматургів Еллади — Есхіл, Софокл, Евріпід (автори трагедій) та Арістофан і Менандр (автори комедій) заклали основи світової драматургії та театру…Спробуємо зазирнути за лаштунки…\r\nХристиянізація Європи внесла певні зміни до сприйняття театрального мистецтва, та згодом призвела до занепаду театру… Людській свідомості була запропонована спокуслива думка про потойбічну винагороду за земні страждання і, таким чином, ці страждання й криваві конфлікти втрачали свій драматизм і трагізм. Конфліктно-драматична передумова театру руйнувалася, і сам театр майже на тисячоліття перестав існувати в розвинених формах, жевріючи у  виступах мандрівних артистів:  гістріонів та мейстерзінгерів на Заході, скоморохів у Київській Русі. Тьмяними спалахами театральне мистецтво нагадувало про себе у церковних літургічних і напівлітургічних драмах, містеріях та мораліте.Своєрідна реанімація театру відбулася в епоху Відродження мистецтва і культури Європи в XV—XVII столітті. Людина знову опинилася в центрі  світоустрою в усій своїй багатогранності, непередбачуваності та невичерпності людського єства. Нове народження театру спостерігалося в різних прошарках суспільства: як серед «університетських умів» Італії й Англії, які досліджували і модернізували класичні грецькі взірці, так і  серед простого народу, який тяготів до вивільнення ігрової стихії, зокрема в італійській комедії масок (commedia dell\'arte), в демократичних комедіях іспанця Лопе де Вега.Потужна театральна хвиля докотилася до України на початку XIX століття. Варто зазначити, що український театр сягає своїм корінням часів скоморохів Київської Русі, естетичних ідей бароко, пов\'язаних із шкільними виставами Києво-Могилянської академії та образно-філософськими притчами Григорія Сковороди. У 1819 році в Полтаві Іван Котляревський написав і поставив «Наталку Полтавку». На жаль, все українське лишалося без державної підтримки і заохочення, оскільки імператорська влада ставилася до українців із підозрою та обережністю. Тривалий час український театр існував у надрах російських провінційних труп, які того часу працювали в Україні. До репертуару входили п\'єси Івана Котляревського, Григорія Квітки-Основ\'яненка, Тараса Шевченка.Після хвилі народних повстань, викликаних негативними сторонами розкріпачення, «національним околицям» Російської імперії взагалі було відмовлено в духовному й інтелектуальному розвитку. У 1876 році в Емсі Олександр II підписав указ, яким рішуче забороняв малоросійську мову, театр, школи, друк, а також все інше, що могло свідчити про національне самовизначення України. І лише через шість років в Єлисаветграді Марко Лукич Кропивницький за підтримки Михайла Старицького, Івана Карпенка-Карого, Миколи Садовського та Марії Заньковецької створив професійний український театр. Щоправда, майже за двадцять років до того, у Львові в 1864 році при товаристві «Руська бесіда» утворився ще один український професійний театр, яким опікувався Іван Франко. Оскільки західноукраїнські землі були, на той час, відрізані державними кордонами від Наддніпрянщини, то український театр можна було назвати театром діаспорним, театром поневоленої національної меншості. Через певний час західноукраїнський і наддніпрянський театри тісно переплелися: обмінювались акторами, п\'єсами. Львівський театр в умовах значно більшої творчої свободи зростив для всієї України таких видатних акторів і режисерів як Лесь Курбас, Амвросій Бучма, Йосип Гірняк, Мар\'ян Крушельницький. \r\n         На Лівобережній  Україні  національний театр функціонував в умовах жорстоких обмежень і заборон, приречений  на  сільську тематику, позбавлений історичних сюжетів, принижений матеріальним   жебрацтвом.   Лінія «міської» драматургії, що активно розроблялася Володимиром Винниченком, була, на жаль, короткочасною і штучно перервалася через політичну долю автора.  Не випадково, напередодні революції 1917 року, Лесь Курбас разом з представниками керованого ним Молодого театру, орієнтованого  на   світову  класику та сучасну європейську драму, здійснили мистецький бунт в українському театрі. Молодий театр  (1916—1918), а згодом і керовані Курбасом «Кийдрамте» та «Березіль» спиралися на всебічно розвиненого,  тренованого   інтелектуального   актора,   здатного відобразити у виставі образне перетворення світу. Післяреволюційний період у вітчизняному театрі був надзвичайно контрастним. Мистецькі здобутки світового рівня межували з кривавими трагедіями винищення найталановитіших митців. З одного боку, радянська влада подбала про те, щоб утворити та підтримати театр тих народів, які його не знали (мусульмансько-ісламська Середня Азія, аборигени Сибіру), або мали в напівпридушеному стані (Україна, Білорусія, Азербайджан, Грузія, Вірменія, Татарстан тощо), а з іншого боку, театральні діячі з потужним потенціалом були вислані за кордон, відправлені в концтабори або розстріляні…Як же відбувалося становлення театральної свідомості на Черкаській землі?...\r\n Театральне життя Черкащини розпочалось 1897 року в Золотоноші відкриттям театру у приміщенні чайної, а в 1904 році театральний гурток створили в Умані. Черкаси не мали власного театру, а трупи зі своїми виставами виступали на сценах заможних жителів. Купець Житомирський надавав сцену власного будинку (зараз на тому місці розташований Черкаський медичний коледж) для гастролей декілька сезонів поспіль. Згодом, коштами підприємця Фастівського у 1899 році був споруджений дерев’яний будинок для циркових і театральних вистав на вулиці Гоголівській (нині Гоголя), там де зараз міститься універмаг центрального ринку. Поряд з виставами цирку Дурова, відбувалися і гастрольні вистави трупи Марка Кропивницького, Миколи Садовського і Михайла Старицького, у складі якої виступала талановита Українська артистка Марія Заньковецька. У 1902 році брат «Світської левиці» Ганни Ярової черкаський підприємець Іван Яровий придбав ділянку для будівництва театру й закладення саду. Проект за свої кошти реалізувала Ганна, яка, після тривалого часу перебування в Санкт-Петербурзі, повернулася до Черкас. Саме завдяки їй у Черкасах і з’явився театр. Краєзнавець Сергій Ганницький описував ту споруду наступними словами: «Приміщення театру скидалося на великий сарай, це не було щось таке монументальне й епічне, але все одно були підмостки, на яких влітку 1903 року виступала Марія Заньковецька. Приїздили також і трупи Панаса Саксаганського і Марка Кропивницького».Цікавим є той факт, що театр Івана Ярового не був єдиною театральною сценою міста: у тому ж 1902 році на розі нинішніх вулиць Благовісної і Смілянської було збудовано Народний Дім. У Народному Домі відбувалися різні збори, функціонувала недільна школа та… виступали театральні колективи. У його стінах зародився самодіяльний Український драматичний театр, який очолила енергійна аматорка сцени О. Смирнова-Бірюкова.У 1909 році в Черкасах працювали драматичні гуртки «Гайдамаки», «Любителі» та колектив В. Нестеровського. Зважаючи на певні обставини, у 1910 році театр Ярового був наданий в оренду Зисіну і Лур’є для влаштування в ньому кінематографу.У будинку напроти нинішнього Дитячого парку в 1916-1917 роках розміщувалися Комерційне і Громадське зібрання, де відбувалися любительські спектаклі. У 1920 році в Черкасах розпочав роботу колектив драматичного театру  імені Івана Франка, першою виставою якого стала комедія Миколи Гоголя «Ревізор» 1921 року…','1920-01-01 00:00:00','pochatok-tieatral-nogho-zhittia-chierkashchini','2015-03-12 11:51:25','2015-04-14 16:45:33',NULL,321,NULL,NULL,NULL,NULL,''),(2,'Театр в 1932-1965рр','У не такому далекому 1932-му в місті Малин Житомирської області пересувний робітничо-колгоспний театр на базі групи акторів-вихідців із 3-ї майстерні Мистецького об’єднання \"Березіль\" представив глядачам виставу за антивоєнною п’єсою Мирослава Ірчана \"Родина щіткарів\".  Це був початок новоствореного урядовою постановою театру, який, подорожуючи від села до села, надихаючись романтикою акторського життя та щирим блиском в очах вдячних глядачів у 1933 році приїздить до Шевченкового краю. Гастролери почали працювати в Черкасах, у 1939 році Черкаському театру було присвоєно ім’я великого поета Тараса Шевченка, а стаціонарним колектив став лише після Великої Вітчизняної війни в 1954 році.  У 1963 році театр став іменуватися Обласним державним українським музично-драматичним театром ім Шевченка. Після Великої Вітчизняної війни, нарешті, було ухвалено рішення побудувати на місці синагоги, яка проіснувала до середини 30-х років, будівлю Обласного театру…\r\n Після кропіткого будівництва, яке тривало близько шести років,  1 вересня 1965 року театр відкрив новий сезон у новій будівлі… Хоча будівля театру була витримана в рамках радянського канону: такий собі поліфункціональний будинок для партійних засідань та конференцій зі сценою, та все ж Черкаський обласний театр був першим театром в Україні збудованим із урахуванням останніх досягнень сценічного обладнання.  Вперше в Україні тут була змонтована максимально рухома сцена, механізми якої дозволяють рухати декорації вагою до 14 тон. Крім того,  було вперше використано новітні освітлювальні пристрої та установка стереофонічного звучання… \r\nСпираючись на свідчення колишнього директора Черкаського обласного театру С.І. Шевченка, цікаво зазначити, що для проведення однієї вистави лише сцена потребувала 240 кВт електроенергії, що прирівнювалося до використання електроенергії цілим районним центром.','1932-01-01 00:00:00','tieatr-v-1932-1965rr','2014-10-22 06:42:18','2015-04-14 16:46:22',NULL,322,NULL,NULL,NULL,NULL,''),(3,'X Міжнародний театральний фестиваль \"Сцена людства\"','<div>Відкриття фестивалю має бути яскравим і незвичним: о 17:30 на черкасців чекає флешмоб на Театральній площі, подробиці якого організатори поки що не розкривають, зберігаючи інтригу. О 18:30 на сцені покажуть візитівку й гордість Черкаського театру – поему Тараса Шевченка в постановці Олександра Дзекуна \"Великий льох\", яка протягом 11 років не перестає дивувати своєю містичністю.&nbsp;</div><div><br></div><div>В наступні дні фестивалю глядачі побачать вистави провідних українських театрів. Столичні сцени будуть представлені Національним академічним драматичним театром ім. І. Франка, Національним академічним театром російської драми ім. Л. Українки, Театром драми та комедії на лівому березі Дніпра.&nbsp;</div><div><br></div>','2015-01-01 00:00:00','x-mizhnarodnii-tieatral-nii-fiestival-stsiena-liudstva','2015-06-15 04:44:10','2015-06-15 04:44:10',NULL,601,'sergey','sergey',NULL,NULL,'festival'),(4,'\"Сцена людства\" IX','<p><b><i>« Сцена людства » 2014</i></b></p><p><b><i>&nbsp;</i></b></p><p><b><i>IX </i></b><b><i>М</i></b><b><i>і</i></b><b><i>жнародний </i></b><b><i>театральний фестиваль у Черкасах цього року без театрів\r\nРосії та Білорусі. Єдиною країною яка розширила театральну географію стала\r\nГрузія з виставою « Гроза » за О. Островським. Тбіліського державного\r\nакадемічного російського драматичного театру ім. О. Грибоєдова.</i></b></p><p><b><i>&nbsp;</i></b></p><p><i>Цього року було особливо складно з організацією\r\nфестивалю, враховуючи ситуацію в країні, але попри&nbsp; негаразди театральне дійство відбулося.</i></p><p><i>«Якщо вже в такий складний для країни час вдається\r\nтеатральний фестиваль, то значить все у вас буде добре » - : сердечно зазначив &nbsp;директор тбіліського театру.</i></p><p><i>Поки &nbsp;театральні\r\nстіни черкаського театру втомлено чекають нового життя після ремонту ( який ще так\r\nі не розпочався ), сцена оживає різноманітними перевтіленнями. Глядачам випадає\r\nнагода поринути у театральну атмосферу. Щойно переступивши поріг театру , десь\r\nтам далеко лишаються рутинні справи. </i></p><p><i>&nbsp;</i></p><p><i>У день виборів партер заповнюється національною колористикою,\r\nу часі зійшлися три події – вибори в Україні, театральний фестиваль та вистава </i></p><p><b><i>« Великий льох »</i></b><i>\r\nЧеркаського театру , реж. О. Дзекун. </i></p><p><i>Адміністрація театру заохочує глядача безкоштовним\r\nпереглядом вистави, за умови дрес - коду – національного вбрання. Від\r\nрізноманітних вишиванок , уквітчаного жіночого волосся , вистава Т. Шевченка\r\nнабуває ще більшого драматизму, актуальності. </i></p><p><i>Чи не про те саме народне пробудження писав поет у своєму\r\nнайзагадковішому творі?</i></p><p><i><span>Після історичної ретроспективи <b>«Стіна»</b> (за творами Т. Шевченка та Ю. Щербака), у виконанні\r\nЛьвівського драматичного театру ім. Л. Українки, глядачі аплодують стоячи, для них так гостро звучать у фіналі\r\nслова : </span></i></p><p><i>&nbsp;</i></p><p><b><i>«Борітеся — поборете!</i></b></p><p><b><i>Вам бог помагає!</i></b></p><p><b><i>За вас правда, за вас слава</i></b></p><p><b><i>І воля святая!»</i></b></p><p><i>Стіна, яку актори\r\nвибудовують з мішків на сцені, нагадує події Майдану 2014. </i></p><p><b><i>« Ханума&nbsp; »</i></b><i> - комедія – водевіль Полтавського\r\nобласного академічного музично – драматичного&nbsp;\r\nтеатру ім. В. Гоголя. ( реж.&nbsp;\r\nЦицино Кобіашвілі )</i></p><p><i>У списку глибокої\r\nтеатральної думки,&nbsp; вирізняється\r\nпритаманною манерою традиційного українського театру . </i></p><p><b><i>«Така її доля »&nbsp; </i></b><i><span>- вистава<b> </b>Національного &nbsp;академічного\r\nдраматичного&nbsp; театру ім. І. Франка.\r\nСимволізм у повному значенні слова. Вистава – код яку створив для театрального\r\nсвіту режисер – Станіслав Моісеєв. </span></i></p><p><b><i>«Всюди один »</i></b><i> - вистава Національного\r\nакадемічного театру російської драми ім. Лесі Українки. ( реж. М. Резнікович )</i></p><p><i>Фестивальні вистави\r\nобернулися довкола теми присвяченої ювілею поета. Можливо, &nbsp;в тому знак, що події країни так близько\r\nрозвиваються з подіями описаними Шевченком у його творах.</i></p><p><i><span>Так хочеться вірити, що <b>льох</b> не розкопають і не дізнаються\r\nмоскалі ,що зберегли для нащадків українці. </span></i></p><p><i>Так хочеться вірити, що </i><i>X</i><i> </i><i>фестиваль </i><i>« Сцена людства »</i><i>2015\r\nбуде масштаб</i><i>нішим у значенні не лише\r\nтеатрів з інших країн. </i></p><p><b><i>«Не смійтеся, чужі люде!</i></b></p><p><b><i>Церков-домовина</i></b></p><p><b><i>Розвалиться... і з-під неї</i></b></p><p><b><i>Встане Україна.</i></b></p><p><b><i>І розвіє тьму неволі,</i></b></p><p><b><i>Світ правди засвітить,</i></b></p><p><b><i>І помоляться на волі</i></b></p><p>\r\n\r\n\r\n\r\n\r\n\r\n\r\n\r\n\r\n\r\n\r\n\r\n\r\n\r\n\r\n\r\n\r\n\r\n\r\n\r\n\r\n\r\n\r\n\r\n\r\n\r\n\r\n\r\n\r\n\r\n\r\n\r\n\r\n\r\n\r\n\r\n\r\n\r\n\r\n\r\n\r\n\r\n\r\n\r\n\r\n\r\n\r\n\r\n\r\n\r\n\r\n\r\n\r\n\r\n\r\n\r\n\r\n\r\n\r\n\r\n\r\n\r\n\r\n\r\n\r\n\r\n</p><p><b><i><span>Невольничі діти!..»&nbsp;&nbsp;&nbsp;&nbsp;&nbsp;&nbsp;&nbsp;&nbsp;&nbsp;&nbsp;&nbsp;&nbsp;&nbsp;&nbsp;&nbsp;<br></span></i></b><b><i><br></i></b></p><p><b><i>Т.Шевченко « Великий льох »&nbsp;&nbsp;&nbsp;&nbsp;&nbsp;&nbsp;&nbsp;&nbsp;&nbsp;&nbsp;&nbsp;&nbsp;&nbsp;&nbsp;&nbsp;&nbsp;&nbsp;&nbsp;</i></b></p><p><b><i>&nbsp; &nbsp; &nbsp; &nbsp; &nbsp; &nbsp; &nbsp; &nbsp; &nbsp; &nbsp; &nbsp; &nbsp; &nbsp; &nbsp; &nbsp; &nbsp; &nbsp; &nbsp; &nbsp; &nbsp; &nbsp; &nbsp; &nbsp; &nbsp; &nbsp; &nbsp; &nbsp; &nbsp; &nbsp; &nbsp; &nbsp; &nbsp; &nbsp; &nbsp; &nbsp; &nbsp; &nbsp; &nbsp; &nbsp; &nbsp; &nbsp; &nbsp; &nbsp; &nbsp; &nbsp; &nbsp; &nbsp; &nbsp; &nbsp; &nbsp; &nbsp; &nbsp; &nbsp; &nbsp; &nbsp; &nbsp; &nbsp; &nbsp; &nbsp; &nbsp; &nbsp; &nbsp; &nbsp; &nbsp; &nbsp; &nbsp; &nbsp; &nbsp; &nbsp; &nbsp; &nbsp; &nbsp; &nbsp; &nbsp; &nbsp; &nbsp; &nbsp; &nbsp; &nbsp; &nbsp; &nbsp; &nbsp; &nbsp; &nbsp; &nbsp; &nbsp; &nbsp; &nbsp; &nbsp; &nbsp; &nbsp; &nbsp;&nbsp;<u>Анна Куриленко</u></i></b><b><i><br></i></b></p>','2014-01-01 00:00:00','stsiena-liudstva-ix','2015-09-16 11:10:13','2015-09-16 11:10:13',NULL,665,'roman','roman',NULL,NULL,'festival'),(5,'XI Міжнародний театральний фестиваль «Сцена людства-2016»','З 24 по 30 травня 2016 року пройде XI Міжнародний театральний фестиваль «Сцена людства-2016» у приміщенні черкаської філармонії.','2016-01-01 00:00:00','xi-mizhnarodnii-tieatral-nii-fiestival-stsiena-liudstva-2016','2016-04-21 14:51:18','2016-04-21 14:51:18',NULL,729,'roman','roman',NULL,NULL,'festival');
/*!40000 ALTER TABLE `history` ENABLE KEYS */;
UNLOCK TABLES;

--
-- Table structure for table `history_galleryHasMedia`
--

DROP TABLE IF EXISTS `history_galleryHasMedia`;
/*!40101 SET @saved_cs_client     = @@character_set_client */;
/*!40101 SET character_set_client = utf8 */;
CREATE TABLE `history_galleryHasMedia` (
  `history_id` int(11) NOT NULL,
  `galleryHasMedia_id` int(11) NOT NULL,
  PRIMARY KEY (`history_id`,`galleryHasMedia_id`),
  KEY `IDX_256D3B281E058452` (`history_id`),
  KEY `IDX_256D3B288A6BB82C` (`galleryHasMedia_id`),
  CONSTRAINT `FK_256D3B281E058452` FOREIGN KEY (`history_id`) REFERENCES `history` (`id`),
  CONSTRAINT `FK_256D3B288A6BB82C` FOREIGN KEY (`galleryHasMedia_id`) REFERENCES `media__gallery_media` (`id`)
) ENGINE=InnoDB DEFAULT CHARSET=utf8 COLLATE=utf8_unicode_ci;
/*!40101 SET character_set_client = @saved_cs_client */;

--
-- Dumping data for table `history_galleryHasMedia`
--

LOCK TABLES `history_galleryHasMedia` WRITE;
/*!40000 ALTER TABLE `history_galleryHasMedia` DISABLE KEYS */;
/*!40000 ALTER TABLE `history_galleryHasMedia` ENABLE KEYS */;
UNLOCK TABLES;

--
-- Table structure for table `history_translation`
--

DROP TABLE IF EXISTS `history_translation`;
/*!40101 SET @saved_cs_client     = @@character_set_client */;
/*!40101 SET character_set_client = utf8 */;
CREATE TABLE `history_translation` (
  `id` int(11) NOT NULL AUTO_INCREMENT,
  `object_id` int(11) DEFAULT NULL,
  `locale` varchar(8) COLLATE utf8_unicode_ci NOT NULL,
  `field` varchar(32) COLLATE utf8_unicode_ci NOT NULL,
  `content` longtext COLLATE utf8_unicode_ci,
  PRIMARY KEY (`id`),
  UNIQUE KEY `lookup_unique_history_translation_idx` (`locale`,`object_id`,`field`),
  KEY `IDX_2A434206232D562B` (`object_id`),
  CONSTRAINT `FK_2A434206232D562B` FOREIGN KEY (`object_id`) REFERENCES `history` (`id`) ON DELETE CASCADE
) ENGINE=InnoDB AUTO_INCREMENT=5 DEFAULT CHARSET=utf8 COLLATE=utf8_unicode_ci;
/*!40101 SET character_set_client = @saved_cs_client */;

--
-- Dumping data for table `history_translation`
--

LOCK TABLES `history_translation` WRITE;
/*!40000 ALTER TABLE `history_translation` DISABLE KEYS */;
INSERT INTO `history_translation` VALUES (1,1,'en','title','No translation for this title'),(2,1,'en','text','No translation for this text'),(3,2,'en','title','No translation for this title'),(4,2,'en','text','No translation for this text');
/*!40000 ALTER TABLE `history_translation` ENABLE KEYS */;
UNLOCK TABLES;

--
-- Table structure for table `media__gallery`
--

DROP TABLE IF EXISTS `media__gallery`;
/*!40101 SET @saved_cs_client     = @@character_set_client */;
/*!40101 SET character_set_client = utf8 */;
CREATE TABLE `media__gallery` (
  `id` int(11) NOT NULL AUTO_INCREMENT,
  `name` varchar(255) COLLATE utf8_unicode_ci NOT NULL,
  `context` varchar(64) COLLATE utf8_unicode_ci NOT NULL,
  `default_format` varchar(255) COLLATE utf8_unicode_ci NOT NULL,
  `enabled` tinyint(1) NOT NULL,
  `updated_at` datetime NOT NULL,
  `created_at` datetime NOT NULL,
  PRIMARY KEY (`id`)
) ENGINE=InnoDB DEFAULT CHARSET=utf8 COLLATE=utf8_unicode_ci;
/*!40101 SET character_set_client = @saved_cs_client */;

--
-- Dumping data for table `media__gallery`
--

LOCK TABLES `media__gallery` WRITE;
/*!40000 ALTER TABLE `media__gallery` DISABLE KEYS */;
/*!40000 ALTER TABLE `media__gallery` ENABLE KEYS */;
UNLOCK TABLES;

--
-- Table structure for table `media__gallery_media`
--

DROP TABLE IF EXISTS `media__gallery_media`;
/*!40101 SET @saved_cs_client     = @@character_set_client */;
/*!40101 SET character_set_client = utf8 */;
CREATE TABLE `media__gallery_media` (
  `id` int(11) NOT NULL AUTO_INCREMENT,
  `gallery_id` int(11) DEFAULT NULL,
  `media_id` int(11) DEFAULT NULL,
  `position` int(11) NOT NULL,
  `enabled` tinyint(1) NOT NULL,
  `updated_at` datetime NOT NULL,
  `created_at` datetime NOT NULL,
  `title` varchar(255) COLLATE utf8_unicode_ci DEFAULT NULL,
  `description` longtext COLLATE utf8_unicode_ci,
  PRIMARY KEY (`id`),
  KEY `IDX_80D4C5414E7AF8F` (`gallery_id`),
  KEY `IDX_80D4C541EA9FDD75` (`media_id`),
  CONSTRAINT `FK_80D4C5414E7AF8F` FOREIGN KEY (`gallery_id`) REFERENCES `media__gallery` (`id`),
  CONSTRAINT `FK_80D4C541EA9FDD75` FOREIGN KEY (`media_id`) REFERENCES `media__media` (`id`)
) ENGINE=InnoDB AUTO_INCREMENT=375 DEFAULT CHARSET=utf8 COLLATE=utf8_unicode_ci;
/*!40101 SET character_set_client = @saved_cs_client */;

--
-- Dumping data for table `media__gallery_media`
--

LOCK TABLES `media__gallery_media` WRITE;
/*!40000 ALTER TABLE `media__gallery_media` DISABLE KEYS */;
INSERT INTO `media__gallery_media` VALUES (1,NULL,274,0,0,'2015-04-08 21:30:17','2015-04-07 07:55:00','академія сміху','академія сміху'),(2,NULL,275,0,0,'2015-04-08 21:30:17','2015-04-07 07:55:00','академія сміху','академія сміху'),(3,NULL,276,0,0,'2015-04-08 21:30:17','2015-04-07 07:55:00','академія сміху','академія сміху'),(4,NULL,277,0,0,'2015-04-08 21:30:17','2015-04-07 07:55:00','академія сміху','академія сміху'),(5,NULL,5,0,0,'2015-04-07 07:55:00','2015-04-07 07:55:00','академія сміху','академія сміху'),(6,NULL,6,0,0,'2015-04-07 07:55:00','2015-04-07 07:55:00','академія сміху','академія сміху'),(7,NULL,7,0,0,'2015-04-07 07:55:00','2015-04-07 07:55:00','академія сміху','академія сміху'),(8,NULL,8,0,0,'2015-04-07 07:55:00','2015-04-07 07:55:00','боїнг-боїнг','боїнг-боїнг'),(9,NULL,462,0,0,'2016-01-14 17:28:57','2015-04-07 07:55:00','Сад Гетсиманський','Сад Гетсиманський'),(10,NULL,463,0,0,'2016-01-14 17:28:57','2015-04-07 07:55:00','Сад Гетсиманський','Сад Гетсиманський'),(11,NULL,466,0,0,'2016-01-14 17:28:57','2015-04-07 07:55:00','Сад Гетсиманський','Сад Гетсиманський'),(12,NULL,467,0,0,'2016-01-14 17:28:57','2015-04-07 07:55:00','Сад Гетсиманський','Сад Гетсиманський'),(13,NULL,13,0,0,'2015-04-07 07:55:00','2015-04-07 07:55:00','Вишневий сад','Вишневий сад'),(14,NULL,14,0,0,'2015-04-07 07:55:00','2015-04-07 07:55:00','Вишневий сад','Вишневий сад'),(15,NULL,15,0,0,'2015-04-07 07:55:00','2015-04-07 07:55:00','Вишневий сад','Вишневий сад'),(16,NULL,16,0,0,'2015-04-07 07:55:00','2015-04-07 07:55:00','Вишневий сад','Вишневий сад'),(17,NULL,438,0,0,'2015-04-26 21:08:17','2015-04-07 07:55:00','Вишневий сад','Вишневий сад'),(18,NULL,440,0,0,'2015-04-26 21:08:17','2015-04-07 07:55:00','Дума про братів','Дума про братів'),(19,NULL,441,0,0,'2015-04-26 21:08:17','2015-04-07 07:55:00','Дума про братів','Дума про братів'),(20,NULL,442,0,0,'2015-04-26 21:08:17','2015-04-07 07:55:00','Дума про братів','Дума про братів'),(21,NULL,21,0,0,'2015-04-07 07:55:00','2015-04-07 07:55:00','Дума про братів','Дума про братів'),(22,NULL,22,0,0,'2015-04-07 07:55:00','2015-04-07 07:55:00','Дума про братів','Дума про братів'),(23,NULL,24,0,0,'2016-01-14 17:34:28','2015-04-07 07:55:00','Дума про братів','Дума про братів'),(24,NULL,24,0,0,'2015-04-07 07:55:00','2015-04-07 07:55:00','Дума про братів','Дума про братів'),(25,NULL,25,0,0,'2015-04-07 07:55:00','2015-04-07 07:55:00','Мізантроп','Мізантроп'),(26,NULL,26,0,0,'2015-04-07 07:55:00','2015-04-07 07:55:00','Мізантроп','Мізантроп'),(27,NULL,27,0,0,'2015-04-07 07:55:00','2015-04-07 07:55:00','Мізантроп','Мізантроп'),(28,NULL,28,0,0,'2015-04-07 07:55:00','2015-04-07 07:55:00','Мізантроп','Мізантроп'),(29,NULL,29,0,0,'2015-04-07 07:55:00','2015-04-07 07:55:00','Мізантроп','Мізантроп'),(30,NULL,30,0,0,'2015-04-07 07:55:00','2015-04-07 07:55:00','Мізантроп','Мізантроп'),(31,NULL,31,0,0,'2015-04-07 07:55:00','2015-04-07 07:55:00','Мізантроп','Мізантроп'),(32,NULL,32,0,0,'2015-04-07 07:55:00','2015-04-07 07:55:00','Розуара','Розуара'),(33,NULL,33,0,0,'2015-04-07 07:55:00','2015-04-07 07:55:00','Розуара','Розуара'),(34,NULL,34,0,0,'2015-04-07 07:55:00','2015-04-07 07:55:00','Розуара','Розуара'),(35,NULL,35,0,0,'2015-04-07 07:55:00','2015-04-07 07:55:00','Розуара','Розуара'),(36,NULL,280,0,0,'2015-04-08 21:45:12','2015-04-07 07:55:00','Розуара','Розуара'),(37,NULL,281,0,0,'2015-04-08 21:45:12','2015-04-07 07:55:00','Розуара','Розуара'),(38,NULL,282,0,0,'2015-04-08 21:45:12','2015-04-07 07:55:00','Розуара','Розуара'),(39,NULL,249,0,0,'2016-01-14 17:50:29','2015-04-07 07:55:00','Дорога до сонця','Дорога до сонця'),(40,NULL,468,0,0,'2016-01-14 17:38:46','2015-04-07 07:55:00','Назар Стодоля','Назар Стодоля'),(41,NULL,469,0,0,'2016-01-14 17:38:46','2015-04-07 07:55:00','Назар Стодоля','Назар Стодоля'),(42,NULL,454,0,0,'2016-01-14 17:43:18','2015-04-07 07:55:00','Дванадцять місяців або хранителі року','Дванадцять місяців або хранителі року'),(43,NULL,455,0,0,'2016-01-14 17:43:18','2015-04-07 07:55:00','Дванадцять місяців або хранителі року','Дванадцять місяців або хранителі року'),(44,NULL,666,0,0,'2015-09-16 14:37:14','2015-04-07 07:55:00','Сільва','Сільва'),(45,NULL,667,0,0,'2015-09-16 14:37:14','2015-04-07 07:55:00','Сільва','Сільва'),(46,NULL,236,0,0,'2016-01-14 17:41:28','2015-04-07 07:55:00',NULL,NULL),(47,NULL,47,0,0,'2015-04-07 07:55:00','2015-04-07 07:55:00','Шельменко','Шельменко'),(48,NULL,48,0,0,'2015-04-07 07:55:00','2015-04-07 07:55:00','Шельменко','Шельменко'),(49,NULL,464,0,0,'2015-04-26 22:19:46','2015-04-07 07:55:00','Шельменко','Шельменко'),(50,NULL,50,0,0,'2015-04-07 07:55:00','2015-04-07 07:55:00','Шельменко','Шельменко'),(51,NULL,51,0,0,'2015-04-07 07:55:00','2015-04-07 07:55:00','академія сміху','академія сміху'),(52,NULL,52,0,0,'2015-04-07 07:55:00','2015-04-07 07:55:00','академія сміху','академія сміху'),(53,NULL,53,0,0,'2015-04-07 07:55:00','2015-04-07 07:55:00','академія сміху','академія сміху'),(54,NULL,54,0,0,'2015-04-07 07:55:00','2015-04-07 07:55:00','академія сміху','академія сміху'),(55,NULL,55,0,0,'2015-04-07 07:55:00','2015-04-07 07:55:00','академія сміху','академія сміху'),(56,NULL,56,0,0,'2015-04-07 07:55:00','2015-04-07 07:55:00','академія сміху','академія сміху'),(57,NULL,57,0,0,'2015-04-07 07:55:00','2015-04-07 07:55:00','академія сміху','академія сміху'),(58,NULL,58,0,0,'2015-04-07 07:55:00','2015-04-07 07:55:00','боїнг-боїнг','боїнг-боїнг'),(59,NULL,59,0,0,'2015-04-07 07:55:00','2015-04-07 07:55:00','боїнг-боїнг','боїнг-боїнг'),(60,NULL,60,0,0,'2015-04-07 07:55:00','2015-04-07 07:55:00','боїнг-боїнг','боїнг-боїнг'),(61,NULL,61,0,0,'2015-04-07 07:55:00','2015-04-07 07:55:00','боїнг-боїнг','боїнг-боїнг'),(62,NULL,62,0,0,'2015-04-07 07:55:00','2015-04-07 07:55:00','боїнг-боїнг','боїнг-боїнг'),(63,NULL,63,0,0,'2015-04-07 07:55:00','2015-04-07 07:55:00','Вишневий сад','Вишневий сад'),(64,NULL,64,0,0,'2015-04-07 07:55:00','2015-04-07 07:55:00','Вишневий сад','Вишневий сад'),(65,NULL,65,0,0,'2015-04-07 07:55:00','2015-04-07 07:55:00','Вишневий сад','Вишневий сад'),(66,NULL,66,0,0,'2015-04-07 07:55:00','2015-04-07 07:55:00','Вишневий сад','Вишневий сад'),(67,NULL,67,0,0,'2015-04-07 07:55:00','2015-04-07 07:55:00','Вишневий сад','Вишневий сад'),(68,NULL,68,0,0,'2015-04-07 07:55:00','2015-04-07 07:55:00','Дума про братів','Дума про братів'),(69,NULL,69,0,0,'2015-04-07 07:55:00','2015-04-07 07:55:00','Дума про братів','Дума про братів'),(70,NULL,70,0,0,'2015-04-07 07:55:00','2015-04-07 07:55:00','Дума про братів','Дума про братів'),(71,NULL,71,0,0,'2015-04-07 07:55:00','2015-04-07 07:55:00','Дума про братів','Дума про братів'),(72,NULL,72,0,0,'2015-04-07 07:55:00','2015-04-07 07:55:00','Дума про братів','Дума про братів'),(73,NULL,73,0,0,'2015-04-07 07:55:00','2015-04-07 07:55:00','Дума про братів','Дума про братів'),(74,NULL,74,0,0,'2015-04-07 07:55:00','2015-04-07 07:55:00','Дума про братів','Дума про братів'),(75,NULL,75,0,0,'2015-04-07 07:55:00','2015-04-07 07:55:00','Мізантроп','Мізантроп'),(76,NULL,76,0,0,'2015-04-07 07:55:00','2015-04-07 07:55:00','Мізантроп','Мізантроп'),(77,NULL,77,0,0,'2015-04-07 07:55:00','2015-04-07 07:55:00','Мізантроп','Мізантроп'),(78,NULL,78,0,0,'2015-04-07 07:55:00','2015-04-07 07:55:00','Мізантроп','Мізантроп'),(79,NULL,79,0,0,'2015-04-07 07:55:00','2015-04-07 07:55:00','Мізантроп','Мізантроп'),(80,NULL,80,0,0,'2015-04-07 07:55:00','2015-04-07 07:55:00','Мізантроп','Мізантроп'),(81,NULL,81,0,0,'2015-04-07 07:55:00','2015-04-07 07:55:00','Мізантроп','Мізантроп'),(82,NULL,82,0,0,'2015-04-07 07:55:00','2015-04-07 07:55:00','Розуара','Розуара'),(83,NULL,83,0,0,'2015-04-07 07:55:00','2015-04-07 07:55:00','Розуара','Розуара'),(84,NULL,84,0,0,'2015-04-07 07:55:00','2015-04-07 07:55:00','Розуара','Розуара'),(85,NULL,85,0,0,'2015-04-07 07:55:00','2015-04-07 07:55:00','Розуара','Розуара'),(86,NULL,86,0,0,'2015-04-07 07:55:00','2015-04-07 07:55:00','Розуара','Розуара'),(87,NULL,87,0,0,'2015-04-07 07:55:00','2015-04-07 07:55:00','Розуара','Розуара'),(88,NULL,88,0,0,'2015-04-07 07:55:00','2015-04-07 07:55:00','Розуара','Розуара'),(89,NULL,89,0,0,'2015-04-07 07:55:00','2015-04-07 07:55:00','Розуара','Розуара'),(90,NULL,90,0,0,'2015-04-07 07:55:00','2015-04-07 07:55:00','Сільва','Сільва'),(91,NULL,91,0,0,'2015-04-07 07:55:00','2015-04-07 07:55:00','Сільва','Сільва'),(92,NULL,92,0,0,'2015-04-07 07:55:00','2015-04-07 07:55:00','Сільва','Сільва'),(93,NULL,93,0,0,'2015-04-07 07:55:00','2015-04-07 07:55:00','Сільва','Сільва'),(94,NULL,94,0,0,'2015-04-07 07:55:00','2015-04-07 07:55:00','Сільва','Сільва'),(95,NULL,95,0,0,'2015-04-07 07:55:00','2015-04-07 07:55:00','Сільва','Сільва'),(96,NULL,96,0,0,'2015-04-07 07:55:00','2015-04-07 07:55:00','Сільва','Сільва'),(97,NULL,97,0,0,'2015-04-07 07:55:00','2015-04-07 07:55:00','Шельменко','Шельменко'),(98,NULL,98,0,0,'2015-04-07 07:55:00','2015-04-07 07:55:00','Шельменко','Шельменко'),(99,NULL,99,0,0,'2015-04-07 07:55:00','2015-04-07 07:55:00','Шельменко','Шельменко'),(100,NULL,100,0,0,'2015-04-07 07:55:00','2015-04-07 07:55:00','Шельменко','Шельменко'),(101,NULL,221,0,0,'2015-04-22 03:11:22','2015-04-08 16:49:44',NULL,NULL),(102,NULL,222,0,0,'2015-04-22 03:11:22','2015-04-08 16:49:44',NULL,NULL),(103,NULL,223,0,0,'2015-04-22 03:11:22','2015-04-08 16:49:44',NULL,NULL),(104,NULL,224,0,0,'2015-04-22 03:11:22','2015-04-08 16:49:44',NULL,NULL),(105,NULL,225,0,0,'2015-04-22 03:11:22','2015-04-08 16:49:44',NULL,NULL),(106,NULL,226,0,0,'2015-04-22 03:11:22','2015-04-08 16:49:44',NULL,NULL),(107,NULL,227,0,0,'2015-04-22 03:11:22','2015-04-08 16:49:44',NULL,NULL),(108,NULL,1,0,0,'2015-04-22 00:53:09','2015-04-08 17:01:38',NULL,NULL),(109,NULL,2,0,0,'2015-04-22 00:53:09','2015-04-08 17:01:38',NULL,NULL),(110,NULL,3,0,0,'2015-04-22 00:53:09','2015-04-08 17:01:38',NULL,NULL),(111,NULL,4,0,0,'2015-04-22 00:53:09','2015-04-08 17:01:38',NULL,NULL),(112,NULL,6,0,0,'2015-04-22 00:53:09','2015-04-08 17:01:38',NULL,NULL),(113,NULL,232,0,0,'2015-04-22 00:53:09','2015-04-08 17:01:38',NULL,NULL),(114,NULL,235,0,0,'2015-04-08 17:13:22','2015-04-08 17:13:22',NULL,NULL),(115,NULL,236,0,0,'2015-04-08 17:13:22','2015-04-08 17:13:22',NULL,NULL),(116,NULL,237,0,0,'2015-04-08 17:13:22','2015-04-08 17:13:22',NULL,NULL),(117,NULL,238,0,0,'2015-04-08 17:13:22','2015-04-08 17:13:22',NULL,NULL),(118,NULL,239,0,0,'2015-04-08 17:13:22','2015-04-08 17:13:22',NULL,NULL),(119,NULL,240,0,0,'2015-04-08 17:13:22','2015-04-08 17:13:22',NULL,NULL),(120,NULL,243,0,0,'2015-04-08 17:23:28','2015-04-08 17:23:28',NULL,NULL),(121,NULL,14,0,0,'2015-04-08 17:23:28','2015-04-08 17:23:28',NULL,NULL),(122,NULL,17,0,0,'2015-04-08 17:23:28','2015-04-08 17:23:28',NULL,NULL),(123,NULL,15,0,0,'2015-04-08 17:23:28','2015-04-08 17:23:28',NULL,NULL),(124,NULL,16,0,0,'2015-04-08 17:23:28','2015-04-08 17:23:28',NULL,NULL),(125,NULL,246,0,0,'2015-04-08 17:23:28','2015-04-08 17:23:28',NULL,NULL),(126,NULL,251,0,0,'2016-01-14 17:50:29','2015-04-08 17:37:55','Дорога до сонця','Дорога до сонця'),(127,NULL,253,0,0,'2016-01-14 17:50:29','2015-04-08 17:37:55','Дорога до сонця','Дорога до сонця'),(128,NULL,254,0,0,'2016-01-14 17:50:29','2015-04-08 17:37:55','Дорога до сонця','Дорога до сонця'),(129,NULL,255,0,0,'2016-01-14 17:50:29','2015-04-08 17:37:55','Дорога до сонця','Дорога до сонця'),(130,NULL,257,0,0,'2016-01-14 17:50:29','2015-04-08 17:37:55','Дорога до сонця','Дорога до сонця'),(131,NULL,259,0,0,'2016-01-14 17:50:29','2015-04-08 17:37:55','Дорога до сонця','Дорога до сонця'),(132,NULL,263,0,0,'2015-04-08 17:46:36','2015-04-08 17:46:36',NULL,NULL),(133,NULL,264,0,0,'2015-04-08 17:46:36','2015-04-08 17:46:36',NULL,NULL),(134,NULL,265,0,0,'2015-04-08 17:46:36','2015-04-08 17:46:36',NULL,NULL),(135,NULL,270,0,0,'2015-04-22 01:26:24','2015-04-08 18:10:38',NULL,NULL),(136,NULL,271,0,0,'2015-04-22 01:26:24','2015-04-08 18:10:38',NULL,NULL),(137,NULL,278,0,0,'2015-04-08 21:30:17','2015-04-08 21:30:17',NULL,NULL),(138,NULL,283,0,0,'2015-04-08 21:45:12','2015-04-08 21:45:12',NULL,NULL),(139,NULL,284,0,0,'2015-04-08 21:45:12','2015-04-08 21:45:12',NULL,NULL),(140,NULL,288,0,0,'2015-04-22 01:38:19','2015-04-08 21:55:56',NULL,NULL),(141,NULL,289,0,0,'2015-04-22 01:38:19','2015-04-08 21:55:56',NULL,NULL),(142,NULL,290,0,0,'2015-04-22 01:38:19','2015-04-08 21:55:56',NULL,NULL),(143,NULL,291,0,0,'2015-04-22 01:38:19','2015-04-08 21:55:56',NULL,NULL),(144,NULL,292,0,0,'2015-04-22 01:38:19','2015-04-08 21:55:56',NULL,NULL),(145,NULL,295,0,0,'2015-04-08 22:05:25','2015-04-08 22:05:25',NULL,NULL),(146,NULL,297,0,0,'2015-04-08 22:05:25','2015-04-08 22:05:25',NULL,NULL),(147,NULL,299,0,0,'2015-04-08 22:05:25','2015-04-08 22:05:25',NULL,NULL),(148,NULL,300,0,0,'2015-04-08 22:05:25','2015-04-08 22:05:25',NULL,NULL),(149,NULL,301,0,0,'2015-04-08 22:05:25','2015-04-08 22:05:25',NULL,NULL),(150,NULL,315,0,0,'2015-04-09 12:15:39','2015-04-09 12:15:39',NULL,NULL),(151,NULL,316,0,0,'2015-04-09 12:15:39','2015-04-09 12:15:39',NULL,NULL),(152,NULL,317,0,0,'2015-04-09 12:15:39','2015-04-09 12:15:39',NULL,NULL),(153,NULL,324,0,0,'2015-04-16 23:08:12','2015-04-16 23:08:12',NULL,NULL),(154,NULL,325,0,0,'2015-04-16 23:08:12','2015-04-16 23:08:12',NULL,NULL),(155,NULL,326,0,0,'2015-04-16 23:08:12','2015-04-16 23:08:12',NULL,NULL),(156,NULL,327,0,0,'2015-04-16 23:08:12','2015-04-16 23:08:12',NULL,NULL),(157,NULL,328,0,0,'2015-04-16 23:08:12','2015-04-16 23:08:12',NULL,NULL),(158,NULL,NULL,0,0,'2015-04-16 23:16:47','2015-04-16 23:16:47',NULL,NULL),(159,NULL,NULL,0,0,'2015-04-16 23:25:17','2015-04-16 23:25:17',NULL,NULL),(160,NULL,350,0,0,'2015-04-17 00:29:26','2015-04-17 00:27:10',NULL,NULL),(161,NULL,351,0,0,'2015-04-17 00:29:26','2015-04-17 00:29:26',NULL,NULL),(162,NULL,352,0,0,'2015-04-17 00:29:26','2015-04-17 00:29:26',NULL,NULL),(163,NULL,353,0,0,'2015-04-17 00:29:26','2015-04-17 00:29:26',NULL,NULL),(164,NULL,356,0,0,'2015-04-17 00:49:57','2015-04-17 00:49:57',NULL,NULL),(165,NULL,357,0,0,'2015-04-17 00:49:57','2015-04-17 00:49:57',NULL,NULL),(166,NULL,359,0,0,'2015-04-17 00:49:57','2015-04-17 00:49:57',NULL,NULL),(167,NULL,361,0,0,'2015-04-17 00:55:49','2015-04-17 00:55:49',NULL,NULL),(168,NULL,362,0,0,'2015-04-17 00:55:49','2015-04-17 00:55:49',NULL,NULL),(169,NULL,363,0,0,'2015-04-17 00:55:49','2015-04-17 00:55:49',NULL,NULL),(170,NULL,364,0,0,'2015-04-17 00:55:49','2015-04-17 00:55:49',NULL,NULL),(171,NULL,365,0,0,'2015-04-17 00:55:49','2015-04-17 00:55:49',NULL,NULL),(172,NULL,366,0,0,'2015-04-17 00:55:49','2015-04-17 00:55:49',NULL,NULL),(173,NULL,372,0,0,'2015-04-17 01:08:57','2015-04-17 01:08:57',NULL,NULL),(174,NULL,373,0,0,'2015-04-17 01:08:57','2015-04-17 01:08:57',NULL,NULL),(175,NULL,374,0,0,'2015-04-17 01:08:57','2015-04-17 01:08:57',NULL,NULL),(176,NULL,376,0,0,'2015-04-17 01:08:57','2015-04-17 01:08:57',NULL,NULL),(177,NULL,377,0,0,'2015-04-17 01:08:57','2015-04-17 01:08:57',NULL,NULL),(178,NULL,379,0,0,'2015-04-17 01:23:06','2015-04-17 01:23:06',NULL,NULL),(179,NULL,380,0,0,'2015-04-17 01:23:06','2015-04-17 01:23:06',NULL,NULL),(180,NULL,381,0,0,'2015-04-17 01:23:06','2015-04-17 01:23:06',NULL,NULL),(181,NULL,668,0,0,'2015-09-16 14:37:14','2015-04-17 01:30:33',NULL,NULL),(182,NULL,389,0,0,'2015-04-17 01:30:33','2015-04-17 01:30:33',NULL,NULL),(183,NULL,669,0,0,'2015-09-16 14:37:14','2015-04-17 01:30:33',NULL,NULL),(184,NULL,391,0,0,'2015-04-17 01:42:05','2015-04-17 01:42:05',NULL,NULL),(185,NULL,397,0,0,'2015-04-17 01:55:47','2015-04-17 01:55:47',NULL,NULL),(186,NULL,398,0,0,'2015-04-17 01:55:47','2015-04-17 01:55:47',NULL,NULL),(187,NULL,400,0,0,'2015-04-17 01:55:47','2015-04-17 01:55:47',NULL,NULL),(188,NULL,401,0,0,'2015-04-17 01:55:47','2015-04-17 01:55:47',NULL,NULL),(189,NULL,402,0,0,'2015-04-17 01:55:47','2015-04-17 01:55:47',NULL,NULL),(190,NULL,403,0,0,'2015-04-17 01:55:47','2015-04-17 01:55:47',NULL,NULL),(191,NULL,406,0,0,'2015-04-17 02:01:38','2015-04-17 02:01:38',NULL,NULL),(192,NULL,407,0,0,'2015-04-17 02:01:38','2015-04-17 02:01:38',NULL,NULL),(193,NULL,408,0,0,'2015-04-17 02:01:38','2015-04-17 02:01:38',NULL,NULL),(194,NULL,409,0,0,'2015-04-17 02:01:38','2015-04-17 02:01:38',NULL,NULL),(195,NULL,410,0,0,'2015-04-17 02:01:38','2015-04-17 02:01:38',NULL,NULL),(196,NULL,456,0,0,'2016-01-14 17:43:18','2015-04-26 22:15:56','Дванадцять місяців або хранителі року','Дванадцять місяців або хранителі року'),(197,NULL,457,0,0,'2016-01-14 17:43:18','2015-04-26 22:15:56','Дванадцять місяців або хранителі року','Дванадцять місяців або хранителі року'),(198,NULL,474,0,0,'2015-05-08 08:38:14','2015-05-08 08:38:14','Баба',NULL),(199,NULL,475,0,0,'2015-05-08 08:38:14','2015-05-08 08:38:14','баба',NULL),(200,NULL,476,0,0,'2015-05-08 08:38:14','2015-05-08 08:38:14','Баба',NULL),(201,NULL,477,0,0,'2015-05-08 08:38:14','2015-05-08 08:38:14','Баба',NULL),(202,NULL,478,0,0,'2015-05-08 08:38:14','2015-05-08 08:38:14','Баба',NULL),(203,NULL,479,0,0,'2015-05-08 08:38:14','2015-05-08 08:38:14','Баба',NULL),(204,NULL,480,0,0,'2015-05-08 08:38:14','2015-05-08 08:38:14','Баба',NULL),(205,NULL,481,0,0,'2015-05-08 08:38:14','2015-05-08 08:38:14','Баба',NULL),(206,NULL,482,0,0,'2015-05-08 08:38:14','2015-05-08 08:38:14','Баба',NULL),(207,NULL,483,0,0,'2015-05-08 08:38:14','2015-05-08 08:38:14','Баба',NULL),(208,NULL,494,0,0,'2015-05-08 21:49:35','2015-05-08 21:49:35',NULL,NULL),(209,NULL,499,0,0,'2015-05-12 19:15:05','2015-05-12 19:15:05',NULL,NULL),(210,NULL,500,0,0,'2015-05-12 19:15:05','2015-05-12 19:15:05',NULL,NULL),(211,NULL,501,0,0,'2015-05-12 19:15:05','2015-05-12 19:15:05',NULL,NULL),(212,NULL,502,0,0,'2015-05-12 19:15:05','2015-05-12 19:15:05',NULL,NULL),(213,NULL,503,0,0,'2015-05-12 19:15:05','2015-05-12 19:15:05',NULL,NULL),(214,NULL,504,0,0,'2015-05-12 19:15:05','2015-05-12 19:15:05',NULL,NULL),(215,NULL,505,0,0,'2015-05-12 19:15:05','2015-05-12 19:15:05',NULL,NULL),(216,NULL,506,0,0,'2015-05-12 19:15:05','2015-05-12 19:15:05',NULL,NULL),(217,NULL,510,0,0,'2015-05-12 19:29:48','2015-05-12 19:29:48',NULL,NULL),(218,NULL,511,0,0,'2015-05-12 19:29:48','2015-05-12 19:29:48',NULL,NULL),(219,NULL,512,0,0,'2015-05-12 19:29:48','2015-05-12 19:29:48',NULL,NULL),(220,NULL,513,0,0,'2015-05-12 19:29:48','2015-05-12 19:29:48',NULL,NULL),(221,NULL,514,0,0,'2015-05-12 19:29:48','2015-05-12 19:29:48',NULL,NULL),(222,NULL,515,0,0,'2015-05-12 19:29:48','2015-05-12 19:29:48',NULL,NULL),(223,NULL,516,0,0,'2015-05-12 19:29:48','2015-05-12 19:29:48',NULL,NULL),(224,NULL,517,0,0,'2015-05-12 19:29:48','2015-05-12 19:29:48',NULL,NULL),(225,NULL,518,0,0,'2015-05-12 19:29:48','2015-05-12 19:29:48',NULL,NULL),(226,NULL,521,0,0,'2015-05-12 20:05:18','2015-05-12 20:05:18',NULL,NULL),(227,NULL,522,0,0,'2015-05-12 20:05:18','2015-05-12 20:05:18',NULL,NULL),(228,NULL,523,0,0,'2015-05-12 20:05:18','2015-05-12 20:05:18',NULL,NULL),(229,NULL,524,0,0,'2015-05-12 20:05:18','2015-05-12 20:05:18',NULL,NULL),(230,NULL,525,0,0,'2015-05-12 20:05:18','2015-05-12 20:05:18',NULL,NULL),(231,NULL,526,0,0,'2015-05-12 20:05:18','2015-05-12 20:05:18',NULL,NULL),(232,NULL,527,0,0,'2015-05-12 20:05:18','2015-05-12 20:05:18',NULL,NULL),(233,NULL,532,0,0,'2015-05-16 09:55:46','2015-05-16 09:55:46',NULL,NULL),(234,NULL,533,0,0,'2015-05-16 09:55:46','2015-05-16 09:55:46',NULL,NULL),(235,NULL,534,0,0,'2015-05-16 09:55:46','2015-05-16 09:55:46',NULL,NULL),(236,NULL,535,0,0,'2015-05-16 09:55:46','2015-05-16 09:55:46',NULL,NULL),(237,NULL,538,0,0,'2015-05-16 10:06:32','2015-05-16 10:06:32',NULL,NULL),(238,NULL,539,0,0,'2015-05-16 10:06:32','2015-05-16 10:06:32',NULL,NULL),(239,NULL,540,0,0,'2015-05-16 10:06:32','2015-05-16 10:06:32',NULL,NULL),(240,NULL,541,0,0,'2015-05-16 10:06:32','2015-05-16 10:06:32',NULL,NULL),(241,NULL,542,0,0,'2015-06-04 11:34:29','2015-06-04 11:34:29',NULL,NULL),(242,NULL,543,0,0,'2015-06-04 11:34:29','2015-06-04 11:34:29',NULL,NULL),(243,NULL,544,0,0,'2015-06-04 11:34:29','2015-06-04 11:34:29',NULL,NULL),(244,NULL,545,0,0,'2015-06-04 11:34:29','2015-06-04 11:34:29',NULL,NULL),(245,NULL,546,0,0,'2015-06-04 11:34:29','2015-06-04 11:34:29',NULL,NULL),(246,NULL,547,0,0,'2015-06-04 11:34:29','2015-06-04 11:34:29',NULL,NULL),(247,NULL,548,0,0,'2015-06-04 11:34:29','2015-06-04 11:34:29',NULL,NULL),(248,NULL,549,0,0,'2015-06-04 11:34:29','2015-06-04 11:34:29',NULL,NULL),(249,NULL,550,0,0,'2015-06-04 11:34:29','2015-06-04 11:34:29',NULL,NULL),(250,NULL,551,0,0,'2015-06-04 11:34:29','2015-06-04 11:34:29',NULL,NULL),(251,NULL,556,0,0,'2015-06-04 11:55:14','2015-06-04 11:55:14',NULL,NULL),(252,NULL,559,0,0,'2015-06-06 16:55:15','2015-06-06 16:55:15',NULL,NULL),(253,NULL,560,0,0,'2015-06-06 16:56:22','2015-06-06 16:56:22',NULL,NULL),(254,NULL,561,0,0,'2015-06-06 16:57:24','2015-06-06 16:57:24',NULL,NULL),(255,NULL,562,0,0,'2015-06-06 16:58:54','2015-06-06 16:58:54',NULL,NULL),(256,NULL,563,0,0,'2015-06-06 17:01:57','2015-06-06 17:01:57',NULL,NULL),(257,NULL,564,0,0,'2015-06-06 17:01:57','2015-06-06 17:01:57',NULL,NULL),(258,NULL,565,0,0,'2015-06-06 17:01:57','2015-06-06 17:01:57',NULL,NULL),(259,NULL,567,0,0,'2015-06-13 17:51:53','2015-06-13 17:51:53',NULL,NULL),(260,NULL,568,0,0,'2015-06-13 17:51:53','2015-06-13 17:51:53',NULL,NULL),(261,NULL,569,0,0,'2015-06-13 17:51:53','2015-06-13 17:51:53',NULL,NULL),(262,NULL,570,0,0,'2015-06-13 17:57:35','2015-06-13 17:57:35',NULL,NULL),(263,NULL,571,0,0,'2015-06-13 17:57:35','2015-06-13 17:57:35',NULL,NULL),(264,NULL,572,0,0,'2015-06-13 17:57:35','2015-06-13 17:57:35',NULL,NULL),(265,NULL,573,0,0,'2015-06-13 17:57:35','2015-06-13 17:57:35',NULL,NULL),(266,NULL,574,0,0,'2015-06-13 17:57:35','2015-06-13 17:57:35',NULL,NULL),(267,NULL,575,0,0,'2015-06-13 17:57:35','2015-06-13 17:57:35',NULL,NULL),(268,NULL,576,0,0,'2015-06-13 17:57:35','2015-06-13 17:57:35',NULL,NULL),(269,NULL,577,0,0,'2015-06-13 17:57:35','2015-06-13 17:57:35',NULL,NULL),(270,NULL,578,0,0,'2015-06-13 17:57:35','2015-06-13 17:57:35',NULL,NULL),(271,NULL,579,0,0,'2015-06-13 17:57:35','2015-06-13 17:57:35',NULL,NULL),(272,NULL,580,0,0,'2015-06-13 17:57:35','2015-06-13 17:57:35',NULL,NULL),(273,NULL,581,0,0,'2015-06-13 18:04:26','2015-06-13 18:04:26',NULL,NULL),(274,NULL,582,0,0,'2015-06-13 18:04:26','2015-06-13 18:04:26',NULL,NULL),(275,NULL,583,0,0,'2015-06-13 18:04:26','2015-06-13 18:04:26',NULL,NULL),(276,NULL,584,0,0,'2015-06-13 18:04:26','2015-06-13 18:04:26',NULL,NULL),(277,NULL,585,0,0,'2015-06-13 18:04:26','2015-06-13 18:04:26',NULL,NULL),(278,NULL,31,0,0,'2015-06-13 18:04:26','2015-06-13 18:04:26','Мізантроп','Мізантроп'),(279,NULL,581,0,0,'2015-06-13 18:04:26','2015-06-13 18:04:26',NULL,NULL),(280,NULL,582,0,0,'2015-06-13 18:04:26','2015-06-13 18:04:26',NULL,NULL),(281,NULL,583,0,0,'2015-06-13 18:04:26','2015-06-13 18:04:26',NULL,NULL),(282,NULL,584,0,0,'2015-06-13 18:04:26','2015-06-13 18:04:26',NULL,NULL),(283,NULL,585,0,0,'2015-06-13 18:04:26','2015-06-13 18:04:26',NULL,NULL),(284,NULL,586,0,0,'2015-06-13 18:04:26','2015-06-13 18:04:26',NULL,NULL),(285,NULL,587,0,0,'2015-06-13 18:04:26','2015-06-13 18:04:26',NULL,NULL),(286,NULL,NULL,0,0,'2015-06-13 18:05:37','2015-06-13 18:05:37',NULL,NULL),(287,NULL,588,0,0,'2015-06-13 18:16:33','2015-06-13 18:16:33',NULL,NULL),(288,NULL,589,0,0,'2015-06-13 18:16:33','2015-06-13 18:16:33',NULL,NULL),(289,NULL,590,0,0,'2015-06-13 18:16:33','2015-06-13 18:16:33',NULL,NULL),(290,NULL,591,0,0,'2015-06-13 18:16:33','2015-06-13 18:16:33',NULL,NULL),(291,NULL,592,0,0,'2015-06-13 18:16:33','2015-06-13 18:16:33',NULL,NULL),(292,NULL,593,0,0,'2015-06-13 18:20:32','2015-06-13 18:20:32',NULL,NULL),(293,NULL,594,0,0,'2015-06-13 18:20:32','2015-06-13 18:20:32',NULL,NULL),(294,NULL,595,0,0,'2015-06-13 18:20:32','2015-06-13 18:20:32',NULL,NULL),(295,NULL,596,0,0,'2015-06-13 18:20:32','2015-06-13 18:20:32',NULL,NULL),(296,NULL,598,0,0,'2015-06-13 18:20:32','2015-06-13 18:20:32',NULL,NULL),(297,NULL,599,0,0,'2015-06-13 18:20:32','2015-06-13 18:20:32',NULL,NULL),(298,NULL,NULL,0,0,'2015-06-15 05:31:26','2015-06-15 05:31:26',NULL,NULL),(307,NULL,628,0,0,'2015-07-06 18:04:49','2015-07-06 18:04:49',NULL,NULL),(308,NULL,629,0,0,'2015-07-06 18:04:49','2015-07-06 18:04:49',NULL,NULL),(309,NULL,630,0,0,'2015-07-06 18:04:49','2015-07-06 18:04:49',NULL,NULL),(310,NULL,631,0,0,'2015-07-06 18:04:49','2015-07-06 18:04:49',NULL,NULL),(311,NULL,633,0,0,'2015-08-30 14:38:03','2015-08-30 14:38:03','console','console'),(312,NULL,NULL,0,0,'2015-08-31 00:04:22','2015-08-30 23:55:28',NULL,NULL),(313,NULL,637,0,0,'2015-09-09 18:25:19','2015-09-09 18:25:19',NULL,NULL),(314,NULL,641,0,0,'2015-09-09 18:35:02','2015-09-09 18:35:02','Розрахункові рахунки',NULL),(315,NULL,642,0,0,'2015-09-09 18:35:02','2015-09-09 18:35:02','Розрахункові рахунки',NULL),(316,NULL,643,0,0,'2015-09-09 18:35:02','2015-09-09 18:35:02','Розрахункові рахунки',NULL),(317,NULL,644,0,0,'2015-09-09 18:35:02','2015-09-09 18:35:02','Розрахункові рахунки',NULL),(318,NULL,646,0,0,'2015-09-09 18:45:39','2015-09-09 18:45:39','розрахункові рахунки',NULL),(319,NULL,647,0,0,'2015-09-09 18:45:39','2015-09-09 18:45:39','розрахункові рахунки',NULL),(320,NULL,648,0,0,'2015-09-09 18:45:39','2015-09-09 18:45:39','розрахункові рахунки',NULL),(321,NULL,649,0,0,'2015-09-09 18:45:39','2015-09-09 18:45:39','розрахункові рахунки',NULL),(322,NULL,646,0,0,'2015-09-09 20:52:30','2015-09-09 20:52:30',NULL,NULL),(323,NULL,646,0,0,'2015-09-14 12:31:13','2015-09-14 12:31:13',NULL,NULL),(324,NULL,656,0,0,'2015-09-16 09:38:57','2015-09-16 09:37:22','Хто в домі господар?',NULL),(325,NULL,657,0,0,'2015-09-16 09:38:57','2015-09-16 09:37:22','Хто в домі господар?',NULL),(326,NULL,658,0,0,'2015-09-16 09:38:57','2015-09-16 09:37:22','Хто в домі господар?',NULL),(327,NULL,NULL,0,0,'2015-09-16 09:37:22','2015-09-16 09:37:22',NULL,NULL),(328,NULL,NULL,0,0,'2015-09-16 09:37:22','2015-09-16 09:37:22',NULL,NULL),(329,NULL,663,0,0,'2015-09-16 11:03:16','2015-09-16 11:03:16',NULL,NULL),(330,NULL,664,0,0,'2015-09-16 11:03:16','2015-09-16 11:03:16',NULL,NULL),(331,NULL,NULL,0,0,'2015-09-16 11:03:16','2015-09-16 11:03:16',NULL,NULL),(332,NULL,672,0,0,'2015-10-06 13:35:14','2015-10-06 13:35:14',NULL,NULL),(333,NULL,673,0,0,'2015-10-06 13:35:14','2015-10-06 13:35:14',NULL,NULL),(334,NULL,674,0,0,'2015-10-06 13:35:14','2015-10-06 13:35:14',NULL,NULL),(335,NULL,675,0,0,'2015-10-06 13:35:14','2015-10-06 13:35:14',NULL,NULL),(336,NULL,676,0,0,'2015-10-06 13:35:14','2015-10-06 13:35:14',NULL,NULL),(337,NULL,677,0,0,'2015-10-06 13:35:14','2015-10-06 13:35:14',NULL,NULL),(338,NULL,678,0,0,'2015-10-06 13:35:14','2015-10-06 13:35:14',NULL,NULL),(339,NULL,679,0,0,'2015-10-06 13:35:14','2015-10-06 13:35:14',NULL,NULL),(340,NULL,680,0,0,'2015-10-06 13:35:14','2015-10-06 13:35:14',NULL,NULL),(341,NULL,681,0,0,'2015-10-06 13:35:14','2015-10-06 13:35:14',NULL,NULL),(342,NULL,686,0,0,'2016-02-22 17:08:45','2016-02-22 17:08:45',NULL,NULL),(343,NULL,687,0,0,'2016-02-22 17:08:45','2016-02-22 17:08:45',NULL,NULL),(344,NULL,688,0,0,'2016-02-22 17:08:45','2016-02-22 17:08:45',NULL,NULL),(345,NULL,689,0,0,'2016-02-22 17:08:45','2016-02-22 17:08:45',NULL,NULL),(346,NULL,690,0,0,'2016-02-22 17:08:45','2016-02-22 17:08:45',NULL,NULL),(347,NULL,691,0,0,'2016-02-22 17:08:45','2016-02-22 17:08:45',NULL,NULL),(348,NULL,692,0,0,'2016-02-22 17:08:45','2016-02-22 17:08:45',NULL,NULL),(349,NULL,701,0,0,'2016-02-22 17:16:12','2016-02-22 17:16:12',NULL,NULL),(350,NULL,699,0,0,'2016-02-22 17:16:12','2016-02-22 17:16:12',NULL,NULL),(351,NULL,697,0,0,'2016-02-22 17:16:12','2016-02-22 17:16:12',NULL,NULL),(352,NULL,698,0,0,'2016-02-22 17:16:12','2016-02-22 17:16:12',NULL,NULL),(353,NULL,700,0,0,'2016-02-22 17:16:12','2016-02-22 17:16:12',NULL,NULL),(356,NULL,725,0,0,'2016-03-25 12:16:22','2016-03-25 12:16:22',NULL,NULL),(357,NULL,805,0,0,'2017-08-30 18:19:46','2017-08-30 18:19:46','Святкування початку нового навчального року у ЧДТУ','заслужений артист України Сергій Бобров, Анна Куриленко, Олена Шолька та Олександр Кузьменко.'),(358,NULL,808,0,0,'2017-09-03 23:20:38','2017-09-03 23:20:38','ЗМІНИ','ЗМІНИ'),(359,NULL,NULL,0,0,'2017-10-24 22:10:35','2017-10-24 22:10:35',NULL,NULL),(360,NULL,832,0,0,'2017-12-11 11:24:31','2017-12-11 11:24:31',NULL,NULL),(361,NULL,849,0,0,'2017-12-15 15:31:57','2017-12-15 15:31:57',NULL,NULL),(362,NULL,850,0,0,'2017-12-15 15:31:57','2017-12-15 15:31:57',NULL,NULL),(363,NULL,851,0,0,'2017-12-15 15:31:57','2017-12-15 15:31:57',NULL,NULL),(364,NULL,852,0,0,'2017-12-15 15:31:57','2017-12-15 15:31:57',NULL,NULL),(365,NULL,853,0,0,'2017-12-15 15:31:57','2017-12-15 15:31:57',NULL,NULL),(366,NULL,854,0,0,'2017-12-15 15:31:57','2017-12-15 15:31:57',NULL,NULL),(367,NULL,855,0,0,'2017-12-15 15:31:57','2017-12-15 15:31:57',NULL,NULL),(368,NULL,856,0,0,'2017-12-15 15:31:57','2017-12-15 15:31:57',NULL,NULL),(369,NULL,NULL,0,0,'2018-04-12 08:25:58','2018-04-12 08:25:58',NULL,NULL),(370,NULL,953,0,0,'2020-01-12 14:31:07','2020-01-12 14:31:07',NULL,NULL),(371,NULL,954,0,0,'2020-01-12 14:31:07','2020-01-12 14:31:07',NULL,NULL),(372,NULL,955,0,0,'2020-01-12 14:31:07','2020-01-12 14:31:07',NULL,NULL),(373,NULL,957,0,0,'2020-01-12 14:31:07','2020-01-12 14:31:07',NULL,NULL),(374,NULL,958,0,0,'2020-01-12 14:31:07','2020-01-12 14:31:07',NULL,NULL);
/*!40000 ALTER TABLE `media__gallery_media` ENABLE KEYS */;
UNLOCK TABLES;

--
-- Table structure for table `media__media`
--

DROP TABLE IF EXISTS `media__media`;
/*!40101 SET @saved_cs_client     = @@character_set_client */;
/*!40101 SET character_set_client = utf8 */;
CREATE TABLE `media__media` (
  `id` int(11) NOT NULL AUTO_INCREMENT,
  `name` varchar(255) COLLATE utf8_unicode_ci NOT NULL,
  `description` text COLLATE utf8_unicode_ci,
  `enabled` tinyint(1) NOT NULL,
  `provider_name` varchar(255) COLLATE utf8_unicode_ci NOT NULL,
  `provider_status` int(11) NOT NULL,
  `provider_reference` varchar(255) COLLATE utf8_unicode_ci NOT NULL,
  `provider_metadata` longtext COLLATE utf8_unicode_ci COMMENT '(DC2Type:json)',
  `width` int(11) DEFAULT NULL,
  `height` int(11) DEFAULT NULL,
  `length` decimal(10,0) DEFAULT NULL,
  `content_type` varchar(255) COLLATE utf8_unicode_ci DEFAULT NULL,
  `content_size` int(11) DEFAULT NULL,
  `copyright` varchar(255) COLLATE utf8_unicode_ci DEFAULT NULL,
  `author_name` varchar(255) COLLATE utf8_unicode_ci DEFAULT NULL,
  `context` varchar(64) COLLATE utf8_unicode_ci DEFAULT NULL,
  `cdn_is_flushable` tinyint(1) DEFAULT NULL,
  `cdn_flush_at` datetime DEFAULT NULL,
  `cdn_status` int(11) DEFAULT NULL,
  `updated_at` datetime NOT NULL,
  `created_at` datetime NOT NULL,
  PRIMARY KEY (`id`)
) ENGINE=InnoDB AUTO_INCREMENT=961 DEFAULT CHARSET=utf8 COLLATE=utf8_unicode_ci;
/*!40101 SET character_set_client = @saved_cs_client */;

--
-- Dumping data for table `media__media`
--

LOCK TABLES `media__media` WRITE;
/*!40000 ALTER TABLE `media__media` DISABLE KEYS */;
INSERT INTO `media__media` VALUES (1,' сміху1.jpg',NULL,0,'sonata.media.provider.image',1,'0122193a9d538ea3257965a0a3dd0cddb8f6f985.jpeg','{\"filename\":\" \\u0441\\u043c\\u0456\\u0445\\u04431.jpg\"}',786,480,NULL,'image/jpeg',42419,NULL,NULL,'performance',NULL,NULL,NULL,'2015-04-07 07:54:47','2015-04-07 07:54:47'),(2,' сміху2.jpg',NULL,0,'sonata.media.provider.image',1,'c18a46f161370ed4c24d2fb6b2b02e05ac16a9f6.jpeg','{\"filename\":\" \\u0441\\u043c\\u0456\\u0445\\u04432.jpg\"}',723,1104,NULL,'image/jpeg',28457,NULL,NULL,'performance',NULL,NULL,NULL,'2015-04-07 07:54:47','2015-04-07 07:54:47'),(3,' сміху3.jpg',NULL,0,'sonata.media.provider.image',1,'e64139aad92acf3e1c6829a5173f80d0ff58383f.jpeg','{\"filename\":\" \\u0441\\u043c\\u0456\\u0445\\u04433.jpg\"}',766,1232,NULL,'image/jpeg',19638,NULL,NULL,'performance',NULL,NULL,NULL,'2015-04-07 07:54:47','2015-04-07 07:54:47'),(4,' сміху4.jpg',NULL,0,'sonata.media.provider.image',1,'9466199f960711748c1088049718c372444eea96.jpeg','{\"filename\":\" \\u0441\\u043c\\u0456\\u0445\\u04434.jpg\"}',770,1126,NULL,'image/jpeg',53852,NULL,NULL,'performance',NULL,NULL,NULL,'2015-04-07 07:54:48','2015-04-07 07:54:48'),(5,' сміху5.jpg',NULL,0,'sonata.media.provider.image',1,'fafd7af691eb826797add62b4cebd90cd70e69d7.jpeg','{\"filename\":\" \\u0441\\u043c\\u0456\\u0445\\u04435.jpg\"}',715,1084,NULL,'image/jpeg',44552,NULL,NULL,'performance',NULL,NULL,NULL,'2015-04-07 07:54:48','2015-04-07 07:54:48'),(6,' сміху6.jpg',NULL,0,'sonata.media.provider.image',1,'86046ed50dc0e7cd7e5b2e4d17767e44a350d7a1.jpeg','{\"filename\":\" \\u0441\\u043c\\u0456\\u0445\\u04436.jpg\"}',724,480,NULL,'image/jpeg',48738,NULL,NULL,'performance',NULL,NULL,NULL,'2015-04-07 07:54:48','2015-04-07 07:54:48'),(7,' сміху7.jpg',NULL,0,'sonata.media.provider.image',1,'4c455138ac2d6a6d84f1a3bd6c844b1778a9cb02.jpeg','{\"filename\":\" \\u0441\\u043c\\u0456\\u0445\\u04437.jpg\"}',744,1162,NULL,'image/jpeg',73506,NULL,NULL,'performance',NULL,NULL,NULL,'2015-04-07 07:54:49','2015-04-07 07:54:49'),(8,'-боїнг1.jpg',NULL,0,'sonata.media.provider.image',1,'5143b2a0473152eadd166cbf9d41888c56c9345d.jpeg','{\"filename\":\"-\\u0431\\u043e\\u0457\\u043d\\u04331.jpg\"}',892,595,NULL,'image/jpeg',144817,NULL,NULL,'performance',NULL,NULL,NULL,'2015-04-07 07:54:49','2015-04-07 07:54:49'),(9,'-боїнг2.jpg',NULL,0,'sonata.media.provider.image',1,'a2530568404084b537e232a20895439d8fddd324.jpeg','{\"filename\":\"-\\u0431\\u043e\\u0457\\u043d\\u04332.jpg\"}',892,595,NULL,'image/jpeg',148719,NULL,NULL,'performance',NULL,NULL,NULL,'2015-04-07 07:54:49','2015-04-07 07:54:49'),(10,'-боїнг3.jpg',NULL,0,'sonata.media.provider.image',1,'eed1abd0da85ef8920fbbcad7ffa6eb105fcd862.jpeg','{\"filename\":\"-\\u0431\\u043e\\u0457\\u043d\\u04333.jpg\"}',892,595,NULL,'image/jpeg',123101,NULL,NULL,'performance',NULL,NULL,NULL,'2015-04-07 07:54:49','2015-04-07 07:54:49'),(11,'-боїнг4.jpg',NULL,0,'sonata.media.provider.image',1,'11ccb09dbeeca66712d84817ec2835dcdebe9053.jpeg','{\"filename\":\"-\\u0431\\u043e\\u0457\\u043d\\u04334.jpg\"}',892,595,NULL,'image/jpeg',166406,NULL,NULL,'performance',NULL,NULL,NULL,'2015-04-07 07:54:49','2015-04-07 07:54:49'),(12,'-боїнг5.jpg',NULL,0,'sonata.media.provider.image',1,'95fcbbd35eb1821727bd9bbc58a20a4c728eb432.jpeg','{\"filename\":\"-\\u0431\\u043e\\u0457\\u043d\\u04335.jpg\"}',1280,856,NULL,'image/jpeg',176568,NULL,NULL,'performance',NULL,NULL,NULL,'2015-04-07 07:54:49','2015-04-07 07:54:49'),(13,' сад1.jpg',NULL,0,'sonata.media.provider.image',1,'e49908d33d926fe13662c2161adf60625362e638.jpeg','{\"filename\":\" \\u0441\\u0430\\u04341.jpg\"}',586,415,NULL,'image/jpeg',73557,NULL,NULL,'performance',NULL,NULL,NULL,'2015-04-07 07:54:50','2015-04-07 07:54:50'),(14,' сад2.jpg',NULL,0,'sonata.media.provider.image',1,'7188a5dc974cea6b30f99728f75662d80e2b0a6c.jpeg','{\"filename\":\" \\u0441\\u0430\\u04342.jpg\"}',600,425,NULL,'image/jpeg',64012,NULL,NULL,'performance',NULL,NULL,NULL,'2015-04-07 07:54:50','2015-04-07 07:54:50'),(15,' сад3.jpg',NULL,0,'sonata.media.provider.image',1,'27a371e74d585fd09f8c37ff50ba88e43177d520.jpeg','{\"filename\":\" \\u0441\\u0430\\u04343.jpg\"}',600,425,NULL,'image/jpeg',68847,NULL,NULL,'performance',NULL,NULL,NULL,'2015-04-07 07:54:50','2015-04-07 07:54:50'),(16,' сад4.jpg',NULL,0,'sonata.media.provider.image',1,'dc4defd837af0ee8525fb1ac1a898f1757bd9e60.jpeg','{\"filename\":\" \\u0441\\u0430\\u04344.jpg\"}',604,299,NULL,'image/jpeg',59480,NULL,NULL,'performance',NULL,NULL,NULL,'2015-04-07 07:54:50','2015-04-07 07:54:50'),(17,' сад5.jpg',NULL,0,'sonata.media.provider.image',1,'81eb5a2e79b3d6aba62b2834225b1202c59f078b.jpeg','{\"filename\":\" \\u0441\\u0430\\u04345.jpg\"}',604,305,NULL,'image/jpeg',40988,NULL,NULL,'performance',NULL,NULL,NULL,'2015-04-07 07:54:50','2015-04-07 07:54:50'),(18,' про братів 1.jpg',NULL,0,'sonata.media.provider.image',1,'333cce3e1d35a0f1e8a688282fbb77d411c311d7.jpeg','{\"filename\":\" \\u043f\\u0440\\u043e \\u0431\\u0440\\u0430\\u0442\\u0456\\u0432 1.jpg\"}',403,604,NULL,'image/jpeg',55269,NULL,NULL,'performance',NULL,NULL,NULL,'2015-04-07 07:54:50','2015-04-07 07:54:50'),(19,' про братів 2.jpg',NULL,0,'sonata.media.provider.image',1,'c9d5309692f6f2fc6e9e24040c610ae686137a56.jpeg','{\"filename\":\" \\u043f\\u0440\\u043e \\u0431\\u0440\\u0430\\u0442\\u0456\\u0432 2.jpg\"}',403,604,NULL,'image/jpeg',44366,NULL,NULL,'performance',NULL,NULL,NULL,'2015-04-07 07:54:50','2015-04-07 07:54:50'),(20,' про братів 3.jpg',NULL,0,'sonata.media.provider.image',1,'657c4e4c9bf027a80a161fece41b6da4c29d0750.jpeg','{\"filename\":\" \\u043f\\u0440\\u043e \\u0431\\u0440\\u0430\\u0442\\u0456\\u0432 3.jpg\"}',604,403,NULL,'image/jpeg',78857,NULL,NULL,'performance',NULL,NULL,NULL,'2015-04-07 07:54:50','2015-04-07 07:54:50'),(21,' про братів 4.jpg',NULL,0,'sonata.media.provider.image',1,'646b7556e65c6a9e1212f4eb13f34701fc2eba17.jpeg','{\"filename\":\" \\u043f\\u0440\\u043e \\u0431\\u0440\\u0430\\u0442\\u0456\\u0432 4.jpg\"}',604,403,NULL,'image/jpeg',56791,NULL,NULL,'performance',NULL,NULL,NULL,'2015-04-07 07:54:50','2015-04-07 07:54:50'),(22,' про братів 5.jpg',NULL,0,'sonata.media.provider.image',1,'cc9391936fdb629dd660972971bc2a1fbacfcf9d.jpeg','{\"filename\":\" \\u043f\\u0440\\u043e \\u0431\\u0440\\u0430\\u0442\\u0456\\u0432 5.jpg\"}',604,403,NULL,'image/jpeg',43445,NULL,NULL,'performance',NULL,NULL,NULL,'2015-04-07 07:54:50','2015-04-07 07:54:50'),(23,' про братів 6.jpg',NULL,0,'sonata.media.provider.image',1,'cd20fc3792c2da3ad4c40d14036a37c56abb7772.jpeg','{\"filename\":\" \\u043f\\u0440\\u043e \\u0431\\u0440\\u0430\\u0442\\u0456\\u0432 6.jpg\"}',604,403,NULL,'image/jpeg',67887,NULL,NULL,'performance',NULL,NULL,NULL,'2015-04-07 07:54:50','2015-04-07 07:54:50'),(24,' про братів 7.jpg',NULL,0,'sonata.media.provider.image',1,'8fbcdec80e800ee65951c7eaff6cec18392f182a.jpeg','{\"filename\":\" \\u043f\\u0440\\u043e \\u0431\\u0440\\u0430\\u0442\\u0456\\u0432 7.jpg\"}',403,604,NULL,'image/jpeg',65104,NULL,NULL,'performance',NULL,NULL,NULL,'2015-04-07 07:54:51','2015-04-07 07:54:51'),(25,' 1.jpg',NULL,0,'sonata.media.provider.image',1,'21323294832806bc0ca56b10dc12acd7f1dd5286.jpeg','{\"filename\":\" 1.jpg\"}',604,453,NULL,'image/jpeg',64645,NULL,NULL,'performance',NULL,NULL,NULL,'2015-04-07 07:54:51','2015-04-07 07:54:51'),(26,' 2.jpg',NULL,0,'sonata.media.provider.image',1,'6e0bdb844b2e1ae0dc71ade4ac6a7b7c678568bb.jpeg','{\"filename\":\" 2.jpg\"}',604,403,NULL,'image/jpeg',45310,NULL,NULL,'performance',NULL,NULL,NULL,'2015-04-07 07:54:51','2015-04-07 07:54:51'),(27,' 3.jpg',NULL,0,'sonata.media.provider.image',1,'76b9b53ff986e9af55839ed16dcbfca0b4dd3de1.jpeg','{\"filename\":\" 3.jpg\"}',604,403,NULL,'image/jpeg',41826,NULL,NULL,'performance',NULL,NULL,NULL,'2015-04-07 07:54:51','2015-04-07 07:54:51'),(28,' 4.jpg',NULL,0,'sonata.media.provider.image',1,'805fc1733d7ab406c7670d3ac277bd6713dc1ef9.jpeg','{\"filename\":\" 4.jpg\"}',604,403,NULL,'image/jpeg',47534,NULL,NULL,'performance',NULL,NULL,NULL,'2015-04-07 07:54:51','2015-04-07 07:54:51'),(29,' 5.jpg',NULL,0,'sonata.media.provider.image',1,'a94866cc1b1085c1e49f7c455b5cd8d80c87184d.jpeg','{\"filename\":\" 5.jpg\"}',402,604,NULL,'image/jpeg',43530,NULL,NULL,'performance',NULL,NULL,NULL,'2015-04-07 07:54:51','2015-04-07 07:54:51'),(30,' 6.jpg',NULL,0,'sonata.media.provider.image',1,'e68e68a655a05067b704da137c8fd3e170590687.jpeg','{\"filename\":\" 6.jpg\"}',604,401,NULL,'image/jpeg',75013,NULL,NULL,'performance',NULL,NULL,NULL,'2015-04-07 07:54:51','2015-04-07 07:54:51'),(31,' 7.jpg',NULL,0,'sonata.media.provider.image',1,'f23e1d76152e7408b6a7458309773b8f709b5f0a.jpeg','{\"filename\":\" 7.jpg\"}',604,401,NULL,'image/jpeg',45133,NULL,NULL,'performance',NULL,NULL,NULL,'2015-04-07 07:54:51','2015-04-07 07:54:51'),(32,' 1.jpg',NULL,0,'sonata.media.provider.image',1,'e97ecbcc0fa0555af8acdbe7ae187590d7ea94e2.jpeg','{\"filename\":\" 1.jpg\"}',338,604,NULL,'image/jpeg',66227,NULL,NULL,'performance',NULL,NULL,NULL,'2015-04-07 07:54:52','2015-04-07 07:54:52'),(33,' 2.jpg',NULL,0,'sonata.media.provider.image',1,'9b1998047a10e685fd051592f312c64263799d7a.jpeg','{\"filename\":\" 2.jpg\"}',604,220,NULL,'image/jpeg',42316,NULL,NULL,'performance',NULL,NULL,NULL,'2015-04-07 07:54:52','2015-04-07 07:54:52'),(34,' 3.jpg',NULL,0,'sonata.media.provider.image',1,'dc8ff2cf7f308ea0bc3d162dd6fdef829a589620.jpeg','{\"filename\":\" 3.jpg\"}',403,604,NULL,'image/jpeg',45847,NULL,NULL,'performance',NULL,NULL,NULL,'2015-04-07 07:54:52','2015-04-07 07:54:52'),(35,' 4.jpg',NULL,0,'sonata.media.provider.image',1,'a96b2f8f7dff92dadd8b4bade335a27c92f84b6d.jpeg','{\"filename\":\" 4.jpg\"}',604,403,NULL,'image/jpeg',82143,NULL,NULL,'performance',NULL,NULL,NULL,'2015-04-07 07:54:52','2015-04-07 07:54:52'),(36,' 5.jpg',NULL,0,'sonata.media.provider.image',1,'5a716b949cc59814648d4f17b5fd66107599ee04.jpeg','{\"filename\":\" 5.jpg\"}',338,604,NULL,'image/jpeg',62133,NULL,NULL,'performance',NULL,NULL,NULL,'2015-04-07 07:54:52','2015-04-07 07:54:52'),(37,' 6.jpg',NULL,0,'sonata.media.provider.image',1,'e1a6f8729136b2e27829854b3a83337a1b5d570d.jpeg','{\"filename\":\" 6.jpg\"}',604,403,NULL,'image/jpeg',53883,NULL,NULL,'performance',NULL,NULL,NULL,'2015-04-07 07:54:52','2015-04-07 07:54:52'),(38,' 7.jpg',NULL,0,'sonata.media.provider.image',1,'1a5e2138db5b5b8a818529039b2cb3642d93fef8.jpeg','{\"filename\":\" 7.jpg\"}',604,403,NULL,'image/jpeg',90160,NULL,NULL,'performance',NULL,NULL,NULL,'2015-04-07 07:54:52','2015-04-07 07:54:52'),(39,' 8.jpg',NULL,0,'sonata.media.provider.image',1,'d8c6eb87c504877261119f564850066b316708b0.jpeg','{\"filename\":\" 8.jpg\"}',604,403,NULL,'image/jpeg',61573,NULL,NULL,'performance',NULL,NULL,NULL,'2015-04-07 07:54:52','2015-04-07 07:54:52'),(40,' 1.jpg',NULL,0,'sonata.media.provider.image',1,'edbd1412ed6769918bc824c89c7278ad536b5abb.jpeg','{\"filename\":\" 1.jpg\"}',403,604,NULL,'image/jpeg',79881,NULL,NULL,'performance',NULL,NULL,NULL,'2015-04-07 07:54:52','2015-04-07 07:54:52'),(41,' 2.jpg',NULL,0,'sonata.media.provider.image',1,'1bca9dc9e9de747f9c9af33c15e08fc409e570c2.jpeg','{\"filename\":\" 2.jpg\"}',403,604,NULL,'image/jpeg',70530,NULL,NULL,'performance',NULL,NULL,NULL,'2015-04-07 07:54:53','2015-04-07 07:54:53'),(42,' 3.jpg',NULL,0,'sonata.media.provider.image',1,'fc36c6f830ca3c8260ce228e86348a1be9fff0bc.jpeg','{\"filename\":\" 3.jpg\"}',453,604,NULL,'image/jpeg',83511,NULL,NULL,'performance',NULL,NULL,NULL,'2015-04-07 07:54:53','2015-04-07 07:54:53'),(43,' 4.jpg',NULL,0,'sonata.media.provider.image',1,'67b0799221e9ad34c287a26a46bab0b2f94d8c6c.jpeg','{\"filename\":\" 4.jpg\"}',604,453,NULL,'image/jpeg',92263,NULL,NULL,'performance',NULL,NULL,NULL,'2015-04-07 07:54:53','2015-04-07 07:54:53'),(44,' 5.jpg',NULL,0,'sonata.media.provider.image',1,'94f7a58431ae5524afc4decbb6fa76cd7b5763ed.jpeg','{\"filename\":\" 5.jpg\"}',604,453,NULL,'image/jpeg',90387,NULL,NULL,'performance',NULL,NULL,NULL,'2015-04-07 07:54:53','2015-04-07 07:54:53'),(45,' 6.jpg',NULL,0,'sonata.media.provider.image',1,'7d81673cb91ad7fda045d8c992c92e00de83921b.jpeg','{\"filename\":\" 6.jpg\"}',604,453,NULL,'image/jpeg',94257,NULL,NULL,'performance',NULL,NULL,NULL,'2015-04-07 07:54:53','2015-04-07 07:54:53'),(46,' 7.jpg',NULL,0,'sonata.media.provider.image',1,'5424ec8f2bceb05b62b24b0f61698f4bc8ca7d63.jpeg','{\"filename\":\" 7.jpg\"}',604,453,NULL,'image/jpeg',92631,NULL,NULL,'performance',NULL,NULL,NULL,'2015-04-07 07:54:53','2015-04-07 07:54:53'),(47,' 1.jpg',NULL,0,'sonata.media.provider.image',1,'05eef13b08134f47d2cdbd4b1bb1c3399da00593.jpeg','{\"filename\":\" 1.jpg\"}',402,604,NULL,'image/jpeg',99205,NULL,NULL,'performance',NULL,NULL,NULL,'2015-04-07 07:54:53','2015-04-07 07:54:53'),(48,' 2.jpg',NULL,0,'sonata.media.provider.image',1,'800144ced90f017de07d446baf63825de005753d.jpeg','{\"filename\":\" 2.jpg\"}',604,403,NULL,'image/jpeg',90541,NULL,NULL,'performance',NULL,NULL,NULL,'2015-04-07 07:54:53','2015-04-07 07:54:53'),(49,' 3.jpg',NULL,0,'sonata.media.provider.image',1,'c8d09df247884b613ac48d6dbfdda69c8df4ca9d.jpeg','{\"filename\":\" 3.jpg\"}',400,600,NULL,'image/jpeg',77652,NULL,NULL,'performance',NULL,NULL,NULL,'2015-04-07 07:54:53','2015-04-07 07:54:53'),(50,' 4.jpg',NULL,0,'sonata.media.provider.image',1,'2bf1639d5efca6042b1fc69644f0b4850fb87cdb.jpeg','{\"filename\":\" 4.jpg\"}',604,403,NULL,'image/jpeg',80514,NULL,NULL,'performance',NULL,NULL,NULL,'2015-04-07 07:54:53','2015-04-07 07:54:53'),(51,' сміху1.jpg',NULL,0,'sonata.media.provider.image',1,'739f9a9230e1335cd901ada99f73fdb5f63b4ca8.jpeg','{\"filename\":\" \\u0441\\u043c\\u0456\\u0445\\u04431.jpg\"}',786,480,NULL,'image/jpeg',42419,NULL,NULL,'employee',NULL,NULL,NULL,'2015-04-07 07:54:54','2015-04-07 07:54:54'),(52,' сміху2.jpg',NULL,0,'sonata.media.provider.image',1,'257f029e3b8de66852c4351686d1e656641bbbcf.jpeg','{\"filename\":\" \\u0441\\u043c\\u0456\\u0445\\u04432.jpg\"}',723,1104,NULL,'image/jpeg',28457,NULL,NULL,'employee',NULL,NULL,NULL,'2015-04-07 07:54:54','2015-04-07 07:54:54'),(53,' сміху3.jpg',NULL,0,'sonata.media.provider.image',1,'b98a0fd5971a41f9aa78b8ecc4036a7f0a440a99.jpeg','{\"filename\":\" \\u0441\\u043c\\u0456\\u0445\\u04433.jpg\"}',766,1232,NULL,'image/jpeg',19638,NULL,NULL,'employee',NULL,NULL,NULL,'2015-04-07 07:54:54','2015-04-07 07:54:54'),(54,' сміху4.jpg',NULL,0,'sonata.media.provider.image',1,'9a1d2c5409eeff1062210303faa51b311d36c8e4.jpeg','{\"filename\":\" \\u0441\\u043c\\u0456\\u0445\\u04434.jpg\"}',770,1126,NULL,'image/jpeg',53852,NULL,NULL,'employee',NULL,NULL,NULL,'2015-04-07 07:54:54','2015-04-07 07:54:54'),(55,' сміху5.jpg',NULL,0,'sonata.media.provider.image',1,'6c3159806ca721e208c418b83ba3b7564217cf3e.jpeg','{\"filename\":\" \\u0441\\u043c\\u0456\\u0445\\u04435.jpg\"}',715,1084,NULL,'image/jpeg',44552,NULL,NULL,'employee',NULL,NULL,NULL,'2015-04-07 07:54:55','2015-04-07 07:54:55'),(56,' сміху6.jpg',NULL,0,'sonata.media.provider.image',1,'31c3633d8d4eae4c1db46e30fd2d4c1e9c864180.jpeg','{\"filename\":\" \\u0441\\u043c\\u0456\\u0445\\u04436.jpg\"}',724,480,NULL,'image/jpeg',48738,NULL,NULL,'employee',NULL,NULL,NULL,'2015-04-07 07:54:55','2015-04-07 07:54:55'),(57,' сміху7.jpg',NULL,0,'sonata.media.provider.image',1,'b6b36565fe96b142fee8ad0f800f28a7c55cbb55.jpeg','{\"filename\":\" \\u0441\\u043c\\u0456\\u0445\\u04437.jpg\"}',744,1162,NULL,'image/jpeg',73506,NULL,NULL,'employee',NULL,NULL,NULL,'2015-04-07 07:54:55','2015-04-07 07:54:55'),(58,'-боїнг1.jpg',NULL,0,'sonata.media.provider.image',1,'a179af3e46121efc95258bfdf4bd05266e39c786.jpeg','{\"filename\":\"-\\u0431\\u043e\\u0457\\u043d\\u04331.jpg\"}',892,595,NULL,'image/jpeg',144817,NULL,NULL,'employee',NULL,NULL,NULL,'2015-04-07 07:54:55','2015-04-07 07:54:55'),(59,'-боїнг2.jpg',NULL,0,'sonata.media.provider.image',1,'6f5c209c361030720fd636f3e7ca0fea837a88f1.jpeg','{\"filename\":\"-\\u0431\\u043e\\u0457\\u043d\\u04332.jpg\"}',892,595,NULL,'image/jpeg',148719,NULL,NULL,'employee',NULL,NULL,NULL,'2015-04-07 07:54:55','2015-04-07 07:54:55'),(60,'-боїнг3.jpg',NULL,0,'sonata.media.provider.image',1,'aebd09e624154e77135200ee1f191b150d14bc3b.jpeg','{\"filename\":\"-\\u0431\\u043e\\u0457\\u043d\\u04333.jpg\"}',892,595,NULL,'image/jpeg',123101,NULL,NULL,'employee',NULL,NULL,NULL,'2015-04-07 07:54:56','2015-04-07 07:54:56'),(61,'-боїнг4.jpg',NULL,0,'sonata.media.provider.image',1,'f041bb4632df81fb7f2ed123aee72d82fed5c0f4.jpeg','{\"filename\":\"-\\u0431\\u043e\\u0457\\u043d\\u04334.jpg\"}',892,595,NULL,'image/jpeg',166406,NULL,NULL,'employee',NULL,NULL,NULL,'2015-04-07 07:54:56','2015-04-07 07:54:56'),(62,'-боїнг5.jpg',NULL,0,'sonata.media.provider.image',1,'3e5267f03160f21e997b1b07b46a16de3b79f46d.jpeg','{\"filename\":\"-\\u0431\\u043e\\u0457\\u043d\\u04335.jpg\"}',1280,856,NULL,'image/jpeg',176568,NULL,NULL,'employee',NULL,NULL,NULL,'2015-04-07 07:54:56','2015-04-07 07:54:56'),(63,' сад1.jpg',NULL,0,'sonata.media.provider.image',1,'8546969778cba743720b46694f447b3bd76ac291.jpeg','{\"filename\":\" \\u0441\\u0430\\u04341.jpg\"}',586,415,NULL,'image/jpeg',73557,NULL,NULL,'employee',NULL,NULL,NULL,'2015-04-07 07:54:56','2015-04-07 07:54:56'),(64,' сад2.jpg',NULL,0,'sonata.media.provider.image',1,'b4222ded2949ba7e397459f0a64d5514a60a9c0e.jpeg','{\"filename\":\" \\u0441\\u0430\\u04342.jpg\"}',600,425,NULL,'image/jpeg',64012,NULL,NULL,'employee',NULL,NULL,NULL,'2015-04-07 07:54:56','2015-04-07 07:54:56'),(65,' сад3.jpg',NULL,0,'sonata.media.provider.image',1,'499011d3f3e31d40580c51379b3914fea5656f6e.jpeg','{\"filename\":\" \\u0441\\u0430\\u04343.jpg\"}',600,425,NULL,'image/jpeg',68847,NULL,NULL,'employee',NULL,NULL,NULL,'2015-04-07 07:54:56','2015-04-07 07:54:56'),(66,' сад4.jpg',NULL,0,'sonata.media.provider.image',1,'9fdf1d3caf7aeddc30f485158c7535a8f9be7d8e.jpeg','{\"filename\":\" \\u0441\\u0430\\u04344.jpg\"}',604,299,NULL,'image/jpeg',59480,NULL,NULL,'employee',NULL,NULL,NULL,'2015-04-07 07:54:57','2015-04-07 07:54:57'),(67,' сад5.jpg',NULL,0,'sonata.media.provider.image',1,'ab2f08c215fa738e1313e3546dcd0bc014260df4.jpeg','{\"filename\":\" \\u0441\\u0430\\u04345.jpg\"}',604,305,NULL,'image/jpeg',40988,NULL,NULL,'employee',NULL,NULL,NULL,'2015-04-07 07:54:57','2015-04-07 07:54:57'),(68,' про братів 1.jpg',NULL,0,'sonata.media.provider.image',1,'bdc615c8791d8275bd812b48c5f4fe6c5229c7a2.jpeg','{\"filename\":\" \\u043f\\u0440\\u043e \\u0431\\u0440\\u0430\\u0442\\u0456\\u0432 1.jpg\"}',403,604,NULL,'image/jpeg',55269,NULL,NULL,'employee',NULL,NULL,NULL,'2015-04-07 07:54:57','2015-04-07 07:54:57'),(69,' про братів 2.jpg',NULL,0,'sonata.media.provider.image',1,'e0fddef719d37414fd88a6aabe2081d97de9d14f.jpeg','{\"filename\":\" \\u043f\\u0440\\u043e \\u0431\\u0440\\u0430\\u0442\\u0456\\u0432 2.jpg\"}',403,604,NULL,'image/jpeg',44366,NULL,NULL,'employee',NULL,NULL,NULL,'2015-04-07 07:54:57','2015-04-07 07:54:57'),(70,' про братів 3.jpg',NULL,0,'sonata.media.provider.image',1,'9806b2096bdfb9626095194b0575c5b0aacf1b39.jpeg','{\"filename\":\" \\u043f\\u0440\\u043e \\u0431\\u0440\\u0430\\u0442\\u0456\\u0432 3.jpg\"}',604,403,NULL,'image/jpeg',78857,NULL,NULL,'employee',NULL,NULL,NULL,'2015-04-07 07:54:57','2015-04-07 07:54:57'),(71,' про братів 4.jpg',NULL,0,'sonata.media.provider.image',1,'b677585f95e7175e3cdde112896bb69e39c41ce3.jpeg','{\"filename\":\" \\u043f\\u0440\\u043e \\u0431\\u0440\\u0430\\u0442\\u0456\\u0432 4.jpg\"}',604,403,NULL,'image/jpeg',56791,NULL,NULL,'employee',NULL,NULL,NULL,'2015-04-07 07:54:57','2015-04-07 07:54:57'),(72,' про братів 5.jpg',NULL,0,'sonata.media.provider.image',1,'68fce963233942f41bd3fbb4a56f61a7a65abbe1.jpeg','{\"filename\":\" \\u043f\\u0440\\u043e \\u0431\\u0440\\u0430\\u0442\\u0456\\u0432 5.jpg\"}',604,403,NULL,'image/jpeg',43445,NULL,NULL,'employee',NULL,NULL,NULL,'2015-04-07 07:54:57','2015-04-07 07:54:57'),(73,' про братів 6.jpg',NULL,0,'sonata.media.provider.image',1,'769cea4e1f844cc05c09427dab6afe6a01c4b511.jpeg','{\"filename\":\" \\u043f\\u0440\\u043e \\u0431\\u0440\\u0430\\u0442\\u0456\\u0432 6.jpg\"}',604,403,NULL,'image/jpeg',67887,NULL,NULL,'employee',NULL,NULL,NULL,'2015-04-07 07:54:57','2015-04-07 07:54:57'),(74,' про братів 7.jpg',NULL,0,'sonata.media.provider.image',1,'6b6d3d1d5ba0f7222e394766f39e9755473616a6.jpeg','{\"filename\":\" \\u043f\\u0440\\u043e \\u0431\\u0440\\u0430\\u0442\\u0456\\u0432 7.jpg\"}',403,604,NULL,'image/jpeg',65104,NULL,NULL,'employee',NULL,NULL,NULL,'2015-04-07 07:54:57','2015-04-07 07:54:57'),(75,' 1.jpg',NULL,0,'sonata.media.provider.image',1,'252a9f53d88a8f9a794c830bde76dc226f641604.jpeg','{\"filename\":\" 1.jpg\"}',604,453,NULL,'image/jpeg',64645,NULL,NULL,'employee',NULL,NULL,NULL,'2015-04-07 07:54:57','2015-04-07 07:54:57'),(76,' 2.jpg',NULL,0,'sonata.media.provider.image',1,'df315fc25bb35cf1ff501c227aa2e36e9c9671c3.jpeg','{\"filename\":\" 2.jpg\"}',604,403,NULL,'image/jpeg',45310,NULL,NULL,'employee',NULL,NULL,NULL,'2015-04-07 07:54:58','2015-04-07 07:54:58'),(77,' 3.jpg',NULL,0,'sonata.media.provider.image',1,'2108a8445ccc75970966b8332db5505c313eac77.jpeg','{\"filename\":\" 3.jpg\"}',604,403,NULL,'image/jpeg',41826,NULL,NULL,'employee',NULL,NULL,NULL,'2015-04-07 07:54:58','2015-04-07 07:54:58'),(78,' 4.jpg',NULL,0,'sonata.media.provider.image',1,'31dade0fe1444b82b1e368fb05f322cf336d2d32.jpeg','{\"filename\":\" 4.jpg\"}',604,403,NULL,'image/jpeg',47534,NULL,NULL,'employee',NULL,NULL,NULL,'2015-04-07 07:54:58','2015-04-07 07:54:58'),(79,' 5.jpg',NULL,0,'sonata.media.provider.image',1,'3de08f14dc26439ac73261b9c128091f738b896b.jpeg','{\"filename\":\" 5.jpg\"}',402,604,NULL,'image/jpeg',43530,NULL,NULL,'employee',NULL,NULL,NULL,'2015-04-07 07:54:58','2015-04-07 07:54:58'),(80,' 6.jpg',NULL,0,'sonata.media.provider.image',1,'a79cc4750a345840d43bbf295def8e3a1112fff8.jpeg','{\"filename\":\" 6.jpg\"}',604,401,NULL,'image/jpeg',75013,NULL,NULL,'employee',NULL,NULL,NULL,'2015-04-07 07:54:58','2015-04-07 07:54:58'),(81,' 7.jpg',NULL,0,'sonata.media.provider.image',1,'b79e147a05df0d2cb7ac2ff3c60311e22e8c49c2.jpeg','{\"filename\":\" 7.jpg\"}',604,401,NULL,'image/jpeg',45133,NULL,NULL,'employee',NULL,NULL,NULL,'2015-04-07 07:54:58','2015-04-07 07:54:58'),(82,' 1.jpg',NULL,0,'sonata.media.provider.image',1,'74e4528e18b49ed5eb1347275bff278c52db6fc5.jpeg','{\"filename\":\" 1.jpg\"}',338,604,NULL,'image/jpeg',66227,NULL,NULL,'employee',NULL,NULL,NULL,'2015-04-07 07:54:58','2015-04-07 07:54:58'),(83,' 2.jpg',NULL,0,'sonata.media.provider.image',1,'b5a219318123d80c4c8e6c2533940d09d4690b3e.jpeg','{\"filename\":\" 2.jpg\"}',604,220,NULL,'image/jpeg',42316,NULL,NULL,'employee',NULL,NULL,NULL,'2015-04-07 07:54:58','2015-04-07 07:54:58'),(84,' 3.jpg',NULL,0,'sonata.media.provider.image',1,'d3e5e94b689be1c3b7f762a95353caac8d45dc61.jpeg','{\"filename\":\" 3.jpg\"}',403,604,NULL,'image/jpeg',45847,NULL,NULL,'employee',NULL,NULL,NULL,'2015-04-07 07:54:59','2015-04-07 07:54:59'),(85,' 4.jpg',NULL,0,'sonata.media.provider.image',1,'2598976e0a51ea225e3aec540c54e28569f832e1.jpeg','{\"filename\":\" 4.jpg\"}',604,403,NULL,'image/jpeg',82143,NULL,NULL,'employee',NULL,NULL,NULL,'2015-04-07 07:54:59','2015-04-07 07:54:59'),(86,' 5.jpg',NULL,0,'sonata.media.provider.image',1,'d4742b8744b236b478cb9a311f9428625c3d3d12.jpeg','{\"filename\":\" 5.jpg\"}',338,604,NULL,'image/jpeg',62133,NULL,NULL,'employee',NULL,NULL,NULL,'2015-04-07 07:54:59','2015-04-07 07:54:59'),(87,' 6.jpg',NULL,0,'sonata.media.provider.image',1,'c796defc4e5d285e9ae52f723e85162fc8ec98bf.jpeg','{\"filename\":\" 6.jpg\"}',604,403,NULL,'image/jpeg',53883,NULL,NULL,'employee',NULL,NULL,NULL,'2015-04-07 07:54:59','2015-04-07 07:54:59'),(88,' 7.jpg',NULL,0,'sonata.media.provider.image',1,'d7f41f9cb1ac8fb855503e0c31a77d1db5fba507.jpeg','{\"filename\":\" 7.jpg\"}',604,403,NULL,'image/jpeg',90160,NULL,NULL,'employee',NULL,NULL,NULL,'2015-04-07 07:54:59','2015-04-07 07:54:59'),(89,' 8.jpg',NULL,0,'sonata.media.provider.image',1,'152b1fc988671317021f5cb0454954d70c020f41.jpeg','{\"filename\":\" 8.jpg\"}',604,403,NULL,'image/jpeg',61573,NULL,NULL,'employee',NULL,NULL,NULL,'2015-04-07 07:54:59','2015-04-07 07:54:59'),(90,' 1.jpg',NULL,0,'sonata.media.provider.image',1,'185cb748d5341d81f2f6ad6b8ef86868f4735a8c.jpeg','{\"filename\":\" 1.jpg\"}',403,604,NULL,'image/jpeg',79881,NULL,NULL,'employee',NULL,NULL,NULL,'2015-04-07 07:54:59','2015-04-07 07:54:59'),(91,' 2.jpg',NULL,0,'sonata.media.provider.image',1,'62173aa2213d29ef9c3bc399ed40dfda54170e53.jpeg','{\"filename\":\" 2.jpg\"}',403,604,NULL,'image/jpeg',70530,NULL,NULL,'employee',NULL,NULL,NULL,'2015-04-07 07:54:59','2015-04-07 07:54:59'),(92,' 3.jpg',NULL,0,'sonata.media.provider.image',1,'0295f529d1572ddee36c5a3ed88d7b1fb63e8efa.jpeg','{\"filename\":\" 3.jpg\"}',453,604,NULL,'image/jpeg',83511,NULL,NULL,'employee',NULL,NULL,NULL,'2015-04-07 07:55:00','2015-04-07 07:55:00'),(93,' 4.jpg',NULL,0,'sonata.media.provider.image',1,'079d75ce2b8601189d3ee3dc8474e69029270198.jpeg','{\"filename\":\" 4.jpg\"}',604,453,NULL,'image/jpeg',92263,NULL,NULL,'employee',NULL,NULL,NULL,'2015-04-07 07:55:00','2015-04-07 07:55:00'),(94,' 5.jpg',NULL,0,'sonata.media.provider.image',1,'3d7f77f6a5e1a8737a61d5e32f4e87370d579261.jpeg','{\"filename\":\" 5.jpg\"}',604,453,NULL,'image/jpeg',90387,NULL,NULL,'employee',NULL,NULL,NULL,'2015-04-07 07:55:00','2015-04-07 07:55:00'),(95,' 6.jpg',NULL,0,'sonata.media.provider.image',1,'ccf77113b47e121ab3221b0df595f25887c4e096.jpeg','{\"filename\":\" 6.jpg\"}',604,453,NULL,'image/jpeg',94257,NULL,NULL,'employee',NULL,NULL,NULL,'2015-04-07 07:55:00','2015-04-07 07:55:00'),(96,' 7.jpg',NULL,0,'sonata.media.provider.image',1,'7ec2bf86a97786ec171f3cd5969804d96f76ea7e.jpeg','{\"filename\":\" 7.jpg\"}',604,453,NULL,'image/jpeg',92631,NULL,NULL,'employee',NULL,NULL,NULL,'2015-04-07 07:55:00','2015-04-07 07:55:00'),(97,' 1.jpg',NULL,0,'sonata.media.provider.image',1,'622cda9a3b701205101aeef96d1aeb18e53cdb7a.jpeg','{\"filename\":\" 1.jpg\"}',402,604,NULL,'image/jpeg',99205,NULL,NULL,'employee',NULL,NULL,NULL,'2015-04-07 07:55:00','2015-04-07 07:55:00'),(98,' 2.jpg',NULL,0,'sonata.media.provider.image',1,'8c0904f186d93c887d5abcae91c5603dda9fdb48.jpeg','{\"filename\":\" 2.jpg\"}',604,403,NULL,'image/jpeg',90541,NULL,NULL,'employee',NULL,NULL,NULL,'2015-04-07 07:55:00','2015-04-07 07:55:00'),(99,' 3.jpg',NULL,0,'sonata.media.provider.image',1,'c0b9e644152676e5a8f66c226e9a096a81429705.jpeg','{\"filename\":\" 3.jpg\"}',400,600,NULL,'image/jpeg',77652,NULL,NULL,'employee',NULL,NULL,NULL,'2015-04-07 07:55:00','2015-04-07 07:55:00'),(100,' 4.jpg',NULL,0,'sonata.media.provider.image',1,'f018400e6ce8e8dfeb08ab80f417ca507320b6f9.jpeg','{\"filename\":\" 4.jpg\"}',604,403,NULL,'image/jpeg',80514,NULL,NULL,'employee',NULL,NULL,NULL,'2015-04-07 07:55:00','2015-04-07 07:55:00'),(101,'vladimir-osipov.jpg',NULL,0,'sonata.media.provider.image',1,'79e56e0278ed7c95d4b2376286674aba23ad76f7.jpeg','{\"filename\":\"vladimir-osipov.jpg\"}',300,450,NULL,'image/jpeg',16056,NULL,NULL,'employee',NULL,NULL,NULL,'2015-04-07 07:55:01','2015-04-07 07:55:01'),(102,'serhiy-proskurnja.jpg',NULL,0,'sonata.media.provider.image',1,'484f36723e21638eae5c4f306797f3b36376d58f.jpeg','{\"filename\":\"serhiy-proskurnja.jpg\"}',480,320,NULL,'image/jpeg',17904,NULL,NULL,'employee',NULL,NULL,NULL,'2015-04-07 07:55:01','2015-04-07 07:55:01'),(103,'oleksandr-pavlutin.jpg',NULL,0,'sonata.media.provider.image',1,'f785a9ecc79d7a8d1d325858ad2491ce5855dd3e.jpeg','{\"filename\":\"oleksandr-pavlutin.jpg\"}',300,451,NULL,'image/jpeg',33210,NULL,NULL,'employee',NULL,NULL,NULL,'2015-04-07 07:55:01','2015-04-07 07:55:01'),(104,'serhiy-ridvaneckij.jpg',NULL,0,'sonata.media.provider.image',1,'1b66b0f2efb0328a151b0b9781c4193b9ec4985f.jpeg','{\"filename\":\"serhiy-ridvaneckij.jpg\"}',300,450,NULL,'image/jpeg',28811,NULL,NULL,'employee',NULL,NULL,NULL,'2015-04-07 07:55:01','2015-04-07 07:55:01'),(105,'nataliya-ridvanetska.jpg',NULL,0,'sonata.media.provider.image',1,'25734dcbfe7911960a7564a23ef9e64c56dbba01.jpeg','{\"filename\":\"nataliya-ridvanetska.jpg\"}',300,400,NULL,'image/jpeg',63590,NULL,NULL,'employee',NULL,NULL,NULL,'2015-04-07 07:55:01','2015-04-07 07:55:01'),(106,'nadiya-nikifirova.jpg',NULL,0,'sonata.media.provider.image',1,'d230e7118c62819bf38662a6f1475b4cb20cb58c.jpeg','{\"filename\":\"nadiya-nikifirova.jpg\"}',300,451,NULL,'image/jpeg',38734,NULL,NULL,'employee',NULL,NULL,NULL,'2015-04-07 07:55:01','2015-04-07 07:55:01'),(107,'volodymyr-tatarinov.jpg',NULL,0,'sonata.media.provider.image',1,'015f6f2f4c3ce4625c45b37f8b59669f58d4c4dc.jpeg','{\"filename\":\"volodymyr-tatarinov.jpg\"}',300,451,NULL,'image/jpeg',34993,NULL,NULL,'employee',NULL,NULL,NULL,'2015-04-07 07:55:02','2015-04-07 07:55:02'),(108,'varvara-prisagnenko.jpg',NULL,0,'sonata.media.provider.image',1,'a44dc418b051174b3b30ea250830cf370afb2e53.jpeg','{\"filename\":\"varvara-prisagnenko.jpg\"}',300,450,NULL,'image/jpeg',39499,NULL,NULL,'employee',NULL,NULL,NULL,'2015-04-07 07:55:02','2015-04-07 07:55:02'),(109,'olene-belkina.jpg',NULL,0,'sonata.media.provider.image',1,'d75c1d72105beec91741465a62b304167f226596.jpeg','{\"filename\":\"olene-belkina.jpg\"}',300,450,NULL,'image/jpeg',39232,NULL,NULL,'employee',NULL,NULL,NULL,'2015-04-07 07:55:02','2015-04-07 07:55:02'),(110,'svitlana-lezhnenko.jpg',NULL,0,'sonata.media.provider.image',1,'4c7b69148d1b6662652998be34a76a6e6c52c860.jpeg','{\"filename\":\"svitlana-lezhnenko.jpg\"}',300,436,NULL,'image/jpeg',16993,NULL,NULL,'employee',NULL,NULL,NULL,'2015-04-07 07:55:02','2015-04-07 07:55:02'),(111,'galyna-kuruchenko.jpg',NULL,0,'sonata.media.provider.image',1,'4fe6af1b51b688bc0908597b8470ce933cd628ac.jpeg','{\"filename\":\"galyna-kuruchenko.jpg\"}',300,399,NULL,'image/jpeg',16726,NULL,NULL,'employee',NULL,NULL,NULL,'2015-04-07 07:55:02','2015-04-07 07:55:02'),(112,'serhiy-bobrov.jpg',NULL,0,'sonata.media.provider.image',1,'4b44d9c577261cae72c4ef3867e2aad067a95118.jpeg','{\"filename\":\"serhiy-bobrov.jpg\"}',300,451,NULL,'image/jpeg',39894,NULL,NULL,'employee',NULL,NULL,NULL,'2015-04-07 07:55:02','2015-04-07 07:55:02'),(113,'nataliya-vigran.jpg',NULL,0,'sonata.media.provider.image',1,'5c68c5c41601f07f442d246e42cc36f8cdbbadc8.jpeg','{\"filename\":\"nataliya-vigran.jpg\"}',300,451,NULL,'image/jpeg',40099,NULL,NULL,'employee',NULL,NULL,NULL,'2015-04-07 07:55:02','2015-04-07 07:55:02'),(114,'mariya-maryshchak.jpg',NULL,0,'sonata.media.provider.image',1,'9b6a50701a37fb255c49f7ffdca6cb5fd28c52af.jpeg','{\"filename\":\"mariya-maryshchak.jpg\"}',300,450,NULL,'image/jpeg',23777,NULL,NULL,'employee',NULL,NULL,NULL,'2015-04-07 07:55:02','2015-04-07 07:55:02'),(115,'yuriy-berlinskij.jpg',NULL,0,'sonata.media.provider.image',1,'529054355900843ae5a0e2969f5dfc1edde465cb.jpeg','{\"filename\":\"yuriy-berlinskij.jpg\"}',300,450,NULL,'image/jpeg',44408,NULL,NULL,'employee',NULL,NULL,NULL,'2015-04-07 07:55:02','2015-04-07 07:55:02'),(116,'svitlana-amelina.jpg',NULL,0,'sonata.media.provider.image',1,'8f4c4f5c06f8e493f22049e26ab4a49d544bd33e.jpeg','{\"filename\":\"svitlana-amelina.jpg\"}',300,436,NULL,'image/jpeg',19140,NULL,NULL,'employee',NULL,NULL,NULL,'2015-04-07 07:55:02','2015-04-07 07:55:02'),(117,'anna-bobrova.jpg',NULL,0,'sonata.media.provider.image',1,'7d0f7b82aa9b31df681430920f77a23b3cfc9dfc.jpeg','{\"filename\":\"anna-bobrova.jpg\"}',300,450,NULL,'image/jpeg',16953,NULL,NULL,'employee',NULL,NULL,NULL,'2015-04-07 07:55:02','2015-04-07 07:55:02'),(118,'olena-brehara.jpg',NULL,0,'sonata.media.provider.image',1,'20cffac2fc6d17324765a91dacd8b38249ef9a53.jpeg','{\"filename\":\"olena-brehara.jpg\"}',300,450,NULL,'image/jpeg',11886,NULL,NULL,'employee',NULL,NULL,NULL,'2015-04-07 07:55:02','2015-04-07 07:55:02'),(119,'liliya-byrlakova.jpg',NULL,0,'sonata.media.provider.image',1,'bd5683656e1304b805bde5a5e1ede7d0bbaa8ac6.jpeg','{\"filename\":\"liliya-byrlakova.jpg\"}',300,451,NULL,'image/jpeg',32958,NULL,NULL,'employee',NULL,NULL,NULL,'2015-04-07 07:55:02','2015-04-07 07:55:02'),(120,'oksana-vovkostril.jpg',NULL,0,'sonata.media.provider.image',1,'c7757a37ab5be45e976816f4732a28ce58deff88.jpeg','{\"filename\":\"oksana-vovkostril.jpg\"}',300,450,NULL,'image/jpeg',16483,NULL,NULL,'employee',NULL,NULL,NULL,'2015-04-07 07:55:03','2015-04-07 07:55:03'),(121,'oleksandr-gelevera.jpg',NULL,0,'sonata.media.provider.image',1,'ae56baa3e080ecd14f0b162ed26ac8f618ef3855.jpeg','{\"filename\":\"oleksandr-gelevera.jpg\"}',300,450,NULL,'image/jpeg',22628,NULL,NULL,'employee',NULL,NULL,NULL,'2015-04-07 07:55:03','2015-04-07 07:55:03'),(122,'mykola-glazov.jpg',NULL,0,'sonata.media.provider.image',1,'614d4ed2d5fb15968978671531ddbcb2f4c68e9d.jpeg','{\"filename\":\"mykola-glazov.jpg\"}',300,450,NULL,'image/jpeg',14757,NULL,NULL,'employee',NULL,NULL,NULL,'2015-04-07 07:55:03','2015-04-07 07:55:03'),(123,'iryna-glazova.jpg',NULL,0,'sonata.media.provider.image',1,'015cd92f5c5ede14a8fe538852a89091f8b85dac.jpeg','{\"filename\":\"iryna-glazova.jpg\"}',400,600,NULL,'image/jpeg',38533,NULL,NULL,'employee',NULL,NULL,NULL,'2015-04-07 07:55:03','2015-04-07 07:55:03'),(124,'nataliya-glazova.jpg',NULL,0,'sonata.media.provider.image',1,'153d90af67eece50a2bee19512a08207ec5d7f63.jpeg','{\"filename\":\"nataliya-glazova.jpg\"}',300,450,NULL,'image/jpeg',26836,NULL,NULL,'employee',NULL,NULL,NULL,'2015-04-07 07:55:03','2015-04-07 07:55:03'),(125,'pavlo-goncharov.jpg',NULL,0,'sonata.media.provider.image',1,'e52c03ce3a2e8a8290759d92b5179cf896a93a88.jpeg','{\"filename\":\"pavlo-goncharov.jpg\"}',300,450,NULL,'image/jpeg',12364,NULL,NULL,'employee',NULL,NULL,NULL,'2015-04-07 07:55:03','2015-04-07 07:55:03'),(126,'yuriy-greben.jpg',NULL,0,'sonata.media.provider.image',1,'313d45f799ddf4ffa8d8589b700eb3f5c106f01c.jpeg','{\"filename\":\"yuriy-greben.jpg\"}',300,450,NULL,'image/jpeg',32024,NULL,NULL,'employee',NULL,NULL,NULL,'2015-04-07 07:55:03','2015-04-07 07:55:03'),(127,'tetyana-greben.jpg',NULL,0,'sonata.media.provider.image',1,'90e98d8dd7a144870536e3a7cb6c160d3e9dd680.jpeg','{\"filename\":\"tetyana-greben.jpg\"}',300,451,NULL,'image/jpeg',48224,NULL,NULL,'employee',NULL,NULL,NULL,'2015-04-07 07:55:03','2015-04-07 07:55:03'),(128,'oleksandr-gymennuj.jpg',NULL,0,'sonata.media.provider.image',1,'5715a58157983a4a628513d9d653ed5d5ca63aad.jpeg','{\"filename\":\"oleksandr-gymennuj.jpg\"}',300,450,NULL,'image/jpeg',9129,NULL,NULL,'employee',NULL,NULL,NULL,'2015-04-07 07:55:03','2015-04-07 07:55:03'),(129,'yuliya-gymenna.jpg',NULL,0,'sonata.media.provider.image',1,'bbc68a8340ade345e949d0b5d5151a12ad74f292.jpeg','{\"filename\":\"yuliya-gymenna.jpg\"}',300,450,NULL,'image/jpeg',13871,NULL,NULL,'employee',NULL,NULL,NULL,'2015-04-07 07:55:03','2015-04-07 07:55:03'),(130,'mykola-zajnchkivskij.jpg',NULL,0,'sonata.media.provider.image',1,'58c119148fb3514be31adf4bb8b7a3164b920093.jpeg','{\"filename\":\"mykola-zajnchkivskij.jpg\"}',300,451,NULL,'image/jpeg',32055,NULL,NULL,'employee',NULL,NULL,NULL,'2015-04-07 07:55:03','2015-04-07 07:55:03'),(131,'anzhelina-ivanova.jpg',NULL,0,'sonata.media.provider.image',1,'27c9bfff2942ab01f82d5eab617502a21a46dd48.jpeg','{\"filename\":\"anzhelina-ivanova.jpg\"}',300,450,NULL,'image/jpeg',37410,NULL,NULL,'employee',NULL,NULL,NULL,'2015-04-07 07:55:03','2015-04-07 07:55:03'),(132,'valeriy-kirichenko.jpg',NULL,0,'sonata.media.provider.image',1,'647bc7c8b6afd546bf31d4b456fd3fb34b284f86.jpeg','{\"filename\":\"valeriy-kirichenko.jpg\"}',300,451,NULL,'image/jpeg',42856,NULL,NULL,'employee',NULL,NULL,NULL,'2015-04-07 07:55:03','2015-04-07 07:55:03'),(133,'oleksiy-klimenko.jpg',NULL,0,'sonata.media.provider.image',1,'720a39dfb8efa3bc0afac94d41bc4e5264eb22fa.jpeg','{\"filename\":\"oleksiy-klimenko.jpg\"}',300,436,NULL,'image/jpeg',23329,NULL,NULL,'employee',NULL,NULL,NULL,'2015-04-07 07:55:04','2015-04-07 07:55:04'),(134,'serhiy-kovalenko.jpg',NULL,0,'sonata.media.provider.image',1,'f0228ce26e0373f06835a6ee7d7d3c9f62d57fc0.jpeg','{\"filename\":\"serhiy-kovalenko.jpg\"}',300,450,NULL,'image/jpeg',30066,NULL,NULL,'employee',NULL,NULL,NULL,'2015-04-07 07:55:04','2015-04-07 07:55:04'),(135,'viktoriya-kovaleva.jpg',NULL,0,'sonata.media.provider.image',1,'b9e2d857afa445983963bc9c3388f86b12bf7e22.jpeg','{\"filename\":\"viktoriya-kovaleva.jpg\"}',300,400,NULL,'image/jpeg',40446,NULL,NULL,'employee',NULL,NULL,NULL,'2015-04-07 07:55:04','2015-04-07 07:55:04'),(136,'viktor-kolomiec.jpg',NULL,0,'sonata.media.provider.image',1,'a0cfa38cf1396a1bf6d0976d28ee2a2ab25977f1.jpeg','{\"filename\":\"viktor-kolomiec.jpg\"}',300,400,NULL,'image/jpeg',45561,NULL,NULL,'employee',NULL,NULL,NULL,'2015-04-07 07:55:04','2015-04-07 07:55:04'),(137,'mykhaylo-kondratskij.jpg',NULL,0,'sonata.media.provider.image',1,'2d30ea69e2b4dc9df5066d36ce8d2b860ea725cc.jpeg','{\"filename\":\"mykhaylo-kondratskij.jpg\"}',300,451,NULL,'image/jpeg',31549,NULL,NULL,'employee',NULL,NULL,NULL,'2015-04-07 07:55:04','2015-04-07 07:55:04'),(138,'nadiya-korbut.jpg',NULL,0,'sonata.media.provider.image',1,'968b3daaec32b7d2319bbc847f4f0ab4788deb90.jpeg','{\"filename\":\"nadiya-korbut.jpg\"}',300,401,NULL,'image/jpeg',55807,NULL,NULL,'employee',NULL,NULL,NULL,'2015-04-07 07:55:04','2015-04-07 07:55:04'),(139,'tetyana-krizhanivska.jpg',NULL,0,'sonata.media.provider.image',1,'0dfc911e4caee4fc3ad5ba99e9072bcb4dafb93e.jpeg','{\"filename\":\"tetyana-krizhanivska.jpg\"}',300,451,NULL,'image/jpeg',37072,NULL,NULL,'employee',NULL,NULL,NULL,'2015-04-07 07:55:05','2015-04-07 07:55:05'),(140,'oleksandr-kuzmenko.jpg',NULL,0,'sonata.media.provider.image',1,'e12e1f4e52a0ec008ec69f07ede958792ad1da5a.jpeg','{\"filename\":\"oleksandr-kuzmenko.jpg\"}',300,451,NULL,'image/jpeg',37461,NULL,NULL,'employee',NULL,NULL,NULL,'2015-04-07 07:55:05','2015-04-07 07:55:05'),(141,'oleksandr-kyzmun.jpg',NULL,0,'sonata.media.provider.image',1,'05654b726f4f4db2f0eb18fd65873511db971ccf.jpeg','{\"filename\":\"oleksandr-kyzmun.jpg\"}',300,450,NULL,'image/jpeg',15501,NULL,NULL,'employee',NULL,NULL,NULL,'2015-04-07 07:55:05','2015-04-07 07:55:05'),(142,'anna-kyrulenko.jpg',NULL,0,'sonata.media.provider.image',1,'64906f2502e560365206400db536136a9e836de8.jpeg','{\"filename\":\"anna-kyrulenko.jpg\"}',720,960,NULL,'image/jpeg',53293,NULL,NULL,'employee',0,NULL,NULL,'2015-09-16 10:58:28','2015-04-07 07:55:05'),(143,'nataliya-mamalyga.jpg',NULL,0,'sonata.media.provider.image',1,'ea1d0c2b32f2501a1471cd8a17b5ae035bde482c.jpeg','{\"filename\":\"nataliya-mamalyga.jpg\"}',300,451,NULL,'image/jpeg',36213,NULL,NULL,'employee',NULL,NULL,NULL,'2015-04-07 07:55:05','2015-04-07 07:55:05'),(144,'iryna-maslova.jpg',NULL,0,'sonata.media.provider.image',1,'c404cba825020161e010f97bda67450abdcf68f2.jpeg','{\"filename\":\"iryna-maslova.jpg\"}',300,451,NULL,'image/jpeg',38741,NULL,NULL,'employee',NULL,NULL,NULL,'2015-04-07 07:55:05','2015-04-07 07:55:05'),(145,'svitlana-moskalenko.jpg',NULL,0,'sonata.media.provider.image',1,'572bd2092036c7851f3aad2bf034814f2c1d57b4.jpeg','{\"filename\":\"svitlana-moskalenko.jpg\"}',300,451,NULL,'image/jpeg',35257,NULL,NULL,'employee',NULL,NULL,NULL,'2015-04-07 07:55:05','2015-04-07 07:55:05'),(146,'nataliya-panekina.jpg',NULL,0,'sonata.media.provider.image',1,'9c08243d4706f6cd35a0149be6d3a9cd18b02246.jpeg','{\"filename\":\"nataliya-panekina.jpg\"}',300,436,NULL,'image/jpeg',23102,NULL,NULL,'employee',NULL,NULL,NULL,'2015-04-07 07:55:05','2015-04-07 07:55:05'),(147,'nataliya-naumenko.jpg',NULL,0,'sonata.media.provider.image',1,'0796e6b3da225b6a6c835c7716ddb039c5771753.jpeg','{\"filename\":\"nataliya-naumenko.jpg\"}',300,451,NULL,'image/jpeg',37164,NULL,NULL,'employee',NULL,NULL,NULL,'2015-04-07 07:55:06','2015-04-07 07:55:06'),(148,'serhiy-ponomarenko.jpg',NULL,0,'sonata.media.provider.image',1,'d9fe72985cd30855aa0f1750c94f22df86c17f22.jpeg','{\"filename\":\"serhiy-ponomarenko.jpg\"}',300,451,NULL,'image/jpeg',35655,NULL,NULL,'employee',NULL,NULL,NULL,'2015-04-07 07:55:06','2015-04-07 07:55:06'),(149,'olena-ponomarenko.jpg',NULL,0,'sonata.media.provider.image',1,'3580673dd4c1553f20a0d54f0a3f8d94ada6cabb.jpeg','{\"filename\":\"olena-ponomarenko.jpg\"}',300,451,NULL,'image/jpeg',33065,NULL,NULL,'employee',NULL,NULL,NULL,'2015-04-07 07:55:06','2015-04-07 07:55:06'),(150,'lidiya-popova.jpg',NULL,0,'sonata.media.provider.image',1,'0269d7d45208b3d070f99c0c77b6b12c33c1ae6a.jpeg','{\"filename\":\"lidiya-popova.jpg\"}',300,451,NULL,'image/jpeg',37074,NULL,NULL,'employee',NULL,NULL,NULL,'2015-04-07 07:55:06','2015-04-07 07:55:06'),(151,'dmytro-potapchyk.jpg',NULL,0,'sonata.media.provider.image',1,'b6bad99ecb6dfb743ebcbcef0b2d27db34d4578e.jpeg','{\"filename\":\"dmytro-potapchyk.jpg\"}',300,450,NULL,'image/jpeg',18669,NULL,NULL,'employee',NULL,NULL,NULL,'2015-04-07 07:55:06','2015-04-07 07:55:06'),(152,'oleksandr-pruz.jpg',NULL,0,'sonata.media.provider.image',1,'dda2ed356eae142ddbdbab6c873727f5c9593516.jpeg','{\"filename\":\"oleksandr-pruz.jpg\"}',300,450,NULL,'image/jpeg',24263,NULL,NULL,'employee',NULL,NULL,NULL,'2015-04-07 07:55:06','2015-04-07 07:55:06'),(153,'yuriy-prokopchuk.jpg',NULL,0,'sonata.media.provider.image',1,'88191d73714af5c50ced4f350abe5a16532ec10b.jpeg','{\"filename\":\"yuriy-prokopchuk.jpg\"}',300,450,NULL,'image/jpeg',29470,NULL,NULL,'employee',NULL,NULL,NULL,'2015-04-07 07:55:06','2015-04-07 07:55:06'),(154,'oleksandr-pjatkivskij.jpg',NULL,0,'sonata.media.provider.image',1,'e15592596dff4abd7a087ae2e5892a42c3043c75.jpeg','{\"filename\":\"oleksandr-pjatkivskij.jpg\"}',300,451,NULL,'image/jpeg',34492,NULL,NULL,'employee',NULL,NULL,NULL,'2015-04-07 07:55:06','2015-04-07 07:55:06'),(155,'olha-romodan.jpg',NULL,0,'sonata.media.provider.image',1,'53b7401ee09f7ecd802943f642ae8136226fd065.jpeg','{\"filename\":\"olha-romodan.jpg\"}',300,451,NULL,'image/jpeg',35045,NULL,NULL,'employee',NULL,NULL,NULL,'2015-04-07 07:55:06','2015-04-07 07:55:06'),(156,'lyubov-skobel.jpg',NULL,0,'sonata.media.provider.image',1,'def08ad5163e297d1b8d883713193a82151f391e.jpeg','{\"filename\":\"lyubov-skobel.jpg\"}',300,451,NULL,'image/jpeg',40127,NULL,NULL,'employee',NULL,NULL,NULL,'2015-04-07 07:55:07','2015-04-07 07:55:07'),(157,'evhen-skrupnichenko.jpg',NULL,0,'sonata.media.provider.image',1,'2ae6f52c1127cb13992a087e3173575d12e25d80.jpeg','{\"filename\":\"evhen-skrupnichenko.jpg\"}',300,450,NULL,'image/jpeg',22234,NULL,NULL,'employee',NULL,NULL,NULL,'2015-04-07 07:55:07','2015-04-07 07:55:07'),(158,'lydmyla-talah.jpg',NULL,0,'sonata.media.provider.image',1,'f0bfa4f6208e9d24359cb0c8d33ba3601e7a4acd.jpeg','{\"filename\":\"lydmyla-talah.jpg\"}',300,450,NULL,'image/jpeg',14857,NULL,NULL,'employee',NULL,NULL,NULL,'2015-04-07 07:55:07','2015-04-07 07:55:07'),(159,'oleh-telatnik.jpg',NULL,0,'sonata.media.provider.image',1,'eaa9240b9cc4a1cab20be4809d9dba4caa836384.jpeg','{\"filename\":\"oleh-telatnik.jpg\"}',300,401,NULL,'image/jpeg',34209,NULL,NULL,'employee',NULL,NULL,NULL,'2015-04-07 07:55:07','2015-04-07 07:55:07'),(160,'svitlana-tereshchenko.jpg',NULL,0,'sonata.media.provider.image',1,'f44b58e4ff7dc35b59c57c5310bf7ebfd2b933fc.jpeg','{\"filename\":\"svitlana-tereshchenko.jpg\"}',300,450,NULL,'image/jpeg',36276,NULL,NULL,'employee',NULL,NULL,NULL,'2015-04-07 07:55:07','2015-04-07 07:55:07'),(161,'liliya-harchenko.jpg',NULL,0,'sonata.media.provider.image',1,'8b6060ae4d5420abd1189e25bc795282ba62a3cf.jpeg','{\"filename\":\"liliya-harchenko.jpg\"}',300,451,NULL,'image/jpeg',40470,NULL,NULL,'employee',NULL,NULL,NULL,'2015-04-07 07:55:07','2015-04-07 07:55:07'),(162,'kostyantyn-shaenko.jpg',NULL,0,'sonata.media.provider.image',1,'c89d4de388499a59f6f6d8258f87f1d7523c5773.jpeg','{\"filename\":\"kostyantyn-shaenko.jpg\"}',300,400,NULL,'image/jpeg',33271,NULL,NULL,'employee',NULL,NULL,NULL,'2015-04-07 07:55:07','2015-04-07 07:55:07'),(163,'kateryna-shakalova.jpg',NULL,0,'sonata.media.provider.image',1,'48cf93e071a7ddaa2e7008f5e79665a61d1f41e7.jpeg','{\"filename\":\"kateryna-shakalova.jpg\"}',300,450,NULL,'image/jpeg',32203,NULL,NULL,'employee',NULL,NULL,NULL,'2015-04-07 07:55:08','2015-04-07 07:55:08'),(164,'petro-golybchenko.jpg',NULL,0,'sonata.media.provider.image',1,'c8e9d20f5a52d1dd63e94c050e21f37fdf8d1173.jpeg','{\"filename\":\"petro-golybchenko.jpg\"}',300,447,NULL,'image/jpeg',20534,NULL,NULL,'employee',NULL,NULL,NULL,'2015-04-07 07:55:08','2015-04-07 07:55:08'),(165,'kateryna-olejnikova.jpg',NULL,0,'sonata.media.provider.image',1,'e80b00f71fa1389ca7471abccf71978f6b442d0a.jpeg','{\"filename\":\"kateryna-olejnikova.jpg\"}',300,447,NULL,'image/jpeg',28880,NULL,NULL,'employee',NULL,NULL,NULL,'2015-04-07 07:55:08','2015-04-07 07:55:08'),(166,'olena-peredriy.jpg',NULL,0,'sonata.media.provider.image',1,'3c4dca23fcf439ef17bd3c5583de6b577593beeb.jpeg','{\"filename\":\"olena-peredriy.jpg\"}',300,447,NULL,'image/jpeg',25644,NULL,NULL,'employee',NULL,NULL,NULL,'2015-04-07 07:55:08','2015-04-07 07:55:08'),(167,'maksym-ruzhevol.jpg',NULL,0,'sonata.media.provider.image',1,'75595f9ef8c5cf6f3a7b5a0d9595813531691c2d.jpeg','{\"filename\":\"maksym-ruzhevol.jpg\"}',300,447,NULL,'image/jpeg',16905,NULL,NULL,'employee',NULL,NULL,NULL,'2015-04-07 07:55:08','2015-04-07 07:55:08'),(168,'default.jpg',NULL,0,'sonata.media.provider.image',1,'a9a9a5f109a02d21fbaaaef9c8415f7b0a8a12e7.jpeg','{\"filename\":\"default.jpg\"}',1169,1181,NULL,'image/jpeg',306319,NULL,NULL,'performance',NULL,NULL,NULL,'2015-04-07 07:55:09','2015-04-07 07:55:09'),(169,'default.jpg',NULL,0,'sonata.media.provider.image',1,'7308e69cea3c48acabe4278b8a7ce6493704f09c.jpeg','{\"filename\":\"default.jpg\"}',1280,544,NULL,'image/jpeg',69512,NULL,NULL,'slider',NULL,NULL,NULL,'2015-04-07 07:55:10','2015-04-07 07:55:10'),(170,'perf_12night.jpg',NULL,0,'sonata.media.provider.image',1,'9eda0f284bd0d5f18b53d870eebd541774ec6e76.jpeg','{\"filename\":\"perf_12night.jpg\"}',280,307,NULL,'image/jpeg',40463,NULL,NULL,'performance',NULL,NULL,NULL,'2015-04-07 07:55:10','2015-04-07 07:55:10'),(171,'default.jpg',NULL,0,'sonata.media.provider.image',1,'f91ee22c66634ad70bdbf416e5378b248ca4765a.jpeg','{\"filename\":\"default.jpg\"}',1280,544,NULL,'image/jpeg',69512,NULL,NULL,'slider',NULL,NULL,NULL,'2015-04-07 07:55:11','2015-04-07 07:55:11'),(172,'default.jpg',NULL,0,'sonata.media.provider.image',1,'142e4238455a048befdbc3d0c5719a1275612559.jpeg','{\"filename\":\"default.jpg\"}',1169,1181,NULL,'image/jpeg',306319,NULL,NULL,'performance',NULL,NULL,NULL,'2015-04-07 07:55:11','2015-04-07 07:55:11'),(173,'default.jpg',NULL,0,'sonata.media.provider.image',1,'b2b0779df2fb3d925b47230da9b92ebfd2b48bb1.jpeg','{\"filename\":\"default.jpg\"}',1280,544,NULL,'image/jpeg',69512,NULL,NULL,'slider',NULL,NULL,NULL,'2015-04-07 07:55:11','2015-04-07 07:55:11'),(174,'default.jpg',NULL,0,'sonata.media.provider.image',1,'2018ca8df33db658520dda76aba633381aa01d5c.jpeg','{\"filename\":\"default.jpg\"}',1169,1181,NULL,'image/jpeg',306319,NULL,NULL,'performance',NULL,NULL,NULL,'2015-04-07 07:55:12','2015-04-07 07:55:12'),(175,'default.jpg',NULL,0,'sonata.media.provider.image',1,'1687509b3da4ba22ecad9cda91410da1faa30ac9.jpeg','{\"filename\":\"default.jpg\"}',1280,544,NULL,'image/jpeg',69512,NULL,NULL,'slider',NULL,NULL,NULL,'2015-04-07 07:55:12','2015-04-07 07:55:12'),(176,'perf_gospodar.jpg',NULL,0,'sonata.media.provider.image',1,'715862a3503d5cdcd6189d184477cf12179f22f1.jpeg','{\"filename\":\"perf_gospodar.jpg\"}',280,401,NULL,'image/jpeg',63924,NULL,NULL,'performance',NULL,NULL,NULL,'2015-04-07 07:55:13','2015-04-07 07:55:13'),(177,'default.jpg',NULL,0,'sonata.media.provider.image',1,'9254683c61ada08e9a3fc7ee061d3e3e8400ee2b.jpeg','{\"filename\":\"default.jpg\"}',1280,544,NULL,'image/jpeg',69512,NULL,NULL,'slider',NULL,NULL,NULL,'2015-04-07 07:55:13','2015-04-07 07:55:13'),(178,'perf_lena.jpg',NULL,0,'sonata.media.provider.image',1,'1e6ac93c89e94fc94379a61a0fe5997ffaf3f913.jpeg','{\"filename\":\"perf_lena.jpg\"}',280,391,NULL,'image/jpeg',51048,NULL,NULL,'performance',NULL,NULL,NULL,'2015-04-07 07:55:13','2015-04-07 07:55:13'),(179,'default.jpg',NULL,0,'sonata.media.provider.image',1,'8a188a4534d85291cfd3008d73f433e060b6d9de.jpeg','{\"filename\":\"default.jpg\"}',1280,544,NULL,'image/jpeg',69512,NULL,NULL,'slider',NULL,NULL,NULL,'2015-04-07 07:55:13','2015-04-07 07:55:13'),(180,'default.jpg',NULL,0,'sonata.media.provider.image',1,'913eb9eafdd50ea6cd13e9d522684f319ce2260d.jpeg','{\"filename\":\"default.jpg\"}',1169,1181,NULL,'image/jpeg',306319,NULL,NULL,'performance',NULL,NULL,NULL,'2015-04-07 07:55:14','2015-04-07 07:55:14'),(181,'default.jpg',NULL,0,'sonata.media.provider.image',1,'f18fd56780df90f55fb95d995ae77aeec074f068.jpeg','{\"filename\":\"default.jpg\"}',1280,544,NULL,'image/jpeg',69512,NULL,NULL,'slider',NULL,NULL,NULL,'2015-04-07 07:55:14','2015-04-07 07:55:14'),(182,'perf_natjurmort.jpg',NULL,0,'sonata.media.provider.image',1,'73f3d07cb2d47d782e91d4cfe985ca31f1dcb452.jpeg','{\"filename\":\"perf_natjurmort.jpg\"}',280,391,NULL,'image/jpeg',50105,NULL,NULL,'performance',NULL,NULL,NULL,'2015-04-07 07:55:15','2015-04-07 07:55:15'),(183,'default.jpg',NULL,0,'sonata.media.provider.image',1,'1993d539f3eeb45af110779353ce31272283fc6a.jpeg','{\"filename\":\"default.jpg\"}',1280,544,NULL,'image/jpeg',69512,NULL,NULL,'slider',NULL,NULL,NULL,'2015-04-07 07:55:15','2015-04-07 07:55:15'),(184,'perf_misantrop.jpg',NULL,0,'sonata.media.provider.image',1,'4ec8b1a009b08566a1fb9b4cd910427eee7e80c2.jpeg','{\"filename\":\"perf_misantrop.jpg\"}',280,399,NULL,'image/jpeg',58723,NULL,NULL,'performance',NULL,NULL,NULL,'2015-04-07 07:55:15','2015-04-07 07:55:15'),(185,'default.jpg',NULL,0,'sonata.media.provider.image',1,'3b4753c26b246856e4a7ded9692d6dd74b1fb7f0.jpeg','{\"filename\":\"default.jpg\"}',1280,544,NULL,'image/jpeg',69512,NULL,NULL,'slider',NULL,NULL,NULL,'2015-04-07 07:55:15','2015-04-07 07:55:15'),(186,'perf_istoriya.jpg',NULL,0,'sonata.media.provider.image',1,'6ae6d7796a7d7dd75dabe7a05e41acbe367534e3.jpeg','{\"filename\":\"perf_istoriya.jpg\"}',280,391,NULL,'image/jpeg',48756,NULL,NULL,'performance',NULL,NULL,NULL,'2015-04-07 07:55:16','2015-04-07 07:55:16'),(187,'default.jpg',NULL,0,'sonata.media.provider.image',1,'058ac7b3b1c0d091b508572a194115fcae8261b6.jpeg','{\"filename\":\"default.jpg\"}',1280,544,NULL,'image/jpeg',69512,NULL,NULL,'slider',NULL,NULL,NULL,'2015-04-07 07:55:16','2015-04-07 07:55:16'),(188,'perf_skaning.jpg',NULL,0,'sonata.media.provider.image',1,'d0bf5a51c640db58caecf953478d7118e13615d5.jpeg','{\"filename\":\"perf_skaning.jpg\"}',280,396,NULL,'image/jpeg',76525,NULL,NULL,'performance',NULL,NULL,NULL,'2015-04-07 07:55:17','2015-04-07 07:55:17'),(189,'default.jpg',NULL,0,'sonata.media.provider.image',1,'08f9e70042c1a1e96fc86467e694fb8f5ec3a85c.jpeg','{\"filename\":\"default.jpg\"}',1280,544,NULL,'image/jpeg',69512,NULL,NULL,'slider',NULL,NULL,NULL,'2015-04-07 07:55:17','2015-04-07 07:55:17'),(190,'default.jpg',NULL,0,'sonata.media.provider.image',1,'50fa3442a640baf4baf082d6b15e61d5fd09d6fd.jpeg','{\"filename\":\"default.jpg\"}',1169,1181,NULL,'image/jpeg',306319,NULL,NULL,'performance',NULL,NULL,NULL,'2015-04-07 07:55:17','2015-04-07 07:55:17'),(191,'default.jpg',NULL,0,'sonata.media.provider.image',1,'e03af919aa151afe023ab2466ed48cd0a49ee2c7.jpeg','{\"filename\":\"default.jpg\"}',1280,544,NULL,'image/jpeg',69512,NULL,NULL,'slider',NULL,NULL,NULL,'2015-04-07 07:55:18','2015-04-07 07:55:18'),(192,'default.jpg',NULL,0,'sonata.media.provider.image',1,'797afef1b7257d1b6a9fdbf20d4c508f88e8ce5e.jpeg','{\"filename\":\"default.jpg\"}',1169,1181,NULL,'image/jpeg',306319,NULL,NULL,'performance',NULL,NULL,NULL,'2015-04-07 07:55:18','2015-04-07 07:55:18'),(193,'default.jpg',NULL,0,'sonata.media.provider.image',1,'98a5aa017581b85733167a81b09c97ebbd866bb8.jpeg','{\"filename\":\"default.jpg\"}',1280,544,NULL,'image/jpeg',69512,NULL,NULL,'slider',NULL,NULL,NULL,'2015-04-07 07:55:19','2015-04-07 07:55:19'),(194,'default.jpg',NULL,0,'sonata.media.provider.image',1,'0484a637e2e574248f28f0a8a029443d40af893b.jpeg','{\"filename\":\"default.jpg\"}',1169,1181,NULL,'image/jpeg',306319,NULL,NULL,'performance',NULL,NULL,NULL,'2015-04-07 07:55:19','2015-04-07 07:55:19'),(195,'default.jpg',NULL,0,'sonata.media.provider.image',1,'3b733a562dbaef511475d742129a144a7ef787dc.jpeg','{\"filename\":\"default.jpg\"}',1280,544,NULL,'image/jpeg',69512,NULL,NULL,'slider',NULL,NULL,NULL,'2015-04-07 07:55:20','2015-04-07 07:55:20'),(196,'perf_barvinok.jpg',NULL,0,'sonata.media.provider.image',1,'579bef12a4152c9326cb7dbfd8de3482d8252a1f.jpeg','{\"filename\":\"perf_barvinok.jpg\"}',1211,1800,NULL,'image/jpeg',868823,NULL,NULL,'performance',NULL,NULL,NULL,'2015-04-07 07:55:20','2015-04-07 07:55:20'),(197,'default.jpg',NULL,0,'sonata.media.provider.image',1,'a8fa6a5598ea6f29b63f95c2957222abc5779075.jpeg','{\"filename\":\"default.jpg\"}',1280,544,NULL,'image/jpeg',69512,NULL,NULL,'slider',NULL,NULL,NULL,'2015-04-07 07:55:21','2015-04-07 07:55:21'),(198,'default.jpg',NULL,0,'sonata.media.provider.image',1,'430288925e84cdf4dca4369add851195b418defb.jpeg','{\"filename\":\"default.jpg\"}',1169,1181,NULL,'image/jpeg',306319,NULL,NULL,'performance',NULL,NULL,NULL,'2015-04-07 07:55:21','2015-04-07 07:55:21'),(199,'default.jpg',NULL,0,'sonata.media.provider.image',1,'df942cc9c565b92bbcd537d14475e08837a076e0.jpeg','{\"filename\":\"default.jpg\"}',1280,544,NULL,'image/jpeg',69512,NULL,NULL,'slider',NULL,NULL,NULL,'2015-04-07 07:55:22','2015-04-07 07:55:22'),(200,'default.jpg',NULL,0,'sonata.media.provider.image',1,'f653b932a9e411703e67099810f49faade344da0.jpeg','{\"filename\":\"default.jpg\"}',1169,1181,NULL,'image/jpeg',306319,NULL,NULL,'post',NULL,NULL,NULL,'2015-04-07 07:55:24','2015-04-07 07:55:24'),(201,'default.jpg',NULL,0,'sonata.media.provider.image',1,'5829b6a7f2034399fd772d08de48678abdd24486.jpeg','{\"filename\":\"default.jpg\"}',1169,1181,NULL,'image/jpeg',306319,NULL,NULL,'post',NULL,NULL,NULL,'2015-04-07 07:55:24','2015-04-07 07:55:24'),(202,'default.jpg',NULL,0,'sonata.media.provider.image',1,'300f85097bb8560ad1e38497dfcc91c7a049e472.jpeg','{\"filename\":\"default.jpg\"}',1169,1181,NULL,'image/jpeg',306319,NULL,NULL,'post',NULL,NULL,NULL,'2015-04-07 07:55:25','2015-04-07 07:55:25'),(203,'default.jpg',NULL,0,'sonata.media.provider.image',1,'e749cf8b8940a8a8aed0db37a11af8c16f699c24.jpeg','{\"filename\":\"default.jpg\"}',1169,1181,NULL,'image/jpeg',306319,NULL,NULL,'post',NULL,NULL,NULL,'2015-04-07 07:55:26','2015-04-07 07:55:26'),(204,'default.jpg',NULL,0,'sonata.media.provider.image',1,'ec85f821a9a23161458fb3e59ccb7f68aed2fe8e.jpeg','{\"filename\":\"default.jpg\"}',1169,1181,NULL,'image/jpeg',306319,NULL,NULL,'post',NULL,NULL,NULL,'2015-04-07 07:55:26','2015-04-07 07:55:26'),(205,'default.jpg',NULL,0,'sonata.media.provider.image',1,'26591fd1bc5ef234c5cc723c0b3d0f4974bb5566.jpeg','{\"filename\":\"default.jpg\"}',1169,1181,NULL,'image/jpeg',306319,NULL,NULL,'post',NULL,NULL,NULL,'2015-04-07 07:55:27','2015-04-07 07:55:27'),(206,'default.jpg',NULL,0,'sonata.media.provider.image',1,'28117c7e023852cfb95b0d7bc2f22790bb14afd6.jpeg','{\"filename\":\"default.jpg\"}',1169,1181,NULL,'image/jpeg',306319,NULL,NULL,'post',NULL,NULL,NULL,'2015-04-07 07:55:28','2015-04-07 07:55:28'),(207,'default.jpg',NULL,0,'sonata.media.provider.image',1,'1b3f398f599a32682d6f96b535ee332bbd4c5994.jpeg','{\"filename\":\"default.jpg\"}',1169,1181,NULL,'image/jpeg',306319,NULL,NULL,'post',NULL,NULL,NULL,'2015-04-07 07:55:28','2015-04-07 07:55:28'),(208,'default.jpg',NULL,0,'sonata.media.provider.image',1,'102999d7cd2271521d54eb4f6160579e715ac1a6.jpeg','{\"filename\":\"default.jpg\"}',1169,1181,NULL,'image/jpeg',306319,NULL,NULL,'post',NULL,NULL,NULL,'2015-04-07 07:55:29','2015-04-07 07:55:29'),(209,'default.jpg',NULL,0,'sonata.media.provider.image',1,'be06cc2d71b2689ba5696286e7b61cfc97961675.jpeg','{\"filename\":\"default.jpg\"}',1169,1181,NULL,'image/jpeg',306319,NULL,NULL,'post',NULL,NULL,NULL,'2015-04-07 07:55:30','2015-04-07 07:55:30'),(210,'default.jpg',NULL,0,'sonata.media.provider.image',1,'eacb69025c5fa2fa9b807fc2401f4ed04ccc7b01.jpeg','{\"filename\":\"default.jpg\"}',1169,1181,NULL,'image/jpeg',306319,NULL,NULL,'post',NULL,NULL,NULL,'2015-04-07 07:55:30','2015-04-07 07:55:30'),(211,'default.jpg',NULL,0,'sonata.media.provider.image',1,'dc6458a9e93cf88dee8f9f04e1bdc4c20ce4ab36.jpeg','{\"filename\":\"default.jpg\"}',1169,1181,NULL,'image/jpeg',306319,NULL,NULL,'post',NULL,NULL,NULL,'2015-04-07 07:55:31','2015-04-07 07:55:31'),(212,'default.jpg',NULL,0,'sonata.media.provider.image',1,'08c2cba930b3d3edc5a1b909e22a4f7bc398cf3a.jpeg','{\"filename\":\"default.jpg\"}',1169,1181,NULL,'image/jpeg',306319,NULL,NULL,'post',NULL,NULL,NULL,'2015-04-07 07:55:31','2015-04-07 07:55:31'),(213,'default.jpg',NULL,0,'sonata.media.provider.image',1,'1a4ab45ed79ccc58d40c203c45993c904c12df6d.jpeg','{\"filename\":\"default.jpg\"}',1169,1181,NULL,'image/jpeg',306319,NULL,NULL,'post',NULL,NULL,NULL,'2015-04-07 07:55:32','2015-04-07 07:55:32'),(214,'default.jpg',NULL,0,'sonata.media.provider.image',1,'401b31e84e855faecf93b57640b0c1160db99cd5.jpeg','{\"filename\":\"default.jpg\"}',1169,1181,NULL,'image/jpeg',306319,NULL,NULL,'post',NULL,NULL,NULL,'2015-04-07 07:55:32','2015-04-07 07:55:32'),(215,'default.jpg',NULL,0,'sonata.media.provider.image',1,'5bc71ea32675efd15dc1d4dac63d95adc7297228.jpeg','{\"filename\":\"default.jpg\"}',1169,1181,NULL,'image/jpeg',306319,NULL,NULL,'post',NULL,NULL,NULL,'2015-04-07 07:55:33','2015-04-07 07:55:33'),(216,'default.jpg',NULL,0,'sonata.media.provider.image',1,'ee438c14118759e79403fd407012ac9258a5d659.jpeg','{\"filename\":\"default.jpg\"}',1169,1181,NULL,'image/jpeg',306319,NULL,NULL,'history',NULL,NULL,NULL,'2015-04-07 07:55:34','2015-04-07 07:55:34'),(217,'default.jpg',NULL,0,'sonata.media.provider.image',1,'3027eff598c144852fe9a6a5ac93c37a571e11b5.jpeg','{\"filename\":\"default.jpg\"}',1169,1181,NULL,'image/jpeg',306319,NULL,NULL,'history',NULL,NULL,NULL,'2015-04-07 07:55:35','2015-04-07 07:55:35'),(218,'DSC_6603.jpg',NULL,0,'sonata.media.provider.image',1,'d6050faf2c87aa646e8aa2e072d18b2c8d8931a4.jpeg','{\"filename\":\"DSC_6603.jpg\"}',2074,2960,NULL,'image/jpeg',3891652,NULL,NULL,'performance',NULL,NULL,NULL,'2015-04-08 16:43:39','2015-04-08 16:43:39'),(219,'DSC_6603.jpg',NULL,0,'sonata.media.provider.image',1,'524d584c0db5c6ef8006f577cbdc029051891852.jpeg','{\"filename\":\"DSC_6603.jpg\"}',2074,2960,NULL,'image/jpeg',3891652,NULL,NULL,'performance',NULL,NULL,NULL,'2015-04-08 16:43:43','2015-04-08 16:43:43'),(220,'боїнг-боїнг  D.jpg',NULL,0,'sonata.media.provider.image',1,'1ea66cc930acef6db560c38e557544c55b96a896.jpeg','{\"filename\":\"\\u0431\\u043e\\u0457\\u043d\\u0433-\\u0431\\u043e\\u0457\\u043d\\u0433  D.jpg\"}',1200,600,NULL,'image/jpeg',346212,NULL,NULL,'slider',NULL,NULL,NULL,'2015-04-08 16:46:02','2015-04-08 16:46:02'),(221,'7боїнг-боїнг  .jpg',NULL,0,'sonata.media.provider.image',1,'38d98b39e560c2ee230f3a3ddc0c0f9aadd79043.jpeg','{\"filename\":\"7\\u0431\\u043e\\u0457\\u043d\\u0433-\\u0431\\u043e\\u0457\\u043d\\u0433  .jpg\"}',604,415,NULL,'image/jpeg',61603,NULL,NULL,'performance',NULL,NULL,NULL,'2015-04-08 16:47:13','2015-04-08 16:47:13'),(222,'боїнг-боїнг 1.jpg',NULL,0,'sonata.media.provider.image',1,'679033ece792d68d9ecd974b27309211cbcd45c8.jpeg','{\"filename\":\"\\u0431\\u043e\\u0457\\u043d\\u0433-\\u0431\\u043e\\u0457\\u043d\\u0433 1.jpg\"}',404,604,NULL,'image/jpeg',36733,NULL,NULL,'performance',NULL,NULL,NULL,'2015-04-08 16:47:23','2015-04-08 16:47:23'),(223,'боїнг-боїнг 2.jpg',NULL,0,'sonata.media.provider.image',1,'08e384db5ffe729f650ccaea2d748713f73cc5ff.jpeg','{\"filename\":\"\\u0431\\u043e\\u0457\\u043d\\u0433-\\u0431\\u043e\\u0457\\u043d\\u0433 2.jpg\"}',604,404,NULL,'image/jpeg',56182,NULL,NULL,'performance',NULL,NULL,NULL,'2015-04-08 16:47:33','2015-04-08 16:47:33'),(224,'боїнг-боїнг 3.jpg',NULL,0,'sonata.media.provider.image',1,'2d5c86a09ca381681e3ce9d49d3ea316631b7580.jpeg','{\"filename\":\"\\u0431\\u043e\\u0457\\u043d\\u0433-\\u0431\\u043e\\u0457\\u043d\\u0433 3.jpg\"}',604,402,NULL,'image/jpeg',52239,NULL,NULL,'performance',NULL,NULL,NULL,'2015-04-08 16:47:43','2015-04-08 16:47:43'),(225,'боїнг-боїнг 4.jpg',NULL,0,'sonata.media.provider.image',1,'1c9db4720791f5b08a36e8d68d12ce23b4c43f29.jpeg','{\"filename\":\"\\u0431\\u043e\\u0457\\u043d\\u0433-\\u0431\\u043e\\u0457\\u043d\\u0433 4.jpg\"}',604,402,NULL,'image/jpeg',66221,NULL,NULL,'performance',NULL,NULL,NULL,'2015-04-08 16:47:56','2015-04-08 16:47:56'),(226,'боїнг-боїнг 5.jpg',NULL,0,'sonata.media.provider.image',1,'e66bb474e6fe34a66e7278fbd05702c44fe5c80a.jpeg','{\"filename\":\"\\u0431\\u043e\\u0457\\u043d\\u0433-\\u0431\\u043e\\u0457\\u043d\\u0433 5.jpg\"}',604,404,NULL,'image/jpeg',52999,NULL,NULL,'performance',NULL,NULL,NULL,'2015-04-08 16:48:07','2015-04-08 16:48:07'),(227,'боїнг-боїнг 6.jpg',NULL,0,'sonata.media.provider.image',1,'778599bd14858878e2051512a0ddcaad73acdebc.jpeg','{\"filename\":\"\\u0431\\u043e\\u0457\\u043d\\u0433-\\u0431\\u043e\\u0457\\u043d\\u0433 6.jpg\"}',604,404,NULL,'image/jpeg',50914,NULL,NULL,'performance',NULL,NULL,NULL,'2015-04-08 16:48:15','2015-04-08 16:48:15'),(228,'ПОСТЕР 2.jpg',NULL,0,'sonata.media.provider.image',1,'8c05017c8b5710cc1a3950452b3aec3966c49085.jpeg','{\"filename\":\"\\u041f\\u041e\\u0421\\u0422\\u0415\\u0420 2.jpg\"}',3508,4961,NULL,'image/jpeg',12129432,NULL,NULL,'performance',NULL,NULL,NULL,'2015-04-08 16:54:47','2015-04-08 16:54:47'),(229,'ПОСТЕР 2.jpg',NULL,0,'sonata.media.provider.image',1,'45705067a3e50af8cea6b4ddb52e36c4ba7063c2.jpeg','{\"filename\":\"\\u041f\\u041e\\u0421\\u0422\\u0415\\u0420 2.jpg\"}',3508,4961,NULL,'image/jpeg',12129432,NULL,NULL,'performance',NULL,NULL,NULL,'2015-04-08 16:54:53','2015-04-08 16:54:53'),(230,'Академія постер.jpg',NULL,0,'sonata.media.provider.image',1,'b1e897b2e6af42159cf48f43198a86b533b67b18.jpeg','{\"filename\":\"\\u0410\\u043a\\u0430\\u0434\\u0435\\u043c\\u0456\\u044f \\u043f\\u043e\\u0441\\u0442\\u0435\\u0440.jpg\"}',1200,600,NULL,'image/jpeg',698531,NULL,NULL,'slider',NULL,NULL,NULL,'2015-04-08 16:55:35','2015-04-08 16:55:35'),(231,'photo.jpg',NULL,0,'sonata.media.provider.image',1,'18561540564c7a239eb400aca34a7b05d8574858.jpeg','{\"filename\":\"photo.jpg\"}',512,512,NULL,'image/jpeg',78458,NULL,NULL,'employee',NULL,NULL,NULL,'2015-04-08 17:00:02','2015-04-08 17:00:02'),(232,'LL_1S90ZK8M.jpg',NULL,0,'sonata.media.provider.image',1,'6ff35cc698616c0766240a36e712fa2b8dcdafa7.jpeg','{\"filename\":\"LL_1S90ZK8M.jpg\"}',772,515,NULL,'image/jpeg',22529,NULL,NULL,'performance',NULL,NULL,NULL,'2015-04-08 17:01:31','2015-04-08 17:01:31'),(233,'барвінок-герой В.jpg',NULL,0,'sonata.media.provider.image',1,'478a97db6695ed4ce00be462b77e19bac63c6080.jpeg','{\"filename\":\"\\u0431\\u0430\\u0440\\u0432\\u0456\\u043d\\u043e\\u043a-\\u0433\\u0435\\u0440\\u043e\\u0439 \\u0412.jpg\"}',1200,600,NULL,'image/jpeg',1014257,NULL,NULL,'slider',NULL,NULL,NULL,'2015-04-08 17:06:50','2015-04-08 17:06:50'),(234,'DSC05525_новый-размер.jpg',NULL,0,'sonata.media.provider.image',1,'9e46b9845f17afde99c1abdedac6ad78dc64089c.jpeg','{\"filename\":\"DSC05525_\\u043d\\u043e\\u0432\\u044b\\u0439-\\u0440\\u0430\\u0437\\u043c\\u0435\\u0440.jpg\"}',1000,667,NULL,'image/jpeg',170776,NULL,NULL,'performance',NULL,NULL,NULL,'2015-04-08 17:11:56','2015-04-08 17:11:56'),(235,'DSC06030_новый-размер.jpg',NULL,0,'sonata.media.provider.image',1,'d052d652044492b2b8fa1cba2fe865225d75050f.jpeg','{\"filename\":\"DSC06030_\\u043d\\u043e\\u0432\\u044b\\u0439-\\u0440\\u0430\\u0437\\u043c\\u0435\\u0440.jpg\"}',1000,667,NULL,'image/jpeg',247403,NULL,NULL,'performance',NULL,NULL,NULL,'2015-04-08 17:12:09','2015-04-08 17:12:09'),(236,'10952291_10153075876753745_2837053252557327217_o.jpg',NULL,0,'sonata.media.provider.image',1,'a3cafcef3cc1308eb34c03f8274b0a48acc04a09.jpeg','{\"filename\":\"10952291_10153075876753745_2837053252557327217_o.jpg\"}',1200,772,NULL,'image/jpeg',105114,NULL,NULL,'performance',NULL,NULL,NULL,'2015-04-08 17:12:28','2015-04-08 17:12:28'),(237,'DSC06216_новый-размер.jpg',NULL,0,'sonata.media.provider.image',1,'3c19b2db54f4aa7fb4f68ac16cc7ff2889904712.jpeg','{\"filename\":\"DSC06216_\\u043d\\u043e\\u0432\\u044b\\u0439-\\u0440\\u0430\\u0437\\u043c\\u0435\\u0440.jpg\"}',1000,667,NULL,'image/jpeg',205658,NULL,NULL,'performance',NULL,NULL,NULL,'2015-04-08 17:12:36','2015-04-08 17:12:36'),(238,'10662033_10200475794415263_5806083143540569046_o.jpg',NULL,0,'sonata.media.provider.image',1,'111c9763dafab9be53686d6e815b782820d9df57.jpeg','{\"filename\":\"10662033_10200475794415263_5806083143540569046_o.jpg\"}',2048,1365,NULL,'image/jpeg',98131,NULL,NULL,'performance',NULL,NULL,NULL,'2015-04-08 17:12:46','2015-04-08 17:12:46'),(239,'DSC05852_новый-размер.jpg',NULL,0,'sonata.media.provider.image',1,'8947b605eaeab4579241f26ce863ac4d100af621.jpeg','{\"filename\":\"DSC05852_\\u043d\\u043e\\u0432\\u044b\\u0439-\\u0440\\u0430\\u0437\\u043c\\u0435\\u0440.jpg\"}',1000,667,NULL,'image/jpeg',201794,NULL,NULL,'performance',NULL,NULL,NULL,'2015-04-08 17:12:59','2015-04-08 17:12:59'),(240,'10626223_10200475793055229_5061848609416525288_o.jpg',NULL,0,'sonata.media.provider.image',1,'bcb7543fa0e7ca7106c029675a80167b93d78245.jpeg','{\"filename\":\"10626223_10200475793055229_5061848609416525288_o.jpg\"}',2048,1365,NULL,'image/jpeg',121260,NULL,NULL,'performance',NULL,NULL,NULL,'2015-04-08 17:13:16','2015-04-08 17:13:16'),(241,'DSC_6604.jpg',NULL,0,'sonata.media.provider.image',1,'d19532d9125b1606f9b9b96eda264ed911d60617.jpeg','{\"filename\":\"DSC_6604.jpg\"}',2038,2912,NULL,'image/jpeg',3711688,NULL,NULL,'performance',NULL,NULL,NULL,'2015-04-08 17:17:14','2015-04-08 17:17:14'),(242,'вишневий сад.jpg',NULL,0,'sonata.media.provider.image',1,'b5b0133ab30456ae7c94fa47066ed8c412009163.jpeg','{\"filename\":\"\\u0432\\u0438\\u0448\\u043d\\u0435\\u0432\\u0438\\u0439 \\u0441\\u0430\\u0434.jpg\"}',1200,600,NULL,'image/jpeg',652157,NULL,NULL,'slider',NULL,NULL,NULL,'2015-04-08 17:19:07','2015-04-08 17:19:07'),(243,'000007.jpg',NULL,0,'sonata.media.provider.image',1,'fa65b9754f46abd4d921a6daa16bc05794dac5ed.jpeg','{\"filename\":\"000007.jpg\"}',2586,1830,NULL,'image/jpeg',4001804,NULL,NULL,'performance',NULL,NULL,NULL,'2015-04-08 17:22:17','2015-04-08 17:22:17'),(244,'000007.jpg',NULL,0,'sonata.media.provider.image',1,'9ae96f41caa11abf6f7807051d3c8d72b43345c4.jpeg','{\"filename\":\"000007.jpg\"}',2586,1830,NULL,'image/jpeg',4001804,NULL,NULL,'performance',NULL,NULL,NULL,'2015-04-08 17:22:21','2015-04-08 17:22:21'),(245,'000015.jpg',NULL,0,'sonata.media.provider.image',1,'1127cfcc4f2248927cec9997377d87b2bd27844c.jpeg','{\"filename\":\"000015.jpg\"}',2586,1830,NULL,'image/jpeg',4339114,NULL,NULL,'performance',NULL,NULL,NULL,'2015-04-08 17:23:23','2015-04-08 17:23:23'),(246,'000015.jpg',NULL,0,'sonata.media.provider.image',1,'6cd288eb51b2698bc5b7d721ec7112ebdab8dd83.jpeg','{\"filename\":\"000015.jpg\"}',2586,1830,NULL,'image/jpeg',4339114,NULL,NULL,'performance',NULL,NULL,NULL,'2015-04-08 17:23:26','2015-04-08 17:23:26'),(247,'IMG_7398.JPG',NULL,0,'sonata.media.provider.image',1,'644cae607f7f0265d1725abfc82b07d145f409bd.jpeg','{\"filename\":\"IMG_7398.JPG\"}',3888,2592,NULL,'image/jpeg',4049882,NULL,NULL,'performance',NULL,NULL,NULL,'2015-04-08 17:28:58','2015-04-08 17:28:58'),(248,'дорога до сонця В.jpg',NULL,0,'sonata.media.provider.image',1,'4a939d85ba1057be5c9fab7c2dc7e588951580c3.jpeg','{\"filename\":\"\\u0434\\u043e\\u0440\\u043e\\u0433\\u0430 \\u0434\\u043e \\u0441\\u043e\\u043d\\u0446\\u044f \\u0412.jpg\"}',1200,600,NULL,'image/jpeg',703899,NULL,NULL,'slider',NULL,NULL,NULL,'2015-04-08 17:32:16','2015-04-08 17:32:16'),(249,'IMG_7435.JPG',NULL,0,'sonata.media.provider.image',1,'06d49811ca9dca3640e3baa669e83451e28bfd06.jpeg','{\"filename\":\"IMG_7435.JPG\"}',3888,2592,NULL,'image/jpeg',3909741,NULL,NULL,'performance',NULL,NULL,NULL,'2015-04-08 17:35:40','2015-04-08 17:35:40'),(250,'IMG_7435.JPG',NULL,0,'sonata.media.provider.image',1,'0258bb098be39c3a46bc50202dbe703f8a631924.jpeg','{\"filename\":\"IMG_7435.JPG\"}',3888,2592,NULL,'image/jpeg',3909741,NULL,NULL,'performance',NULL,NULL,NULL,'2015-04-08 17:35:45','2015-04-08 17:35:45'),(251,'IMG_7465.JPG',NULL,0,'sonata.media.provider.image',1,'1d2cda60f9b0dba1b058517f5cb197a8410aa7bd.jpeg','{\"filename\":\"IMG_7465.JPG\"}',3888,2592,NULL,'image/jpeg',2669558,NULL,NULL,'performance',NULL,NULL,NULL,'2015-04-08 17:36:08','2015-04-08 17:36:08'),(252,'IMG_7465.JPG',NULL,0,'sonata.media.provider.image',1,'70b6692e1930688ee5becff4f2beb802ad8910ed.jpeg','{\"filename\":\"IMG_7465.JPG\"}',3888,2592,NULL,'image/jpeg',2669558,NULL,NULL,'performance',NULL,NULL,NULL,'2015-04-08 17:36:13','2015-04-08 17:36:13'),(253,'IMG_7412.JPG',NULL,0,'sonata.media.provider.image',1,'a7ff3f2bc93626af08c29ac12e650fe40eb07172.jpeg','{\"filename\":\"IMG_7412.JPG\"}',3888,2592,NULL,'image/jpeg',3409323,NULL,NULL,'performance',NULL,NULL,NULL,'2015-04-08 17:36:27','2015-04-08 17:36:27'),(254,'IMG_7706.JPG',NULL,0,'sonata.media.provider.image',1,'d09a5660d1a2e50b53770ea68a45f74e08696393.jpeg','{\"filename\":\"IMG_7706.JPG\"}',3888,2592,NULL,'image/jpeg',3486108,NULL,NULL,'performance',NULL,NULL,NULL,'2015-04-08 17:36:49','2015-04-08 17:36:49'),(255,'IMG_7407.JPG',NULL,0,'sonata.media.provider.image',1,'5ec54c56b21aa0ff872cdb8c810812ae683a0a8c.jpeg','{\"filename\":\"IMG_7407.JPG\"}',3888,2592,NULL,'image/jpeg',3861808,NULL,NULL,'performance',NULL,NULL,NULL,'2015-04-08 17:37:07','2015-04-08 17:37:07'),(256,'IMG_7407.JPG',NULL,0,'sonata.media.provider.image',1,'c039437a852cd20d3f0a1eedc8244c9b91e0e80a.jpeg','{\"filename\":\"IMG_7407.JPG\"}',3888,2592,NULL,'image/jpeg',3861808,NULL,NULL,'performance',NULL,NULL,NULL,'2015-04-08 17:37:11','2015-04-08 17:37:11'),(257,'IMG_7371.JPG',NULL,0,'sonata.media.provider.image',1,'b4d54071e0fb85896bf6bd5be534a5591c579257.jpeg','{\"filename\":\"IMG_7371.JPG\"}',3888,2592,NULL,'image/jpeg',3250811,NULL,NULL,'performance',NULL,NULL,NULL,'2015-04-08 17:37:29','2015-04-08 17:37:29'),(258,'IMG_7565.JPG',NULL,0,'sonata.media.provider.image',1,'bfff1b3abcfbff3663d47d2656a14e9b4484f6af.jpeg','{\"filename\":\"IMG_7565.JPG\"}',3888,2592,NULL,'image/jpeg',2995410,NULL,NULL,'performance',NULL,NULL,NULL,'2015-04-08 17:37:49','2015-04-08 17:37:49'),(259,'IMG_7565.JPG',NULL,0,'sonata.media.provider.image',1,'9b6e2e6c122cffddc1ebec6e9361fd8dbb74f138.jpeg','{\"filename\":\"IMG_7565.JPG\"}',3888,2592,NULL,'image/jpeg',2995410,NULL,NULL,'performance',NULL,NULL,NULL,'2015-04-08 17:37:52','2015-04-08 17:37:52'),(260,'IMG_6134.JPG',NULL,0,'sonata.media.provider.image',1,'b2139692f4d78114bf9497676a53f7fa0ac1bfec.jpeg','{\"filename\":\"IMG_6134.JPG\"}',2336,3504,NULL,'image/jpeg',5854546,NULL,NULL,'performance',NULL,NULL,NULL,'2015-04-08 17:45:01','2015-04-08 17:45:01'),(261,'IMG_6134.JPG',NULL,0,'sonata.media.provider.image',1,'89255d538517518ac6d73f29a358108a238e9cb7.jpeg','{\"filename\":\"IMG_6134.JPG\"}',2336,3504,NULL,'image/jpeg',5854546,NULL,NULL,'performance',NULL,NULL,NULL,'2015-04-08 17:45:05','2015-04-08 17:45:05'),(262,'дуже проста В.jpg',NULL,0,'sonata.media.provider.image',1,'68d4a0b35816c5ebc806e6afad696d985c86aab5.jpeg','{\"filename\":\"\\u0434\\u0443\\u0436\\u0435 \\u043f\\u0440\\u043e\\u0441\\u0442\\u0430 \\u0412.jpg\"}',1200,600,NULL,'image/jpeg',900423,NULL,NULL,'slider',NULL,NULL,NULL,'2015-04-08 17:45:14','2015-04-08 17:45:14'),(263,'IMG_6098.JPG',NULL,0,'sonata.media.provider.image',1,'01d3731f49d2d47f2bd3828a9cda51863ef61103.jpeg','{\"filename\":\"IMG_6098.JPG\"}',2336,3504,NULL,'image/jpeg',5681450,NULL,NULL,'performance',NULL,NULL,NULL,'2015-04-08 17:45:29','2015-04-08 17:45:29'),(264,'IMG_6185.JPG',NULL,0,'sonata.media.provider.image',1,'a608f1b2d737807a8ce29c2238a706512e3f35e8.jpeg','{\"filename\":\"IMG_6185.JPG\"}',2336,3504,NULL,'image/jpeg',5148082,NULL,NULL,'performance',NULL,NULL,NULL,'2015-04-08 17:46:06','2015-04-08 17:46:06'),(265,'IMG_0004.JPG',NULL,0,'sonata.media.provider.image',1,'00483324c28beee7f1fbbed1c5c257d6872794fa.jpeg','{\"filename\":\"IMG_0004.JPG\"}',2336,3504,NULL,'image/jpeg',5277265,NULL,NULL,'performance',NULL,NULL,NULL,'2015-04-08 17:46:31','2015-04-08 17:46:31'),(266,'x_73a13616.jpg',NULL,0,'sonata.media.provider.image',1,'8322c246f5a4a5c802f8ae4d3de2117e7aff61da.jpeg','{\"filename\":\"x_73a13616.jpg\"}',359,479,NULL,'image/jpeg',42111,NULL,NULL,'performance',NULL,NULL,NULL,'2015-04-08 17:55:36','2015-04-08 17:55:36'),(267,'за двома зайцями В.jpg',NULL,0,'sonata.media.provider.image',1,'d4ff5acc55d2517ba5c8f6df2c26095ce0b32a57.jpeg','{\"filename\":\"\\u0437\\u0430 \\u0434\\u0432\\u043e\\u043c\\u0430 \\u0437\\u0430\\u0439\\u0446\\u044f\\u043c\\u0438 \\u0412.jpg\"}',1200,600,NULL,'image/jpeg',560197,NULL,NULL,'slider',NULL,NULL,NULL,'2015-04-08 17:55:46','2015-04-08 17:55:46'),(268,'DSC_6599.jpg',NULL,0,'sonata.media.provider.image',1,'9ddadd4e0676554e2e41b2e8393f89b9f39a9f41.jpeg','{\"filename\":\"DSC_6599.jpg\"}',1968,1912,NULL,'image/jpeg',2097138,NULL,NULL,'performance',NULL,NULL,NULL,'2015-04-08 17:58:30','2015-04-08 17:58:30'),(269,'місто на Ч.jpg',NULL,0,'sonata.media.provider.image',1,'113cd2f7c7ef9c74567c144e2b627d5afe833f76.jpeg','{\"filename\":\"\\u043c\\u0456\\u0441\\u0442\\u043e \\u043d\\u0430 \\u0427.jpg\"}',1200,600,NULL,'image/jpeg',467645,NULL,NULL,'slider',NULL,NULL,NULL,'2015-04-08 18:09:41','2015-04-08 18:09:41'),(270,'DSC_0436.jpg',NULL,0,'sonata.media.provider.image',1,'8921bc5b71b0160b87d226caf8701f0651247765.jpeg','{\"filename\":\"DSC_0436.jpg\"}',4288,2848,NULL,'image/jpeg',2692933,NULL,NULL,'performance',NULL,NULL,NULL,'2015-04-08 18:10:15','2015-04-08 18:10:15'),(271,'DSC_0516.jpg',NULL,0,'sonata.media.provider.image',1,'f9f3bd62eb6f8f6202352ae8c62c151b32335c5a.jpeg','{\"filename\":\"DSC_0516.jpg\"}',2848,4288,NULL,'image/jpeg',3701244,NULL,NULL,'performance',NULL,NULL,NULL,'2015-04-08 18:10:32','2015-04-08 18:10:32'),(272,'10900071_798542766883519_6911187600172786879_o.jpg',NULL,0,'sonata.media.provider.image',1,'eb4087967da632cb225e41916782301a546b68de.jpeg','{\"filename\":\"10900071_798542766883519_6911187600172786879_o.jpg\"}',640,960,NULL,'image/jpeg',42194,NULL,NULL,'performance',NULL,NULL,NULL,'2015-04-08 21:10:29','2015-04-08 21:10:29'),(273,'серед грому і тиші В.jpg',NULL,0,'sonata.media.provider.image',1,'0c004f9847ef475c33b8cdfb571f7d5d772f31e1.jpeg','{\"filename\":\"\\u0441\\u0435\\u0440\\u0435\\u0434 \\u0433\\u0440\\u043e\\u043c\\u0443 \\u0456 \\u0442\\u0438\\u0448\\u0456 \\u0412.jpg\"}',1200,600,NULL,'image/jpeg',439489,NULL,NULL,'slider',NULL,NULL,NULL,'2015-04-08 21:13:53','2015-04-08 21:13:53'),(274,'10887329_798543080216821_5143947564802433941_o.jpg',NULL,0,'sonata.media.provider.image',1,'9e744d46c79afd0edc4fa71382a4cba4666c25a4.jpeg','{\"filename\":\"10887329_798543080216821_5143947564802433941_o.jpg\"}',2048,1365,NULL,'image/jpeg',163529,NULL,NULL,'performance',NULL,NULL,NULL,'2015-04-08 21:14:18','2015-04-08 21:14:18'),(275,'10920110_798543123550150_1069195892249705091_o.jpg',NULL,0,'sonata.media.provider.image',1,'d9a4885534efe9ad8e72cdb5726dc452194e5c22.jpeg','{\"filename\":\"10920110_798543123550150_1069195892249705091_o.jpg\"}',2048,1365,NULL,'image/jpeg',150013,NULL,NULL,'performance',NULL,NULL,NULL,'2015-04-08 21:14:35','2015-04-08 21:14:35'),(276,'10750400_798543240216805_70876277333340951_o.jpg',NULL,0,'sonata.media.provider.image',1,'27cdf5231b172e57e00bae878666693f968a547f.jpeg','{\"filename\":\"10750400_798543240216805_70876277333340951_o.jpg\"}',2048,1365,NULL,'image/jpeg',163214,NULL,NULL,'performance',NULL,NULL,NULL,'2015-04-08 21:14:42','2015-04-08 21:14:42'),(277,'1979113_798543000216829_9026856559955066341_o.jpg',NULL,0,'sonata.media.provider.image',1,'7d8c8da435586f96267bd20beef1041a78719bcd.jpeg','{\"filename\":\"1979113_798543000216829_9026856559955066341_o.jpg\"}',2048,1365,NULL,'image/jpeg',134769,NULL,NULL,'performance',NULL,NULL,NULL,'2015-04-08 21:14:59','2015-04-08 21:14:59'),(278,'1617880_798543603550102_3405472372028812467_o.jpg',NULL,0,'sonata.media.provider.image',1,'fa65dc0533e617dfef2401f1752bb0b3575fccab.jpeg','{\"filename\":\"1617880_798543603550102_3405472372028812467_o.jpg\"}',2048,1365,NULL,'image/jpeg',312088,NULL,NULL,'performance',NULL,NULL,NULL,'2015-04-08 21:15:17','2015-04-08 21:15:17'),(279,'Сканінг В.jpg',NULL,0,'sonata.media.provider.image',1,'bb457f75d852710289971a1362dd4c483e6a2278.jpeg','{\"filename\":\"\\u0421\\u043a\\u0430\\u043d\\u0456\\u043d\\u0433 \\u0412.jpg\"}',1200,600,NULL,'image/jpeg',597133,NULL,NULL,'slider',NULL,NULL,NULL,'2015-04-08 21:44:14','2015-04-08 21:44:14'),(280,'20141027_172727.jpg',NULL,0,'sonata.media.provider.image',1,'e5a0a8ef3e3b485f8c46e256b027d0c46c309c19.jpeg','{\"filename\":\"20141027_172727.jpg\"}',1600,900,NULL,'image/jpeg',174420,NULL,NULL,'performance',NULL,NULL,NULL,'2015-04-08 21:44:25','2015-04-08 21:44:25'),(281,'20141027_174523.jpg',NULL,0,'sonata.media.provider.image',1,'ac89f5df559871cb2f3adba012312bdb332a140c.jpeg','{\"filename\":\"20141027_174523.jpg\"}',1600,900,NULL,'image/jpeg',330219,NULL,NULL,'performance',NULL,NULL,NULL,'2015-04-08 21:44:32','2015-04-08 21:44:32'),(282,'images (1).jpg',NULL,0,'sonata.media.provider.image',1,'9828519638abae0f4e90f264e96d2588eb1083ec.jpeg','{\"filename\":\"images (1).jpg\"}',142,80,NULL,'image/jpeg',3587,NULL,NULL,'performance',NULL,NULL,NULL,'2015-04-08 21:44:39','2015-04-08 21:44:39'),(283,'images.jpg',NULL,0,'sonata.media.provider.image',1,'8d4ca09c70962a151e934c9c289838daef964643.jpeg','{\"filename\":\"images.jpg\"}',256,197,NULL,'image/jpeg',9700,NULL,NULL,'performance',NULL,NULL,NULL,'2015-04-08 21:44:49','2015-04-08 21:44:49'),(284,'maxresdefault.jpg',NULL,0,'sonata.media.provider.image',1,'f7081057bafdefcf465b700937e2519f60e83dc4.jpeg','{\"filename\":\"maxresdefault.jpg\"}',1280,720,NULL,'image/jpeg',65792,NULL,NULL,'performance',NULL,NULL,NULL,'2015-04-08 21:45:01','2015-04-08 21:45:01'),(285,'10525746_793673484057654_358878395303613803_n.jpg',NULL,0,'sonata.media.provider.image',1,'01f006817612128e5febfadf4de0f1fccc51e9d7.jpeg','{\"filename\":\"10525746_793673484057654_358878395303613803_n.jpg\"}',687,960,NULL,'image/jpeg',155264,NULL,NULL,'performance',NULL,NULL,NULL,'2015-04-08 21:48:46','2015-04-08 21:48:46'),(286,'така любов В.jpg',NULL,0,'sonata.media.provider.image',1,'62769c74b98e8f065ea37f9f378bd848eb87df51.jpeg','{\"filename\":\"\\u0442\\u0430\\u043a\\u0430 \\u043b\\u044e\\u0431\\u043e\\u0432 \\u0412.jpg\"}',1200,600,NULL,'image/jpeg',649474,NULL,NULL,'slider',NULL,NULL,NULL,'2015-04-08 21:48:57','2015-04-08 21:48:57'),(287,'така любов В.jpg',NULL,0,'sonata.media.provider.image',1,'49d639ebc38de7998ae57d7cd83defd996f87abe.jpeg','{\"filename\":\"\\u0442\\u0430\\u043a\\u0430 \\u043b\\u044e\\u0431\\u043e\\u0432 \\u0412.jpg\"}',1200,600,NULL,'image/jpeg',649474,NULL,NULL,'slider',NULL,NULL,NULL,'2015-04-08 21:48:57','2015-04-08 21:48:57'),(288,'spektakl-taka-lyubov.8.jpg',NULL,0,'sonata.media.provider.image',1,'390e756e4357a02d63df296dbc8077d34e7d9768.jpeg','{\"filename\":\"spektakl-taka-lyubov.8.jpg\"}',586,389,NULL,'image/jpeg',30054,NULL,NULL,'performance',NULL,NULL,NULL,'2015-04-08 21:55:10','2015-04-08 21:55:10'),(289,'spektakl-taka-lyubov.12 (1).jpg',NULL,0,'sonata.media.provider.image',1,'04faf3184c13da848e6744d63d8b5d1d7c27fcc3.jpeg','{\"filename\":\"spektakl-taka-lyubov.12 (1).jpg\"}',892,593,NULL,'image/jpeg',59113,NULL,NULL,'performance',NULL,NULL,NULL,'2015-04-08 21:55:26','2015-04-08 21:55:26'),(290,'spektakl-taka-lyubov.12 (2).jpg',NULL,0,'sonata.media.provider.image',1,'f2d5a4f65ab9d6fd1833593ef81c9fb4b951d482.jpeg','{\"filename\":\"spektakl-taka-lyubov.12 (2).jpg\"}',892,593,NULL,'image/jpeg',80216,NULL,NULL,'performance',NULL,NULL,NULL,'2015-04-08 21:55:34','2015-04-08 21:55:34'),(291,'spektakl-taka-lyubov.12 (3).jpg',NULL,0,'sonata.media.provider.image',1,'6990b348a1d27cf1fb0b2a63c705119e101ed1ea.jpeg','{\"filename\":\"spektakl-taka-lyubov.12 (3).jpg\"}',892,593,NULL,'image/jpeg',78028,NULL,NULL,'performance',NULL,NULL,NULL,'2015-04-08 21:55:44','2015-04-08 21:55:44'),(292,'spektakl-taka-lyubov.12.jpg',NULL,0,'sonata.media.provider.image',1,'07dc588faed7beb2874f6404ca8bfe328c344053.jpeg','{\"filename\":\"spektakl-taka-lyubov.12.jpg\"}',892,593,NULL,'image/jpeg',87305,NULL,NULL,'performance',NULL,NULL,NULL,'2015-04-08 21:55:53','2015-04-08 21:55:53'),(293,'ФабрикаФормат_вIMG_7976.jpg',NULL,0,'sonata.media.provider.image',1,'fc8b0894fd88aad4e13865c2677242e544eb0a20.jpeg','{\"filename\":\"\\u0424\\u0430\\u0431\\u0440\\u0438\\u043a\\u0430\\u0424\\u043e\\u0440\\u043c\\u0430\\u0442_\\u0432IMG_7976.jpg\"}',3456,5184,NULL,'image/jpeg',2568309,NULL,NULL,'performance',NULL,NULL,NULL,'2015-04-08 22:01:00','2015-04-08 22:01:00'),(294,'ЦИГАНСЬКИЙ БАРОН В.jpg',NULL,0,'sonata.media.provider.image',1,'c57daa270ae811b776ac34b21c9a42f579748c92.jpeg','{\"filename\":\"\\u0426\\u0418\\u0413\\u0410\\u041d\\u0421\\u042c\\u041a\\u0418\\u0419 \\u0411\\u0410\\u0420\\u041e\\u041d \\u0412.jpg\"}',1200,600,NULL,'image/jpeg',652780,NULL,NULL,'slider',NULL,NULL,NULL,'2015-04-08 22:01:21','2015-04-08 22:01:21'),(295,'IMG_7835.jpg',NULL,0,'sonata.media.provider.image',1,'967f4b50cb9453553c33d7a0a9de7bc83da864f8.jpeg','{\"filename\":\"IMG_7835.jpg\"}',5184,3456,NULL,'image/jpeg',2957248,NULL,NULL,'performance',NULL,NULL,NULL,'2015-04-08 22:03:23','2015-04-08 22:03:23'),(296,'IMG_7835.jpg',NULL,0,'sonata.media.provider.image',1,'edf3a996af60c1c9f052c4dd93f054a71af0d5b4.jpeg','{\"filename\":\"IMG_7835.jpg\"}',5184,3456,NULL,'image/jpeg',2957248,NULL,NULL,'performance',NULL,NULL,NULL,'2015-04-08 22:03:30','2015-04-08 22:03:30'),(297,'IMG_8027.jpg',NULL,0,'sonata.media.provider.image',1,'9384b15b0ca258720cb7a864b588f387cd82c55e.jpeg','{\"filename\":\"IMG_8027.jpg\"}',3456,5184,NULL,'image/jpeg',2847110,NULL,NULL,'performance',NULL,NULL,NULL,'2015-04-08 22:03:51','2015-04-08 22:03:51'),(298,'IMG_7827.jpg',NULL,0,'sonata.media.provider.image',1,'297e39f2cb80dfaad76513ee607653c8b194f2e2.jpeg','{\"filename\":\"IMG_7827.jpg\"}',5184,3456,NULL,'image/jpeg',2920653,NULL,NULL,'performance',NULL,NULL,NULL,'2015-04-08 22:04:16','2015-04-08 22:04:16'),(299,'IMG_7856.jpg',NULL,0,'sonata.media.provider.image',1,'1ab63acee796ca8602826fec155ab56480bd3db8.jpeg','{\"filename\":\"IMG_7856.jpg\"}',5184,3456,NULL,'image/jpeg',2782636,NULL,NULL,'performance',NULL,NULL,NULL,'2015-04-08 22:04:31','2015-04-08 22:04:31'),(300,'IMG_7957.jpg',NULL,0,'sonata.media.provider.image',1,'e100fae08206beef4ac049eaacc7e88da9033234.jpeg','{\"filename\":\"IMG_7957.jpg\"}',5184,3456,NULL,'image/jpeg',3089981,NULL,NULL,'performance',NULL,NULL,NULL,'2015-04-08 22:04:51','2015-04-08 22:04:51'),(301,'IMG_8049.jpg',NULL,0,'sonata.media.provider.image',1,'44e2a098fbeac6f9621b7aef4a184c3c4195f2ce.jpeg','{\"filename\":\"IMG_8049.jpg\"}',3456,5184,NULL,'image/jpeg',1420178,NULL,NULL,'performance',NULL,NULL,NULL,'2015-04-08 22:05:14','2015-04-08 22:05:14'),(302,'MQuRjvAaze8.jpg',NULL,0,'sonata.media.provider.image',1,'cd12d80d212703d1b56b65a926943dc30070cd4d.jpeg','{\"filename\":\"MQuRjvAaze8.jpg\"}',682,1024,NULL,'image/jpeg',183248,NULL,NULL,'employee',NULL,NULL,NULL,'2015-04-09 10:31:08','2015-04-09 10:31:08'),(307,'день театру.jpg',NULL,0,'sonata.media.provider.image',1,'6d3edf7e523e374b22df4bdfadf26a7428a40e43.jpeg','{\"filename\":\"\\u0434\\u0435\\u043d\\u044c \\u0442\\u0435\\u0430\\u0442\\u0440\\u0443.jpg\"}',281,180,NULL,'image/jpeg',32822,NULL,NULL,'post',NULL,NULL,NULL,'2015-04-09 11:09:36','2015-04-09 11:09:36'),(308,'день театру.jpg',NULL,0,'sonata.media.provider.image',1,'86cab79ddf8543fe71ac253be1b37c1111828c4d.jpeg','{\"filename\":\"\\u0434\\u0435\\u043d\\u044c \\u0442\\u0435\\u0430\\u0442\\u0440\\u0443.jpg\"}',600,384,NULL,'image/jpeg',108376,NULL,NULL,'post',NULL,NULL,NULL,'2015-04-09 11:21:56','2015-04-09 11:21:56'),(309,'будівництво.jpg',NULL,0,'sonata.media.provider.image',1,'3a186cc0a7c83d2a616ac5f5b36f0dcfde192891.jpeg','{\"filename\":\"\\u0431\\u0443\\u0434\\u0456\\u0432\\u043d\\u0438\\u0446\\u0442\\u0432\\u043e.jpg\"}',600,400,NULL,'image/jpeg',336504,NULL,NULL,'post',NULL,NULL,NULL,'2015-04-09 12:10:22','2015-04-09 12:10:22'),(310,'680065.jpg',NULL,0,'sonata.media.provider.image',1,'962c414e7d48d4fb08558adf8df64411bd08573f.jpeg','{\"filename\":\"680065.jpg\"}',660,440,NULL,'image/jpeg',99171,NULL,NULL,'post',NULL,NULL,NULL,'2015-04-09 12:11:03','2015-04-09 12:11:03'),(311,'11080953_843102265779544_7293845343287459281_n.jpg',NULL,0,'sonata.media.provider.image',1,'8432a27dda6732ff5d450c47b948a0c39a0bc338.jpeg','{\"filename\":\"11080953_843102265779544_7293845343287459281_n.jpg\"}',677,960,NULL,'image/jpeg',116254,NULL,NULL,'post',NULL,NULL,NULL,'2015-04-09 12:11:13','2015-04-09 12:11:13'),(312,'11080904_657638594369459_4575856097704898471_n.jpg',NULL,0,'sonata.media.provider.image',1,'89f020e45d735e5ac08e8471c81f77eca1df2268.jpeg','{\"filename\":\"11080904_657638594369459_4575856097704898471_n.jpg\"}',686,372,NULL,'image/jpeg',40294,NULL,NULL,'post',NULL,NULL,NULL,'2015-04-09 12:11:28','2015-04-09 12:11:28'),(313,'будівництво.jpg',NULL,0,'sonata.media.provider.image',1,'bbbfdba45a6c790d7792496a391a54d0a7031466.jpeg','{\"filename\":\"\\u0431\\u0443\\u0434\\u0456\\u0432\\u043d\\u0438\\u0446\\u0442\\u0432\\u043e.jpg\"}',600,400,NULL,'image/jpeg',336504,NULL,NULL,'post',NULL,NULL,NULL,'2015-04-09 12:12:55','2015-04-09 12:12:55'),(314,'будівництво.jpg',NULL,0,'sonata.media.provider.image',1,'9ba9c7766dc930970540ef713579aed968b4df38.jpeg','{\"filename\":\"\\u0431\\u0443\\u0434\\u0456\\u0432\\u043d\\u0438\\u0446\\u0442\\u0432\\u043e.jpg\"}',600,400,NULL,'image/jpeg',336504,NULL,NULL,'post',NULL,NULL,NULL,'2015-04-09 12:14:46','2015-04-09 12:14:46'),(315,'11080953_843102265779544_7293845343287459281_n.jpg',NULL,0,'sonata.media.provider.image',1,'d04541566a62f66b4dab9613ec35aa97dcff50b7.jpeg','{\"filename\":\"11080953_843102265779544_7293845343287459281_n.jpg\"}',677,960,NULL,'image/jpeg',116254,NULL,NULL,'post',NULL,NULL,NULL,'2015-04-09 12:15:13','2015-04-09 12:15:13'),(316,'11080904_657638594369459_4575856097704898471_n.jpg',NULL,0,'sonata.media.provider.image',1,'4c3fa3edd8814b443491d5e3919e01f9a7f35f38.jpeg','{\"filename\":\"11080904_657638594369459_4575856097704898471_n.jpg\"}',686,372,NULL,'image/jpeg',40294,NULL,NULL,'post',NULL,NULL,NULL,'2015-04-09 12:15:26','2015-04-09 12:15:26'),(317,'680065.jpg',NULL,0,'sonata.media.provider.image',1,'f39ce760dee85d9667c28ad0034a2a6ff3b91e12.jpeg','{\"filename\":\"680065.jpg\"}',660,440,NULL,'image/jpeg',99171,NULL,NULL,'post',NULL,NULL,NULL,'2015-04-09 12:15:36','2015-04-09 12:15:36'),(318,'proskurnya.jpg',NULL,0,'sonata.media.provider.image',1,'4663f837094b5df7db13b5466ccd69bfce8aecad.jpeg','{\"filename\":\"proskurnya.jpg\"}',739,1109,NULL,'image/jpeg',315824,NULL,NULL,'employee',NULL,NULL,NULL,'2015-04-13 06:32:35','2015-04-13 06:32:35'),(321,'1382011494_uchasnyky-spektaklya.jpg',NULL,0,'sonata.media.provider.image',1,'d8712b5a932067eed9658bafb66f563dce834313.jpeg','{\"filename\":\"1382011494_uchasnyky-spektaklya.jpg\"}',858,696,NULL,'image/jpeg',341571,NULL,NULL,'history',NULL,NULL,NULL,'2015-04-14 16:45:29','2015-04-14 16:45:29'),(322,'1317838257_6.jpg',NULL,0,'sonata.media.provider.image',1,'6dd55f7b66efb7a065c571b6106d6f1580744bd2.jpeg','{\"filename\":\"1317838257_6.jpg\"}',650,454,NULL,'image/jpeg',87621,NULL,NULL,'history',NULL,NULL,NULL,'2015-04-14 16:46:20','2015-04-14 16:46:20'),(323,'Сніданок з ворогом.jpg',NULL,0,'sonata.media.provider.image',1,'15207c4e3a90f93609f172676ef76990877b29e0.jpeg','{\"filename\":\"\\u0421\\u043d\\u0456\\u0434\\u0430\\u043d\\u043e\\u043a \\u0437 \\u0432\\u043e\\u0440\\u043e\\u0433\\u043e\\u043c.jpg\"}',1100,550,NULL,'image/jpeg',262884,NULL,NULL,'slider',NULL,NULL,NULL,'2015-04-16 23:04:42','2015-04-16 23:04:42'),(324,'1080099_593502260764272_1316859557_n.jpg',NULL,0,'sonata.media.provider.image',1,'23cd92aea837919c799c6acdae6bd74ddeedc3be.jpeg','{\"filename\":\"1080099_593502260764272_1316859557_n.jpg\"}',960,635,NULL,'image/jpeg',53404,NULL,NULL,'performance',NULL,NULL,NULL,'2015-04-16 23:06:52','2015-04-16 23:06:52'),(325,'10439752_593649194082912_1014407289_n.jpg',NULL,0,'sonata.media.provider.image',1,'61331eb3289c64f2d416bfd00a080d8bfd2324b0.jpeg','{\"filename\":\"10439752_593649194082912_1014407289_n.jpg\"}',960,741,NULL,'image/jpeg',91776,NULL,NULL,'performance',NULL,NULL,NULL,'2015-04-16 23:07:10','2015-04-16 23:07:10'),(326,'10428931_593531834094648_411036294_n.jpg',NULL,0,'sonata.media.provider.image',1,'1b7ff0a33f796e4a39e08e582170e6d4491d76d2.jpeg','{\"filename\":\"10428931_593531834094648_411036294_n.jpg\"}',960,673,NULL,'image/jpeg',52897,NULL,NULL,'performance',NULL,NULL,NULL,'2015-04-16 23:07:29','2015-04-16 23:07:29'),(327,'10419677_593649947416170_723954515_n.jpg',NULL,0,'sonata.media.provider.image',1,'32ab4e62198b66c24dc65557fc5abc026382b0f0.jpeg','{\"filename\":\"10419677_593649947416170_723954515_n.jpg\"}',960,635,NULL,'image/jpeg',86566,NULL,NULL,'performance',NULL,NULL,NULL,'2015-04-16 23:07:50','2015-04-16 23:07:50'),(328,'1079209_593516777429487_1175066689_n.jpg',NULL,0,'sonata.media.provider.image',1,'cadd58e08c89e1c2d171eb19d18abc927612326f.jpeg','{\"filename\":\"1079209_593516777429487_1175066689_n.jpg\"}',960,676,NULL,'image/jpeg',83072,NULL,NULL,'performance',NULL,NULL,NULL,'2015-04-16 23:08:08','2015-04-16 23:08:08'),(329,'АФИША дата.jpg',NULL,0,'sonata.media.provider.image',1,'5a53cdd1fd173bce5bc701924f6dae8d21d2128b.jpeg','{\"filename\":\"\\u0410\\u0424\\u0418\\u0428\\u0410 \\u0434\\u0430\\u0442\\u0430.jpg\"}',4965,7016,NULL,'image/jpeg',12282601,NULL,NULL,'performance',NULL,NULL,NULL,'2015-04-16 23:08:14','2015-04-16 23:08:14'),(330,'АФИША.jpg',NULL,0,'sonata.media.provider.image',1,'920c1385fa1cf734cf0ae2d86de628f20af51b93.jpeg','{\"filename\":\"\\u0410\\u0424\\u0418\\u0428\\u0410.jpg\"}',4965,7016,NULL,'image/jpeg',12323441,NULL,NULL,'performance',NULL,NULL,NULL,'2015-04-16 23:08:23','2015-04-16 23:08:23'),(331,'Кайдашева сімя.jpg',NULL,0,'sonata.media.provider.image',1,'8a15c1a518ec43c40a6101e8ddaa0d3a8c4f9dfd.jpeg','{\"filename\":\"\\u041a\\u0430\\u0439\\u0434\\u0430\\u0448\\u0435\\u0432\\u0430 \\u0441\\u0456\\u043c\\u044f.jpg\"}',1100,550,NULL,'image/jpeg',409007,NULL,NULL,'slider',NULL,NULL,NULL,'2015-04-16 23:12:50','2015-04-16 23:12:50'),(332,'IMG_1182.JPG',NULL,0,'sonata.media.provider.image',1,'9aea3f3b7f01114ce5153242b684f35cd7366614.jpeg','{\"filename\":\"IMG_1182.JPG\"}',2336,3504,NULL,'image/jpeg',4477505,NULL,NULL,'performance',NULL,NULL,NULL,'2015-04-16 23:15:53','2015-04-16 23:15:53'),(333,'DSC_6595.jpg',NULL,0,'sonata.media.provider.image',1,'ee7a2fe95db30874de05b91d0c720dfc880d8ff3.jpeg','{\"filename\":\"DSC_6595.jpg\"}',2180,3179,NULL,'image/jpeg',3656590,NULL,NULL,'performance',NULL,NULL,NULL,'2015-04-16 23:15:55','2015-04-16 23:15:55'),(334,'IMG_1180.JPG',NULL,0,'sonata.media.provider.image',1,'45528e262858e5f4cf20775832da54a5f3637a38.jpeg','{\"filename\":\"IMG_1180.JPG\"}',2336,3504,NULL,'image/jpeg',5342427,NULL,NULL,'performance',NULL,NULL,NULL,'2015-04-16 23:16:44','2015-04-16 23:16:44'),(335,'АФИША дата.jpg',NULL,0,'sonata.media.provider.image',1,'6698ce2edcbfdf8d3e88e879f4c5cb1e636ee12c.jpeg','{\"filename\":\"\\u0410\\u0424\\u0418\\u0428\\u0410 \\u0434\\u0430\\u0442\\u0430.jpg\"}',4965,7016,NULL,'image/jpeg',12282601,NULL,NULL,'performance',NULL,NULL,NULL,'2015-04-16 23:17:19','2015-04-16 23:17:19'),(336,'IMG_1180.JPG',NULL,0,'sonata.media.provider.image',1,'cc8186123d297cf000ed4c5fcafc28985389e61c.jpeg','{\"filename\":\"IMG_1180.JPG\"}',2336,3504,NULL,'image/jpeg',5342427,NULL,NULL,'performance',NULL,NULL,NULL,'2015-04-16 23:17:29','2015-04-16 23:17:29'),(337,'Кайдашева сімя.jpg',NULL,0,'sonata.media.provider.image',1,'b272bacb8179bc5710bd073dd9fdfab9f1961d98.jpeg','{\"filename\":\"\\u041a\\u0430\\u0439\\u0434\\u0430\\u0448\\u0435\\u0432\\u0430 \\u0441\\u0456\\u043c\\u044f.jpg\"}',1100,550,NULL,'image/jpeg',409007,NULL,NULL,'slider',NULL,NULL,NULL,'2015-04-16 23:23:02','2015-04-16 23:23:02'),(338,'DSC_6595.jpg',NULL,0,'sonata.media.provider.image',1,'c3fbf65f26c94cd327e0ab12ccc58f300262e8ed.jpeg','{\"filename\":\"DSC_6595.jpg\"}',2180,3179,NULL,'image/jpeg',3656590,NULL,NULL,'performance',NULL,NULL,NULL,'2015-04-16 23:24:30','2015-04-16 23:24:30'),(339,'repertoire-img.jpg',NULL,0,'sonata.media.provider.image',1,'740972877f96bf919fab92cb218bae051c0af8b8.jpeg','{\"filename\":\"repertoire-img.jpg\"}',163,163,NULL,'image/jpeg',21408,NULL,NULL,'performance',NULL,NULL,NULL,'2015-04-16 23:39:26','2015-04-16 23:39:26'),(340,'АФИША.jpg',NULL,0,'sonata.media.provider.image',1,'05ab2d51519e1fc1580a25886d5b2928b8de12ec.jpeg','{\"filename\":\"\\u0410\\u0424\\u0418\\u0428\\u0410.jpg\"}',4965,7016,NULL,'image/jpeg',12290673,NULL,NULL,'performance',NULL,NULL,NULL,'2015-04-16 23:48:05','2015-04-16 23:48:05'),(341,'АФИША дата.jpg',NULL,0,'sonata.media.provider.image',1,'751b3129a4ce43cce6a686d5220a50724dc72b0c.jpeg','{\"filename\":\"\\u0410\\u0424\\u0418\\u0428\\u0410 \\u0434\\u0430\\u0442\\u0430.jpg\"}',4965,7016,NULL,'image/jpeg',12249833,NULL,NULL,'performance',NULL,NULL,NULL,'2015-04-16 23:49:50','2015-04-16 23:49:50'),(342,'АФИША.jpg',NULL,0,'sonata.media.provider.image',1,'72946d4692fc403b1ba265763424631640ff0093.jpeg','{\"filename\":\"\\u0410\\u0424\\u0418\\u0428\\u0410.jpg\"}',4965,7016,NULL,'image/jpeg',12323441,NULL,NULL,'performance',NULL,NULL,NULL,'2015-04-17 00:06:34','2015-04-17 00:06:34'),(343,'АФИША дата.jpg',NULL,0,'sonata.media.provider.image',1,'471ba9481f9d2773af1869958d6d53120ad3d2f8.jpeg','{\"filename\":\"\\u0410\\u0424\\u0418\\u0428\\u0410 \\u0434\\u0430\\u0442\\u0430.jpg\"}',4965,7016,NULL,'image/jpeg',12348137,NULL,NULL,'performance',NULL,NULL,NULL,'2015-04-17 00:06:37','2015-04-17 00:06:37'),(344,'АФИША дата.jpg',NULL,0,'sonata.media.provider.image',1,'30611f3601bf731db17459cfb353932f10057123.jpeg','{\"filename\":\"\\u0410\\u0424\\u0418\\u0428\\u0410 \\u0434\\u0430\\u0442\\u0430.jpg\"}',4965,7016,NULL,'image/jpeg',12282601,NULL,NULL,'performance',NULL,NULL,NULL,'2015-04-17 00:09:18','2015-04-17 00:09:18'),(345,'АФИША дата.jpg',NULL,0,'sonata.media.provider.image',1,'3a509263e59f0a11c93419f3caefe814a8ccaf75.jpeg','{\"filename\":\"\\u0410\\u0424\\u0418\\u0428\\u0410 \\u0434\\u0430\\u0442\\u0430.jpg\"}',4965,7016,NULL,'image/jpeg',12282601,NULL,NULL,'performance',NULL,NULL,NULL,'2015-04-17 00:11:43','2015-04-17 00:11:43'),(346,'АФИША.jpg',NULL,0,'sonata.media.provider.image',1,'e4096ad32be6908ac235b28921ee968a85d76165.jpeg','{\"filename\":\"\\u0410\\u0424\\u0418\\u0428\\u0410.jpg\"}',4965,7016,NULL,'image/jpeg',12421745,NULL,NULL,'performance',NULL,NULL,NULL,'2015-04-17 00:13:56','2015-04-17 00:13:56'),(347,'DSC_6613.jpg',NULL,0,'sonata.media.provider.image',1,'90c5e9ac2e4a6a364ad85c9481f01358ddb44ae7.jpeg','{\"filename\":\"DSC_6613.jpg\"}',1880,2728,NULL,'image/jpeg',3614800,NULL,NULL,'performance',NULL,NULL,NULL,'2015-04-17 00:22:02','2015-04-17 00:22:02'),(348,'Сільва.jpg',NULL,0,'sonata.media.provider.image',1,'934cfd9d58cabe69cad258e8320cfcb5db721a7a.jpeg','{\"filename\":\"\\u0421\\u0456\\u043b\\u044c\\u0432\\u0430.jpg\"}',1100,550,NULL,'image/jpeg',138904,NULL,NULL,'slider',NULL,NULL,NULL,'2015-04-17 00:22:17','2015-04-17 00:22:17'),(349,'АФИША дата.jpg',NULL,0,'sonata.media.provider.image',1,'3947dd33c1f04e93617d2495a06b7a4075579586.jpeg','{\"filename\":\"\\u0410\\u0424\\u0418\\u0428\\u0410 \\u0434\\u0430\\u0442\\u0430.jpg\"}',4965,7016,NULL,'image/jpeg',12380905,NULL,NULL,'performance',NULL,NULL,NULL,'2015-04-17 00:25:06','2015-04-17 00:25:06'),(350,'IMG_7036.JPG',NULL,0,'sonata.media.provider.image',1,'c911a7f3fd79003970c5bd61768cf39e4d0f4c5e.jpeg','{\"filename\":\"IMG_7036.JPG\"}',3504,2336,NULL,'image/jpeg',770369,NULL,NULL,'performance',NULL,NULL,NULL,'2015-04-17 00:28:15','2015-04-17 00:28:15'),(351,'IMG_6984.JPG',NULL,0,'sonata.media.provider.image',1,'e2234f6b172f0f7094b337d60a1ce1638198a427.jpeg','{\"filename\":\"IMG_6984.JPG\"}',3504,2336,NULL,'image/jpeg',775353,NULL,NULL,'performance',NULL,NULL,NULL,'2015-04-17 00:28:35','2015-04-17 00:28:35'),(352,'IMG_6975.JPG',NULL,0,'sonata.media.provider.image',1,'407a4965e73fc649b76ae15810e98d1e811d97e7.jpeg','{\"filename\":\"IMG_6975.JPG\"}',2336,3504,NULL,'image/jpeg',648563,NULL,NULL,'performance',NULL,NULL,NULL,'2015-04-17 00:28:56','2015-04-17 00:28:56'),(353,'IMG_6945.JPG',NULL,0,'sonata.media.provider.image',1,'f9936a522242206d28613713c07078261589a572.jpeg','{\"filename\":\"IMG_6945.JPG\"}',2336,3504,NULL,'image/jpeg',810151,NULL,NULL,'performance',NULL,NULL,NULL,'2015-04-17 00:29:19','2015-04-17 00:29:19'),(354,'Мартин Боруля.jpg',NULL,0,'sonata.media.provider.image',1,'7458d8a609562400700e68023c7860c6648e8bca.jpeg','{\"filename\":\"\\u041c\\u0430\\u0440\\u0442\\u0438\\u043d \\u0411\\u043e\\u0440\\u0443\\u043b\\u044f.jpg\"}',1100,550,NULL,'image/jpeg',398630,NULL,NULL,'slider',NULL,NULL,NULL,'2015-04-17 00:41:27','2015-04-17 00:41:27'),(355,'DSC_6621.jpg',NULL,0,'sonata.media.provider.image',1,'a76ead0ab6c3a70cbd6f33bbf54774f245cafbaa.jpeg','{\"filename\":\"DSC_6621.jpg\"}',1940,2814,NULL,'image/jpeg',3358521,NULL,NULL,'performance',NULL,NULL,NULL,'2015-04-17 00:42:12','2015-04-17 00:42:12'),(356,'IMGP8748.JPG',NULL,0,'sonata.media.provider.image',1,'217a3e3c19e3c703cd46731e5f278d5df08c35b3.jpeg','{\"filename\":\"IMGP8748.JPG\"}',3872,2592,NULL,'image/jpeg',1483098,NULL,NULL,'performance',NULL,NULL,NULL,'2015-04-17 00:49:05','2015-04-17 00:49:05'),(357,'IMGP8720.JPG',NULL,0,'sonata.media.provider.image',1,'83ae852c90fdfa5fd653c38e1a56b705782cc2c8.jpeg','{\"filename\":\"IMGP8720.JPG\"}',3872,2592,NULL,'image/jpeg',1821226,NULL,NULL,'performance',NULL,NULL,NULL,'2015-04-17 00:49:26','2015-04-17 00:49:26'),(358,'IMGP8561.jpg',NULL,0,'sonata.media.provider.image',1,'88e55f3f5e2694cfb1d39d096ed97168639b830c.jpeg','{\"filename\":\"IMGP8561.jpg\"}',2592,3872,NULL,'image/jpeg',3123815,NULL,NULL,'performance',NULL,NULL,NULL,'2015-04-17 00:49:45','2015-04-17 00:49:45'),(359,'IMGP8561.jpg',NULL,0,'sonata.media.provider.image',1,'8950695a82a1d6dca31031351df016e9ee16f794.jpeg','{\"filename\":\"IMGP8561.jpg\"}',2592,3872,NULL,'image/jpeg',3123815,NULL,NULL,'performance',NULL,NULL,NULL,'2015-04-17 00:49:49','2015-04-17 00:49:49'),(360,'DSC_6613.jpg',NULL,0,'sonata.media.provider.image',1,'1c02baad10309b847284d3c66868545588f18ffb.jpeg','{\"filename\":\"DSC_6613.jpg\"}',1880,2728,NULL,'image/jpeg',3614800,NULL,NULL,'performance',NULL,NULL,NULL,'2015-04-17 00:52:24','2015-04-17 00:52:24'),(361,'IMG_6932.JPG',NULL,0,'sonata.media.provider.image',1,'9d1772eed6cf46f4c4b628760609428a68e86711.jpeg','{\"filename\":\"IMG_6932.JPG\"}',2336,3504,NULL,'image/jpeg',557481,NULL,NULL,'performance',NULL,NULL,NULL,'2015-04-17 00:54:19','2015-04-17 00:54:19'),(362,'IMG_6999.JPG',NULL,0,'sonata.media.provider.image',1,'3f147c26d3883641c7d1c9c1424b23e592088d3b.jpeg','{\"filename\":\"IMG_6999.JPG\"}',2336,3504,NULL,'image/jpeg',640906,NULL,NULL,'performance',NULL,NULL,NULL,'2015-04-17 00:54:33','2015-04-17 00:54:33'),(363,'IMG_8874.JPG',NULL,0,'sonata.media.provider.image',1,'db87404703415e18aefb6221fddf79f5e678aeb5.jpeg','{\"filename\":\"IMG_8874.JPG\"}',538,807,NULL,'image/jpeg',130156,NULL,NULL,'performance',NULL,NULL,NULL,'2015-04-17 00:54:45','2015-04-17 00:54:45'),(364,'w_60d23bab.jpg',NULL,0,'sonata.media.provider.image',1,'d92ab83321d21fcb731100d01e75d868aec11b24.jpeg','{\"filename\":\"w_60d23bab.jpg\"}',1536,2048,NULL,'image/jpeg',591167,NULL,NULL,'performance',NULL,NULL,NULL,'2015-04-17 00:54:59','2015-04-17 00:54:59'),(365,'w_e1a75e71.jpg',NULL,0,'sonata.media.provider.image',1,'bac9f075115ac4ebd93b7808d9209a7f914c2ad9.jpeg','{\"filename\":\"w_e1a75e71.jpg\"}',2560,1920,NULL,'image/jpeg',935443,NULL,NULL,'performance',NULL,NULL,NULL,'2015-04-17 00:55:14','2015-04-17 00:55:14'),(366,'y_207d9d0b.jpg',NULL,0,'sonata.media.provider.image',1,'9e17ae7342f0964f17c5808ff5bc269048e24c5c.jpeg','{\"filename\":\"y_207d9d0b.jpg\"}',807,538,NULL,'image/jpeg',133445,NULL,NULL,'performance',NULL,NULL,NULL,'2015-04-17 00:55:27','2015-04-17 00:55:27'),(367,'Сільва.jpg',NULL,0,'sonata.media.provider.image',1,'966cf2384135d69da353c18321b1478047c83933.jpeg','{\"filename\":\"\\u0421\\u0456\\u043b\\u044c\\u0432\\u0430.jpg\"}',1100,550,NULL,'image/jpeg',138904,NULL,NULL,'slider',NULL,NULL,NULL,'2015-04-17 00:56:05','2015-04-17 00:56:05'),(368,'Вечір з окремою афішею.jpg',NULL,0,'sonata.media.provider.image',1,'5f667ca096b8e820d1c11119d0fec951702a947a.jpeg','{\"filename\":\"\\u0412\\u0435\\u0447\\u0456\\u0440 \\u0437 \\u043e\\u043a\\u0440\\u0435\\u043c\\u043e\\u044e \\u0430\\u0444\\u0456\\u0448\\u0435\\u044e.jpg\"}',1100,550,NULL,'image/jpeg',181143,NULL,NULL,'performance',NULL,NULL,NULL,'2015-04-17 00:56:51','2015-04-17 00:56:51'),(369,'Вечір з окремою афішею.jpg',NULL,0,'sonata.media.provider.image',1,'a2374c995bff4359503fc048d6e2ad81a0c3605d.jpeg','{\"filename\":\"\\u0412\\u0435\\u0447\\u0456\\u0440 \\u0437 \\u043e\\u043a\\u0440\\u0435\\u043c\\u043e\\u044e \\u0430\\u0444\\u0456\\u0448\\u0435\\u044e.jpg\"}',1100,550,NULL,'image/jpeg',181143,NULL,NULL,'slider',NULL,NULL,NULL,'2015-04-17 00:56:57','2015-04-17 00:56:57'),(370,'Великий Льох.jpg',NULL,0,'sonata.media.provider.image',1,'b22db41756443f6bf01fb6eb1e4a3d2cbfd615ef.jpeg','{\"filename\":\"\\u0412\\u0435\\u043b\\u0438\\u043a\\u0438\\u0439 \\u041b\\u044c\\u043e\\u0445.jpg\"}',1100,550,NULL,'image/jpeg',426995,NULL,NULL,'slider',NULL,NULL,NULL,'2015-04-17 01:03:34','2015-04-17 01:03:34'),(371,'DSC_6623.jpg',NULL,0,'sonata.media.provider.image',1,'61b531d80b3b06652ecad19a6aa7de4e62b33fb6.jpeg','{\"filename\":\"DSC_6623.jpg\"}',1148,1631,NULL,'image/jpeg',1763763,NULL,NULL,'performance',NULL,NULL,NULL,'2015-04-17 01:03:52','2015-04-17 01:03:52'),(372,'IMG_6939.JPG',NULL,0,'sonata.media.provider.image',1,'3c9c3caa9672b9c17416fa188175286958e09c95.jpeg','{\"filename\":\"IMG_6939.JPG\"}',5184,3456,NULL,'image/jpeg',6280798,NULL,NULL,'performance',NULL,NULL,NULL,'2015-04-17 01:06:56','2015-04-17 01:06:56'),(373,'IMG_6727.JPG',NULL,0,'sonata.media.provider.image',1,'af2eb121ad0a061b689c21f0be8ceb09203484fd.jpeg','{\"filename\":\"IMG_6727.JPG\"}',5184,3456,NULL,'image/jpeg',5944994,NULL,NULL,'performance',NULL,NULL,NULL,'2015-04-17 01:07:16','2015-04-17 01:07:16'),(374,'IMG_6643.JPG',NULL,0,'sonata.media.provider.image',1,'687f14977ce6dcab59477a248801617541b1a2cc.jpeg','{\"filename\":\"IMG_6643.JPG\"}',5184,3456,NULL,'image/jpeg',4471802,NULL,NULL,'performance',NULL,NULL,NULL,'2015-04-17 01:07:56','2015-04-17 01:07:56'),(375,'IMG_6643.JPG',NULL,0,'sonata.media.provider.image',1,'8253fe31dc104484add7891f10375fedc1eccc79.jpeg','{\"filename\":\"IMG_6643.JPG\"}',5184,3456,NULL,'image/jpeg',4471802,NULL,NULL,'performance',NULL,NULL,NULL,'2015-04-17 01:08:02','2015-04-17 01:08:02'),(376,'IMG_6665.JPG',NULL,0,'sonata.media.provider.image',1,'9af88702e7dae89cdbdadbea9f971079550ed0ba.jpeg','{\"filename\":\"IMG_6665.JPG\"}',5184,3456,NULL,'image/jpeg',5431649,NULL,NULL,'performance',NULL,NULL,NULL,'2015-04-17 01:08:17','2015-04-17 01:08:17'),(377,'IMG_6949.JPG',NULL,0,'sonata.media.provider.image',1,'0249ef6430a29489659736efc0be7ed8b3804e13.jpeg','{\"filename\":\"IMG_6949.JPG\"}',5184,3456,NULL,'image/jpeg',6056077,NULL,NULL,'performance',NULL,NULL,NULL,'2015-04-17 01:08:46','2015-04-17 01:08:46'),(378,'IMG_6949.JPG',NULL,0,'sonata.media.provider.image',1,'a1c13e1cc12ce421d8bf7e90a953cd91a7d2bee0.jpeg','{\"filename\":\"IMG_6949.JPG\"}',5184,3456,NULL,'image/jpeg',6056077,NULL,NULL,'performance',NULL,NULL,NULL,'2015-04-17 01:08:53','2015-04-17 01:08:53'),(379,'x_73a13616.jpg',NULL,0,'sonata.media.provider.image',1,'f4d3710128971af2c63414821bbdcdc170844973.jpeg','{\"filename\":\"x_73a13616.jpg\"}',359,479,NULL,'image/jpeg',42111,NULL,NULL,'performance',NULL,NULL,NULL,'2015-04-17 01:15:33','2015-04-17 01:15:33'),(380,'x_b9dda01a.jpg',NULL,0,'sonata.media.provider.image',1,'020aa630b12559d2bc5b7fc3b6a5d7c5b7b8e10c.jpeg','{\"filename\":\"x_b9dda01a.jpg\"}',604,452,NULL,'image/jpeg',100340,NULL,NULL,'performance',NULL,NULL,NULL,'2015-04-17 01:15:42','2015-04-17 01:15:42'),(381,'за двома зайцями В.jpg',NULL,0,'sonata.media.provider.image',1,'9be6166e58f98a17d77aca6d2beb24739d42f717.jpeg','{\"filename\":\"\\u0437\\u0430 \\u0434\\u0432\\u043e\\u043c\\u0430 \\u0437\\u0430\\u0439\\u0446\\u044f\\u043c\\u0438 \\u0412.jpg\"}',1200,600,NULL,'image/jpeg',560197,NULL,NULL,'performance',NULL,NULL,NULL,'2015-04-17 01:15:53','2015-04-17 01:15:53'),(382,'DSC_6609.jpg',NULL,0,'sonata.media.provider.image',1,'4d87c87eaa73a68d7e97a35c1b9022e96bd5287a.jpeg','{\"filename\":\"DSC_6609.jpg\"}',2091,3003,NULL,'image/jpeg',4075093,NULL,NULL,'performance',NULL,NULL,NULL,'2015-04-17 01:16:09','2015-04-17 01:16:09'),(383,'за двома зайцями.jpg',NULL,0,'sonata.media.provider.image',1,'7f0aff326c7bf8a30a107843c727a64012dc68e1.jpeg','{\"filename\":\"\\u0437\\u0430 \\u0434\\u0432\\u043e\\u043c\\u0430 \\u0437\\u0430\\u0439\\u0446\\u044f\\u043c\\u0438.jpg\"}',1100,550,NULL,'image/jpeg',398908,NULL,NULL,'slider',NULL,NULL,NULL,'2015-04-17 01:23:00','2015-04-17 01:23:00'),(384,'DSC_6590.jpg',NULL,0,'sonata.media.provider.image',1,'3d37774fb8750673998ed1604edfe6a1449fd89a.jpeg','{\"filename\":\"DSC_6590.jpg\"}',2132,3109,NULL,'image/jpeg',4839218,NULL,NULL,'performance',NULL,NULL,NULL,'2015-04-17 01:25:05','2015-04-17 01:25:05'),(385,'Золоте курча.jpg',NULL,0,'sonata.media.provider.image',1,'6c30f0cbd0f99e818288dbd950b7b0e12de53922.jpeg','{\"filename\":\"\\u0417\\u043e\\u043b\\u043e\\u0442\\u0435 \\u043a\\u0443\\u0440\\u0447\\u0430.jpg\"}',1100,550,NULL,'image/jpeg',552156,NULL,NULL,'slider',NULL,NULL,NULL,'2015-04-17 01:27:04','2015-04-17 01:27:04'),(386,'IMG_6742.JPG',NULL,0,'sonata.media.provider.image',1,'e63afb1181b29c5ade7582020b42da15e8364f51.jpeg','{\"filename\":\"IMG_6742.JPG\"}',3888,2592,NULL,'image/jpeg',11059019,NULL,NULL,'performance',NULL,NULL,NULL,'2015-04-17 01:28:57','2015-04-17 01:28:57'),(387,'IMG_6773.JPG',NULL,0,'sonata.media.provider.image',1,'fef2454aae0d1b67ca431698452969a87773e475.jpeg','{\"filename\":\"IMG_6773.JPG\"}',3888,2592,NULL,'image/jpeg',7567484,NULL,NULL,'performance',NULL,NULL,NULL,'2015-04-17 01:29:15','2015-04-17 01:29:15'),(388,'IMG_6730.JPG',NULL,0,'sonata.media.provider.image',1,'a757eabc889869790093af1ee638a4e7c2645fc3.jpeg','{\"filename\":\"IMG_6730.JPG\"}',3888,2592,NULL,'image/jpeg',5701083,NULL,NULL,'performance',NULL,NULL,NULL,'2015-04-17 01:29:37','2015-04-17 01:29:37'),(389,'IMG_6701.JPG',NULL,0,'sonata.media.provider.image',1,'31722d2849372773ef164e5ab15550ada0007a14.jpeg','{\"filename\":\"IMG_6701.JPG\"}',3888,2592,NULL,'image/jpeg',3409073,NULL,NULL,'performance',NULL,NULL,NULL,'2015-04-17 01:30:03','2015-04-17 01:30:03'),(390,'IMG_6799.JPG',NULL,0,'sonata.media.provider.image',1,'7abed1c1f7c8c2036f9fa35001ce55f04a487e16.jpeg','{\"filename\":\"IMG_6799.JPG\"}',3888,2592,NULL,'image/jpeg',7281888,NULL,NULL,'performance',NULL,NULL,NULL,'2015-04-17 01:30:28','2015-04-17 01:30:28'),(391,'cinder.jpg',NULL,0,'sonata.media.provider.image',1,'440c4590ac5d15fe5b85b18e19ba5eb4fcd0be30.jpeg','{\"filename\":\"cinder.jpg\"}',586,391,NULL,'image/jpeg',102966,NULL,NULL,'performance',NULL,NULL,NULL,'2015-04-17 01:40:41','2015-04-17 01:40:41'),(392,'b9560c4b1815f7c60d2a67548a558d4f.jpg',NULL,0,'sonata.media.provider.image',1,'21fdf16902280e87520bd51a5de7bacd09999bc6.jpeg','{\"filename\":\"b9560c4b1815f7c60d2a67548a558d4f.jpg\"}',586,390,NULL,'image/jpeg',108295,NULL,NULL,'performance',NULL,NULL,NULL,'2015-04-17 01:40:48','2015-04-17 01:40:48'),(393,'b9560c4b1815f7c60d2a67548a558d4f.jpg',NULL,0,'sonata.media.provider.image',1,'fb1aa2156e7adfb8d2e8e839c8f6a6247e70bd83.jpeg','{\"filename\":\"b9560c4b1815f7c60d2a67548a558d4f.jpg\"}',586,390,NULL,'image/jpeg',108295,NULL,NULL,'slider',NULL,NULL,NULL,'2015-04-17 01:40:54','2015-04-17 01:40:54'),(394,'попелюшка.jpg',NULL,0,'sonata.media.provider.image',1,'8427fa30712cd1cec4fa6f19e755bf994d8c1219.jpeg','{\"filename\":\"\\u043f\\u043e\\u043f\\u0435\\u043b\\u044e\\u0448\\u043a\\u0430.jpg\"}',1100,550,NULL,'image/jpeg',182363,NULL,NULL,'slider',NULL,NULL,NULL,'2015-04-17 01:42:01','2015-04-17 01:42:01'),(395,'Кайдашева сімя.jpg',NULL,0,'sonata.media.provider.image',1,'5785f678d8543971d6d5194538072705813ce1d6.jpeg','{\"filename\":\"\\u041a\\u0430\\u0439\\u0434\\u0430\\u0448\\u0435\\u0432\\u0430 \\u0441\\u0456\\u043c\\u044f.jpg\"}',1100,550,NULL,'image/jpeg',409007,NULL,NULL,'slider',NULL,NULL,NULL,'2015-04-17 01:51:40','2015-04-17 01:51:40'),(396,'DSC_6595.jpg',NULL,0,'sonata.media.provider.image',1,'6472dc913e547482aeab32dc0dbb6d5d33ceb027.jpeg','{\"filename\":\"DSC_6595.jpg\"}',2180,3179,NULL,'image/jpeg',3754894,NULL,NULL,'performance',NULL,NULL,NULL,'2015-04-17 01:51:54','2015-04-17 01:51:54'),(397,'IMG_1182.JPG',NULL,0,'sonata.media.provider.image',1,'ef04ee49fe7256d96113a0f3e03336aaab12c5b6.jpeg','{\"filename\":\"IMG_1182.JPG\"}',2336,3504,NULL,'image/jpeg',4575809,NULL,NULL,'performance',NULL,NULL,NULL,'2015-04-17 01:53:52','2015-04-17 01:53:52'),(398,'IMG_1298.JPG',NULL,0,'sonata.media.provider.image',1,'5b1c8570b9d3e761837d83097a41233a9f9a08b8.jpeg','{\"filename\":\"IMG_1298.JPG\"}',3504,2336,NULL,'image/jpeg',6285790,NULL,NULL,'performance',NULL,NULL,NULL,'2015-04-17 01:54:12','2015-04-17 01:54:12'),(399,'IMG_1298.JPG',NULL,0,'sonata.media.provider.image',1,'9d6beba0893e1aa581ac7a27a7be7d2e6d4db094.jpeg','{\"filename\":\"IMG_1298.JPG\"}',3504,2336,NULL,'image/jpeg',6285790,NULL,NULL,'performance',NULL,NULL,NULL,'2015-04-17 01:54:17','2015-04-17 01:54:17'),(400,'IMG_1197.JPG',NULL,0,'sonata.media.provider.image',1,'98c9f430254c8120d37a9d872efa156e7746ef6f.jpeg','{\"filename\":\"IMG_1197.JPG\"}',3504,2336,NULL,'image/jpeg',5101736,NULL,NULL,'performance',NULL,NULL,NULL,'2015-04-17 01:54:32','2015-04-17 01:54:32'),(401,'10697309_772359996168463_5950740749194759610_o.jpg',NULL,0,'sonata.media.provider.image',1,'408afdd13e9b8beaeacc3bf4e3c5c751838d6242.jpeg','{\"filename\":\"10697309_772359996168463_5950740749194759610_o.jpg\"}',2048,1365,NULL,'image/jpeg',304778,NULL,NULL,'performance',NULL,NULL,NULL,'2015-04-17 01:55:05','2015-04-17 01:55:05'),(402,'10834874_772360432835086_4375991647972741268_o.jpg',NULL,0,'sonata.media.provider.image',1,'2360782fe3d53f04f34bbf8b334d059279c5be0c.jpeg','{\"filename\":\"10834874_772360432835086_4375991647972741268_o.jpg\"}',2048,1364,NULL,'image/jpeg',443646,NULL,NULL,'performance',NULL,NULL,NULL,'2015-04-17 01:55:31','2015-04-17 01:55:31'),(403,'1522923_772360006168462_1901387547356774947_o.jpg',NULL,0,'sonata.media.provider.image',1,'253aaa0a293c545050d024840b4b83c4171f5e8b.jpeg','{\"filename\":\"1522923_772360006168462_1901387547356774947_o.jpg\"}',2048,1365,NULL,'image/jpeg',256142,NULL,NULL,'performance',NULL,NULL,NULL,'2015-04-17 01:55:41','2015-04-17 01:55:41'),(404,'DSC_6617.jpg',NULL,0,'sonata.media.provider.image',1,'e2767cf8b800496b65121e46f075f45b06be4d78.jpeg','{\"filename\":\"DSC_6617.jpg\"}',2080,3000,NULL,'image/jpeg',4685062,NULL,NULL,'performance',NULL,NULL,NULL,'2015-04-17 01:58:07','2015-04-17 01:58:07'),(405,'Дума про братів неазовських.jpg',NULL,0,'sonata.media.provider.image',1,'d356325ac5e0d91e044eff8012dfc4e88a9b7c67.jpeg','{\"filename\":\"\\u0414\\u0443\\u043c\\u0430 \\u043f\\u0440\\u043e \\u0431\\u0440\\u0430\\u0442\\u0456\\u0432 \\u043d\\u0435\\u0430\\u0437\\u043e\\u0432\\u0441\\u044c\\u043a\\u0438\\u0445.jpg\"}',1100,550,NULL,'image/jpeg',628605,NULL,NULL,'slider',NULL,NULL,NULL,'2015-04-17 01:58:21','2015-04-17 01:58:21'),(406,'IMG_8858.JPG',NULL,0,'sonata.media.provider.image',1,'736808786990c6f3415d4efe04a7cdde33584880.jpeg','{\"filename\":\"IMG_8858.JPG\"}',2336,3504,NULL,'image/jpeg',5449084,NULL,NULL,'performance',NULL,NULL,NULL,'2015-04-17 02:00:34','2015-04-17 02:00:34'),(407,'y_44bdf0cd.jpg',NULL,0,'sonata.media.provider.image',1,'4bbd51c22f95ae6b7c2e4ad49fb5e450436e28e2.jpeg','{\"filename\":\"y_44bdf0cd.jpg\"}',538,807,NULL,'image/jpeg',119451,NULL,NULL,'performance',NULL,NULL,NULL,'2015-04-17 02:00:48','2015-04-17 02:00:48'),(408,'y_e5515d3e.jpg',NULL,0,'sonata.media.provider.image',1,'1356d28564788d0697806d047ca83aec380ca3eb.jpeg','{\"filename\":\"y_e5515d3e.jpg\"}',807,538,NULL,'image/jpeg',71532,NULL,NULL,'performance',NULL,NULL,NULL,'2015-04-17 02:01:00','2015-04-17 02:01:00'),(409,'y_57f8fa39.jpg',NULL,0,'sonata.media.provider.image',1,'0b5033d098dab85b9787543e02d59ad04ac35b94.jpeg','{\"filename\":\"y_57f8fa39.jpg\"}',538,807,NULL,'image/jpeg',114221,NULL,NULL,'performance',NULL,NULL,NULL,'2015-04-17 02:01:15','2015-04-17 02:01:15'),(410,'IMG_5610.jpg',NULL,0,'sonata.media.provider.image',1,'9c42903463faddc3ea97ed80076c5fad85b2b6ca.jpeg','{\"filename\":\"IMG_5610.jpg\"}',538,807,NULL,'image/jpeg',92764,NULL,NULL,'performance',NULL,NULL,NULL,'2015-04-17 02:01:35','2015-04-17 02:01:35'),(411,'Місто на Ч.jpg',NULL,0,'sonata.media.provider.image',1,'008b027cc43f4b24ab47a44c5207b97a8d019eee.jpeg','{\"filename\":\"\\u041c\\u0456\\u0441\\u0442\\u043e \\u043d\\u0430 \\u0427.jpg\"}',1100,550,NULL,'image/jpeg',400419,NULL,NULL,'slider',NULL,NULL,NULL,'2015-04-17 02:05:34','2015-04-17 02:05:34'),(412,'ekskursiya.small.jpg',NULL,0,'sonata.media.provider.image',1,'cb28d3131b0dfcca72299441e4a2be6d1f322cbf.jpeg','{\"filename\":\"ekskursiya.small.jpg\"}',194,220,NULL,'image/jpeg',12977,NULL,NULL,'performance',NULL,NULL,NULL,'2015-04-20 20:30:04','2015-04-20 20:30:04'),(413,'ruzhevol.jpg',NULL,0,'sonata.media.provider.image',1,'581b39b82fbd13e025235d956eef363ca3c9ac07.jpeg','{\"filename\":\"ruzhevol.jpg\"}',300,447,NULL,'image/jpeg',16905,NULL,NULL,'employee',NULL,NULL,NULL,'2015-04-26 17:29:33','2015-04-26 17:29:33'),(414,'prohorchyk.jpg',NULL,0,'sonata.media.provider.image',1,'3063fdba052c4bd67f522c59774bce9094a8452a.jpeg','{\"filename\":\"prohorchyk.jpg\"}',300,447,NULL,'image/jpeg',23698,NULL,NULL,'employee',NULL,NULL,NULL,'2015-04-26 17:36:55','2015-04-26 17:36:55'),(415,'сватання.jpg',NULL,0,'sonata.media.provider.image',1,'5c0281c6508638ddb9eda1035e27145db5107851.jpeg','{\"filename\":\"\\u0441\\u0432\\u0430\\u0442\\u0430\\u043d\\u043d\\u044f.jpg\"}',1000,500,NULL,'image/jpeg',495354,NULL,NULL,'slider',NULL,NULL,NULL,'2015-04-26 18:10:28','2015-04-26 18:10:28'),(416,'IMG_7145.JPG',NULL,0,'sonata.media.provider.image',1,'a8d4402421340b00b6364a43f16ac843cf1217d3.jpeg','{\"filename\":\"IMG_7145.JPG\"}',2480,3602,NULL,'image/jpeg',8969582,NULL,NULL,'performance',NULL,NULL,NULL,'2015-04-26 18:12:45','2015-04-26 18:12:45'),(417,'IMG_7145.JPG',NULL,0,'sonata.media.provider.image',1,'6d2bead62297df4528151fcd71a22f4edcd01415.jpeg','{\"filename\":\"IMG_7145.JPG\"}',2480,3602,NULL,'image/jpeg',8969582,NULL,NULL,'performance',NULL,NULL,NULL,'2015-04-26 18:12:49','2015-04-26 18:12:49'),(418,'сватання.jpg',NULL,0,'sonata.media.provider.image',1,'6ad596a511b585038ecc103f1d14b73c5d46d12d.jpeg','{\"filename\":\"\\u0441\\u0432\\u0430\\u0442\\u0430\\u043d\\u043d\\u044f.jpg\"}',1000,500,NULL,'image/jpeg',462586,NULL,NULL,'slider',NULL,NULL,NULL,'2015-04-26 18:12:52','2015-04-26 18:12:52'),(419,'IMG_7145.JPG',NULL,0,'sonata.media.provider.image',1,'e7fa8c6cc259b63558c4c3913d032c2622c0f63c.jpeg','{\"filename\":\"IMG_7145.JPG\"}',2480,3602,NULL,'image/jpeg',8969582,NULL,NULL,'performance',NULL,NULL,NULL,'2015-04-26 18:58:23','2015-04-26 18:58:23'),(420,'IMG_7145.JPG',NULL,0,'sonata.media.provider.image',1,'6dc446dc20ffbef5af49fc8cb0dce617bdd65e74.jpeg','{\"filename\":\"IMG_7145.JPG\"}',2480,3602,NULL,'image/jpeg',8969582,NULL,NULL,'performance',NULL,NULL,NULL,'2015-04-26 19:00:22','2015-04-26 19:00:22'),(421,'сад гетьсиманський.jpg',NULL,0,'sonata.media.provider.image',1,'60b8162452adb702a814ba6f42481cd5d942696b.jpeg','{\"filename\":\"\\u0441\\u0430\\u0434 \\u0433\\u0435\\u0442\\u044c\\u0441\\u0438\\u043c\\u0430\\u043d\\u0441\\u044c\\u043a\\u0438\\u0439.jpg\"}',1000,500,NULL,'image/jpeg',355595,NULL,NULL,'slider',NULL,NULL,NULL,'2015-04-26 19:30:29','2015-04-26 19:30:29'),(422,'Рисунок (5).jpg',NULL,0,'sonata.media.provider.image',1,'b876db4bef2124b9ba3d0ede52e4b99176065b9a.jpeg','{\"filename\":\"\\u0420\\u0438\\u0441\\u0443\\u043d\\u043e\\u043a (5).jpg\"}',2550,3501,NULL,'image/jpeg',2112385,NULL,NULL,'performance',NULL,NULL,NULL,'2015-04-26 19:36:50','2015-04-26 19:36:50'),(423,'Рисунок (5).jpg',NULL,0,'sonata.media.provider.image',1,'553455312087ba9e39914edc50f1b463d64b81cb.jpeg','{\"filename\":\"\\u0420\\u0438\\u0441\\u0443\\u043d\\u043e\\u043a (5).jpg\"}',2550,3501,NULL,'image/jpeg',2079617,NULL,NULL,'performance',NULL,NULL,NULL,'2015-04-26 19:38:17','2015-04-26 19:38:17'),(424,'IMG_9566.JPG',NULL,0,'sonata.media.provider.image',1,'a47df0e47694a5574998d6f2a3b55cd872902f16.jpeg','{\"filename\":\"IMG_9566.JPG\"}',3504,2336,NULL,'image/jpeg',2026257,NULL,NULL,'performance',NULL,NULL,NULL,'2015-04-26 19:38:20','2015-04-26 19:38:20'),(425,'Рисунок (5).jpg',NULL,0,'sonata.media.provider.image',1,'3fb8fb52fb94d2b65f5075fbd1567cecd0e9179d.jpeg','{\"filename\":\"\\u0420\\u0438\\u0441\\u0443\\u043d\\u043e\\u043a (5).jpg\"}',2550,3501,NULL,'image/jpeg',2014081,NULL,NULL,'performance',NULL,NULL,NULL,'2015-04-26 19:38:22','2015-04-26 19:38:22'),(426,'сад гетьсиманський.jpg',NULL,0,'sonata.media.provider.image',1,'8e62b348ad11a45037e9fef079ab4efb8279dd0e.jpeg','{\"filename\":\"\\u0441\\u0430\\u0434 \\u0433\\u0435\\u0442\\u044c\\u0441\\u0438\\u043c\\u0430\\u043d\\u0441\\u044c\\u043a\\u0438\\u0439.jpg\"}',1000,500,NULL,'image/jpeg',355595,NULL,NULL,'performance',NULL,NULL,NULL,'2015-04-26 19:38:35','2015-04-26 19:38:35'),(427,'натюрморт.jpg',NULL,0,'sonata.media.provider.image',1,'f21906a26268742548e26cc18b8d4cdae7785548.jpeg','{\"filename\":\"\\u043d\\u0430\\u0442\\u044e\\u0440\\u043c\\u043e\\u0440\\u0442.jpg\"}',1000,500,NULL,'image/jpeg',407297,NULL,NULL,'slider',NULL,NULL,NULL,'2015-04-26 19:42:20','2015-04-26 19:42:20'),(428,'сад гетьсиманський.jpg',NULL,0,'sonata.media.provider.image',1,'583ecbd1cdafa450f619bfa91232cee8c317a281.jpeg','{\"filename\":\"\\u0441\\u0430\\u0434 \\u0433\\u0435\\u0442\\u044c\\u0441\\u0438\\u043c\\u0430\\u043d\\u0441\\u044c\\u043a\\u0438\\u0439.jpg\"}',1000,500,NULL,'image/jpeg',355595,NULL,NULL,'slider',NULL,NULL,NULL,'2015-04-26 19:42:35','2015-04-26 19:42:35'),(429,'натюрморт.jpg',NULL,0,'sonata.media.provider.image',1,'337215e2a09b08e0fba1c8f13c0aef5cbdea78ca.jpeg','{\"filename\":\"\\u043d\\u0430\\u0442\\u044e\\u0440\\u043c\\u043e\\u0440\\u0442.jpg\"}',1000,500,NULL,'image/jpeg',374529,NULL,NULL,'slider',NULL,NULL,NULL,'2015-04-26 19:46:17','2015-04-26 19:46:17'),(430,'Рисунок (5).jpg',NULL,0,'sonata.media.provider.image',1,'3db898d04e073d35fee08e22791ebab12000281b.jpeg','{\"filename\":\"\\u0420\\u0438\\u0441\\u0443\\u043d\\u043e\\u043a (5).jpg\"}',2550,3501,NULL,'image/jpeg',2046849,NULL,NULL,'performance',NULL,NULL,NULL,'2015-04-26 19:47:08','2015-04-26 19:47:08'),(431,'Рисунок (5).jpg',NULL,0,'sonata.media.provider.image',1,'218d15de85a59cefeb593bbb772aee9e4c50996d.jpeg','{\"filename\":\"\\u0420\\u0438\\u0441\\u0443\\u043d\\u043e\\u043a (5).jpg\"}',2550,3501,NULL,'image/jpeg',2079617,NULL,NULL,'performance',NULL,NULL,NULL,'2015-04-26 19:47:10','2015-04-26 19:47:10'),(432,'сад гетьсиманський.jpg',NULL,0,'sonata.media.provider.image',1,'27e76e97ace19b3f27df9485c31e76b4828e7d3d.jpeg','{\"filename\":\"\\u0441\\u0430\\u0434 \\u0433\\u0435\\u0442\\u044c\\u0441\\u0438\\u043c\\u0430\\u043d\\u0441\\u044c\\u043a\\u0438\\u0439.jpg\"}',1000,500,NULL,'image/jpeg',339211,NULL,NULL,'performance',NULL,NULL,NULL,'2015-04-26 19:47:12','2015-04-26 19:47:12'),(433,'натюрморт.jpg',NULL,0,'sonata.media.provider.image',1,'a24b42f8699e9e4e1fd6f363d06849e0a71c98c1.jpeg','{\"filename\":\"\\u043d\\u0430\\u0442\\u044e\\u0440\\u043c\\u043e\\u0440\\u0442.jpg\"}',1000,500,NULL,'image/jpeg',374529,NULL,NULL,'slider',NULL,NULL,NULL,'2015-04-26 19:47:12','2015-04-26 19:47:12'),(434,'натюрморт.jpg',NULL,0,'sonata.media.provider.image',1,'5de5d7cf3c4f0aaccb3863b203c57851323de858.jpeg','{\"filename\":\"\\u043d\\u0430\\u0442\\u044e\\u0440\\u043c\\u043e\\u0440\\u0442.jpg\"}',1000,500,NULL,'image/jpeg',396800,NULL,NULL,'slider',NULL,NULL,NULL,'2015-04-26 20:17:14','2015-04-26 20:17:14'),(435,'DSC_6602.jpg',NULL,0,'sonata.media.provider.image',1,'d46c17613fffbfd4bd7e7a48145f9f0de4d27215.jpeg','{\"filename\":\"DSC_6602.jpg\"}',1978,2817,NULL,'image/jpeg',3443696,NULL,NULL,'performance',NULL,NULL,NULL,'2015-04-26 20:19:20','2015-04-26 20:19:20'),(436,'натюрморт.jpg',NULL,0,'sonata.media.provider.image',1,'e0db32053349a84c91715b4e7ed91506330e3bee.jpeg','{\"filename\":\"\\u043d\\u0430\\u0442\\u044e\\u0440\\u043c\\u043e\\u0440\\u0442.jpg\"}',1000,500,NULL,'image/jpeg',374529,NULL,NULL,'slider',NULL,NULL,NULL,'2015-04-26 20:19:24','2015-04-26 20:19:24'),(437,'лєна1.jpg',NULL,0,'sonata.media.provider.image',1,'31f4c963dfac2ce706bc03f73d655dbd66c9add4.jpeg','{\"filename\":\"\\u043b\\u0454\\u043d\\u04301.jpg\"}',1000,500,NULL,'image/jpeg',241257,NULL,NULL,'slider',NULL,NULL,NULL,'2015-04-26 21:07:38','2015-04-26 21:07:38'),(438,'12MOTlCA_pY.jpg',NULL,0,'sonata.media.provider.image',1,'157695650b7d999211249efab6a6bc4692d20101.jpeg','{\"filename\":\"12MOTlCA_pY.jpg\"}',400,604,NULL,'image/jpeg',56270,NULL,NULL,'performance',NULL,NULL,NULL,'2015-04-26 21:07:47','2015-04-26 21:07:47'),(439,'EzuFLPKj5vk.jpg',NULL,0,'sonata.media.provider.image',1,'65f1ed03745227bbcc24eeaaad6b6134646e767e.jpeg','{\"filename\":\"EzuFLPKj5vk.jpg\"}',604,400,NULL,'image/jpeg',38304,NULL,NULL,'performance',NULL,NULL,NULL,'2015-04-26 21:07:56','2015-04-26 21:07:56'),(440,'EzuFLPKj5vk.jpg',NULL,0,'sonata.media.provider.image',1,'85e8771af751104321c05ae85361a6a9acceb10b.jpeg','{\"filename\":\"EzuFLPKj5vk.jpg\"}',604,400,NULL,'image/jpeg',38304,NULL,NULL,'performance',NULL,NULL,NULL,'2015-04-26 21:07:57','2015-04-26 21:07:57'),(441,'tD-QLsjJHZQ.jpg',NULL,0,'sonata.media.provider.image',1,'f38d9c21168c7a2dcc1735fd055707fccf20e2e6.jpeg','{\"filename\":\"tD-QLsjJHZQ.jpg\"}',604,400,NULL,'image/jpeg',22880,NULL,NULL,'performance',NULL,NULL,NULL,'2015-04-26 21:08:02','2015-04-26 21:08:02'),(442,'zzCxKsOqxbk.jpg',NULL,0,'sonata.media.provider.image',1,'81e6c63d23173884681b66058400f53014d88746.jpeg','{\"filename\":\"zzCxKsOqxbk.jpg\"}',604,400,NULL,'image/jpeg',26469,NULL,NULL,'performance',NULL,NULL,NULL,'2015-04-26 21:08:09','2015-04-26 21:08:09'),(443,'Мізантроп-1.jpg',NULL,0,'sonata.media.provider.image',1,'9d74d707f6be6a978621687fc63e9b0e5f1ed1ec.jpeg','{\"filename\":\"\\u041c\\u0456\\u0437\\u0430\\u043d\\u0442\\u0440\\u043e\\u043f-1.jpg\"}',1000,500,NULL,'image/jpeg',353897,NULL,NULL,'slider',NULL,NULL,NULL,'2015-04-26 21:12:38','2015-04-26 21:12:38'),(444,'DSC_660652.jpg',NULL,0,'sonata.media.provider.image',1,'b2897312f87f035f549786256d9e80e5fe3d123e.jpeg','{\"filename\":\"DSC_660652.jpg\"}',315,448,NULL,'image/jpeg',29866,NULL,NULL,'performance',NULL,NULL,NULL,'2015-04-26 21:19:10','2015-04-26 21:19:10'),(445,'100.jpg',NULL,0,'sonata.media.provider.image',1,'c311b2338aade007640fd7437f49a6318f9216ed.jpeg','{\"filename\":\"100.jpg\"}',1000,500,NULL,'image/jpeg',115319,NULL,NULL,'slider',NULL,NULL,NULL,'2015-04-26 21:22:59','2015-04-26 21:22:59'),(446,'DSC_6602.jpg',NULL,0,'sonata.media.provider.image',1,'aac1ce7e6e0717af96ea0864d8034b9707cabb9a.jpeg','{\"filename\":\"DSC_6602.jpg\"}',1978,2817,NULL,'image/jpeg',3443696,NULL,NULL,'performance',NULL,NULL,NULL,'2015-04-26 21:23:44','2015-04-26 21:23:44'),(447,'100доля.jpg',NULL,0,'sonata.media.provider.image',1,'33e9c0d76a5ca844ecfd6ef5cc8491c94bde876c.jpeg','{\"filename\":\"100\\u0434\\u043e\\u043b\\u044f.jpg\"}',1000,500,NULL,'image/jpeg',472896,NULL,NULL,'slider',NULL,NULL,NULL,'2015-04-26 21:23:46','2015-04-26 21:23:46'),(448,'DSC_6602.jpg',NULL,0,'sonata.media.provider.image',1,'208a0dac7eaf2e4b66e702e53ae34494ed2e3bb1.jpeg','{\"filename\":\"DSC_6602.jpg\"}',1978,2817,NULL,'image/jpeg',3525616,NULL,NULL,'performance',NULL,NULL,NULL,'2015-04-26 21:23:46','2015-04-26 21:23:46'),(449,'IMG_6318.jpg',NULL,0,'sonata.media.provider.image',1,'925c826c63bed38a50ff183802598d688fbb73d8.jpeg','{\"filename\":\"IMG_6318.jpg\"}',3602,2480,NULL,'image/jpeg',4757929,NULL,NULL,'performance',NULL,NULL,NULL,'2015-04-26 21:23:49','2015-04-26 21:23:49'),(450,'натюрморт.jpg',NULL,0,'sonata.media.provider.image',1,'856174223647ec0aa965f96a860a6583bdc69b91.jpeg','{\"filename\":\"\\u043d\\u0430\\u0442\\u044e\\u0440\\u043c\\u043e\\u0440\\u0442.jpg\"}',1000,500,NULL,'image/jpeg',390913,NULL,NULL,'slider',NULL,NULL,NULL,'2015-04-26 21:29:25','2015-04-26 21:29:25'),(451,'натюрморт.jpg',NULL,0,'sonata.media.provider.image',1,'52f79e54b678cbb39e374dfc9b55bd0c48a221ad.jpeg','{\"filename\":\"\\u043d\\u0430\\u0442\\u044e\\u0440\\u043c\\u043e\\u0440\\u0442.jpg\"}',1000,500,NULL,'image/jpeg',390913,NULL,NULL,'slider',NULL,NULL,NULL,'2015-04-26 21:29:25','2015-04-26 21:29:25'),(452,'x_dfae42c4.jpg',NULL,0,'sonata.media.provider.image',1,'895d312e1350c623e08a64dddc3446f5d0c04247.jpeg','{\"filename\":\"x_dfae42c4.jpg\"}',300,403,NULL,'image/jpeg',45246,NULL,NULL,'performance',NULL,NULL,NULL,'2015-04-26 22:14:54','2015-04-26 22:14:54'),(453,'12.jpg',NULL,0,'sonata.media.provider.image',1,'fd25cb9e0f9d6b0426d8d26c5508cae41a16d980.jpeg','{\"filename\":\"12.jpg\"}',1000,500,NULL,'image/jpeg',118918,NULL,NULL,'slider',NULL,NULL,NULL,'2015-04-26 22:15:05','2015-04-26 22:15:05'),(454,'x_4e8208de (1).jpg',NULL,0,'sonata.media.provider.image',1,'80b4399eb7a65371c148669302a7c485b3a7e020.jpeg','{\"filename\":\"x_4e8208de (1).jpg\"}',604,403,NULL,'image/jpeg',60276,NULL,NULL,'performance',NULL,NULL,NULL,'2015-04-26 22:15:16','2015-04-26 22:15:16'),(455,'x_658e0342.jpg',NULL,0,'sonata.media.provider.image',1,'be7ccdf75ee0d4ecd1c879bdc002d2e87744a1f0.jpeg','{\"filename\":\"x_658e0342.jpg\"}',604,403,NULL,'image/jpeg',82476,NULL,NULL,'performance',NULL,NULL,NULL,'2015-04-26 22:15:24','2015-04-26 22:15:24'),(456,'x_780afb34.jpg',NULL,0,'sonata.media.provider.image',1,'c91b6c6dbade5828b635462df48cb6eb5c8b2044.jpeg','{\"filename\":\"x_780afb34.jpg\"}',604,403,NULL,'image/jpeg',75268,NULL,NULL,'performance',NULL,NULL,NULL,'2015-04-26 22:15:38','2015-04-26 22:15:38'),(457,'x_e5a1512d.jpg',NULL,0,'sonata.media.provider.image',1,'cb23b1c70afb41f78d2356cbab105f2f52037599.jpeg','{\"filename\":\"x_e5a1512d.jpg\"}',604,403,NULL,'image/jpeg',75812,NULL,NULL,'performance',NULL,NULL,NULL,'2015-04-26 22:15:52','2015-04-26 22:15:52'),(458,'Рисунок (5).jpg',NULL,0,'sonata.media.provider.image',1,'4e6d72910aa43b061ec33a053be6873f62752d8f.jpeg','{\"filename\":\"\\u0420\\u0438\\u0441\\u0443\\u043d\\u043e\\u043a (5).jpg\"}',2550,3501,NULL,'image/jpeg',2112385,NULL,NULL,'performance',NULL,NULL,NULL,'2015-04-26 22:17:01','2015-04-26 22:17:01'),(459,'x_23201423.jpg',NULL,0,'sonata.media.provider.image',1,'60268dabf658538827b803036dca856f3771da04.jpeg','{\"filename\":\"x_23201423.jpg\"}',400,600,NULL,'image/jpeg',77652,NULL,NULL,'performance',NULL,NULL,NULL,'2015-04-26 22:17:25','2015-04-26 22:17:25'),(460,'шемелько.jpg',NULL,0,'sonata.media.provider.image',1,'53b1863565315dbccd938f324ec189d8ee28cc69.jpeg','{\"filename\":\"\\u0448\\u0435\\u043c\\u0435\\u043b\\u044c\\u043a\\u043e.jpg\"}',1000,500,NULL,'image/jpeg',188401,NULL,NULL,'slider',NULL,NULL,NULL,'2015-04-26 22:17:33','2015-04-26 22:17:33'),(461,'сад гетьсиманський.jpg',NULL,0,'sonata.media.provider.image',1,'ce772e4158b104be0594b78fee3190a6aad155ff.jpeg','{\"filename\":\"\\u0441\\u0430\\u0434 \\u0433\\u0435\\u0442\\u044c\\u0441\\u0438\\u043c\\u0430\\u043d\\u0441\\u044c\\u043a\\u0438\\u0439.jpg\"}',1000,500,NULL,'image/jpeg',355595,NULL,NULL,'slider',NULL,NULL,NULL,'2015-04-26 22:18:06','2015-04-26 22:18:06'),(462,'IMG_8277.JPG',NULL,0,'sonata.media.provider.image',1,'4745711809e4cc9533c83d058d5cc494186682a4.jpeg','{\"filename\":\"IMG_8277.JPG\"}',3504,2336,NULL,'image/jpeg',2444959,NULL,NULL,'performance',NULL,NULL,NULL,'2015-04-26 22:18:39','2015-04-26 22:18:39'),(463,'IMG_8238.JPG',NULL,0,'sonata.media.provider.image',1,'f52b840b73b421f47ce7ece1a38527af873cf9c5.jpeg','{\"filename\":\"IMG_8238.JPG\"}',3504,2336,NULL,'image/jpeg',2128411,NULL,NULL,'performance',NULL,NULL,NULL,'2015-04-26 22:18:55','2015-04-26 22:18:55'),(464,'x_05567d9c.jpg',NULL,0,'sonata.media.provider.image',1,'ac46e1a4e32ce54797391abbc9dce603404325f8.jpeg','{\"filename\":\"x_05567d9c.jpg\"}',402,604,NULL,'image/jpeg',99205,NULL,NULL,'performance',NULL,NULL,NULL,'2015-04-26 22:19:12','2015-04-26 22:19:12'),(465,'IMG_8223.JPG',NULL,0,'sonata.media.provider.image',1,'359abc959327446c01c5ee5422a2e499f22ade0d.jpeg','{\"filename\":\"IMG_8223.JPG\"}',3504,2336,NULL,'image/jpeg',2740305,NULL,NULL,'performance',NULL,NULL,NULL,'2015-04-26 22:19:41','2015-04-26 22:19:41'),(466,'IMG_8223.JPG',NULL,0,'sonata.media.provider.image',1,'7add27b1b31d90e4ddaec9c1e41b927eb20c2703.jpeg','{\"filename\":\"IMG_8223.JPG\"}',3504,2336,NULL,'image/jpeg',2740305,NULL,NULL,'performance',NULL,NULL,NULL,'2015-04-26 22:19:43','2015-04-26 22:19:43'),(467,'IMG_8223.JPG',NULL,0,'sonata.media.provider.image',1,'12dbe4c8feb0bb885939de44277fdf96adf07855.jpeg','{\"filename\":\"IMG_8223.JPG\"}',3504,2336,NULL,'image/jpeg',2740305,NULL,NULL,'performance',NULL,NULL,NULL,'2015-04-26 22:20:07','2015-04-26 22:20:07'),(468,'IMG_5696.jpg',NULL,0,'sonata.media.provider.image',1,'1b4724ba949b1ba12d87ba93fcf02edec42715fa.jpeg','{\"filename\":\"IMG_5696.jpg\"}',3602,2480,NULL,'image/jpeg',9522452,NULL,NULL,'performance',NULL,NULL,NULL,'2015-04-26 22:20:50','2015-04-26 22:20:50'),(469,'IMG_5620.jpg',NULL,0,'sonata.media.provider.image',1,'cf0b550b34cd97ca6bf4db060eefcd6931b7f5df.jpeg','{\"filename\":\"IMG_5620.jpg\"}',2480,3602,NULL,'image/jpeg',5040905,NULL,NULL,'performance',NULL,NULL,NULL,'2015-04-26 22:21:12','2015-04-26 22:21:12'),(470,'хто в домі.jpg',NULL,0,'sonata.media.provider.image',1,'a275697d38788f52105904905291a2428ac22b83.jpeg','{\"filename\":\"\\u0445\\u0442\\u043e \\u0432 \\u0434\\u043e\\u043c\\u0456.jpg\"}',1000,500,NULL,'image/jpeg',165112,NULL,NULL,'slider',NULL,NULL,NULL,'2015-05-05 16:48:40','2015-05-05 16:48:40'),(471,'baba-baner.jpg',NULL,0,'sonata.media.provider.image',1,'fd44f3e72d115dc2d8a94491aa81b5d7e8e7cdb2.jpeg','{\"filename\":\"baba-baner.jpg\"}',1000,500,NULL,'image/jpeg',122931,NULL,NULL,'performance',NULL,NULL,NULL,'2015-05-08 08:21:40','2015-05-08 08:21:40'),(472,'baba10.jpg',NULL,0,'sonata.media.provider.image',1,'f9f519c841d009815bea17f0696597e3963412e7.jpeg','{\"filename\":\"baba10.jpg\"}',500,330,NULL,'image/jpeg',35782,NULL,NULL,'slider',NULL,NULL,NULL,'2015-05-08 08:26:36','2015-05-08 08:26:36'),(473,'baba09.jpg',NULL,0,'sonata.media.provider.image',1,'c91ed3d4f93afbc25faad0bbfb49b224e11469e2.jpeg','{\"filename\":\"baba09.jpg\"}',500,330,NULL,'image/jpeg',32705,NULL,NULL,'slider',NULL,NULL,NULL,'2015-05-08 08:26:53','2015-05-08 08:26:53'),(474,'baba01.jpg',NULL,0,'sonata.media.provider.image',1,'4c5178acb8df68b7de16eb6a9f7ff002361e6e54.jpeg','{\"filename\":\"baba01.jpg\"}',500,332,NULL,'image/jpeg',48458,NULL,NULL,'performance',NULL,NULL,NULL,'2015-05-08 08:28:20','2015-05-08 08:28:20'),(475,'baba02.jpg',NULL,0,'sonata.media.provider.image',1,'08e4f0e58499b9f0e42861afe8870669e1463bdb.jpeg','{\"filename\":\"baba02.jpg\"}',500,331,NULL,'image/jpeg',63675,NULL,NULL,'performance',NULL,NULL,NULL,'2015-05-08 08:28:40','2015-05-08 08:28:40'),(476,'baba03.jpg',NULL,0,'sonata.media.provider.image',1,'2ede257d2eff0d85aaba7b1dad63e44fe4aa5c0a.jpeg','{\"filename\":\"baba03.jpg\"}',500,331,NULL,'image/jpeg',40379,NULL,NULL,'performance',NULL,NULL,NULL,'2015-05-08 08:28:54','2015-05-08 08:28:54'),(477,'baba04.jpg',NULL,0,'sonata.media.provider.image',1,'1b1322945c78e36f5eeab197d0d2bb09e0c71531.jpeg','{\"filename\":\"baba04.jpg\"}',500,331,NULL,'image/jpeg',36588,NULL,NULL,'performance',NULL,NULL,NULL,'2015-05-08 08:29:06','2015-05-08 08:29:06'),(478,'baba05.jpg',NULL,0,'sonata.media.provider.image',1,'08697cbd4d43d6bf454242e95702a83afa7f6283.jpeg','{\"filename\":\"baba05.jpg\"}',500,332,NULL,'image/jpeg',63175,NULL,NULL,'performance',NULL,NULL,NULL,'2015-05-08 08:29:19','2015-05-08 08:29:19'),(479,'baba06.jpg',NULL,0,'sonata.media.provider.image',1,'4ae062a651d1e682a79d9efdd462c8ea811b78fc.jpeg','{\"filename\":\"baba06.jpg\"}',500,332,NULL,'image/jpeg',55552,NULL,NULL,'performance',NULL,NULL,NULL,'2015-05-08 08:29:30','2015-05-08 08:29:30'),(480,'baba07.jpg',NULL,0,'sonata.media.provider.image',1,'b5e710af2249ee259798fb406baa25f68de3e139.jpeg','{\"filename\":\"baba07.jpg\"}',500,331,NULL,'image/jpeg',48664,NULL,NULL,'performance',NULL,NULL,NULL,'2015-05-08 08:29:39','2015-05-08 08:29:39'),(481,'baba08.jpg',NULL,0,'sonata.media.provider.image',1,'0fd40a020b1637504f79b475a25def6a6e62cae8.jpeg','{\"filename\":\"baba08.jpg\"}',500,332,NULL,'image/jpeg',38541,NULL,NULL,'performance',NULL,NULL,NULL,'2015-05-08 08:29:48','2015-05-08 08:29:48'),(482,'baba09.jpg',NULL,0,'sonata.media.provider.image',1,'6f3bf6e9be16aea6e277aea415d8b1e35ca6c1ce.jpeg','{\"filename\":\"baba09.jpg\"}',500,330,NULL,'image/jpeg',32705,NULL,NULL,'performance',NULL,NULL,NULL,'2015-05-08 08:29:57','2015-05-08 08:29:57'),(483,'baba10.jpg',NULL,0,'sonata.media.provider.image',1,'71de5ac2384dfec2c8f76124def7f78dac262a86.jpeg','{\"filename\":\"baba10.jpg\"}',500,330,NULL,'image/jpeg',35782,NULL,NULL,'performance',NULL,NULL,NULL,'2015-05-08 08:30:06','2015-05-08 08:30:06'),(484,'baba-baner.jpg',NULL,0,'sonata.media.provider.image',1,'e9a1fd6cc48a103f1cb7a84689fd80f5e35bc0ff.jpeg','{\"filename\":\"baba-baner.jpg\"}',1000,500,NULL,'image/jpeg',122931,NULL,NULL,'slider',NULL,NULL,NULL,'2015-05-08 08:37:56','2015-05-08 08:37:56'),(485,'baba04.jpg',NULL,0,'sonata.media.provider.image',1,'e6f8ccba6dc6e4341ecc7ebdb256b1cd1063aac0.jpeg','{\"filename\":\"baba04.jpg\"}',500,331,NULL,'image/jpeg',36588,NULL,NULL,'performance',NULL,NULL,NULL,'2015-05-08 08:40:12','2015-05-08 08:40:12'),(486,'baba11.jpg',NULL,0,'sonata.media.provider.image',1,'b18dc92895e75e0c10e822247c961323799fd56d.jpeg','{\"filename\":\"baba11.jpg\"}',240,330,NULL,'image/jpeg',23035,NULL,NULL,'performance',NULL,NULL,NULL,'2015-05-08 08:45:28','2015-05-08 08:45:28'),(487,'baba-baner.jpg',NULL,0,'sonata.media.provider.image',1,'15b38b1e0a036952cf28fe612e991d369c549f2a.jpeg','{\"filename\":\"baba-baner.jpg\"}',1000,500,NULL,'image/jpeg',122931,NULL,NULL,'slider',NULL,NULL,NULL,'2015-05-08 08:45:34','2015-05-08 08:45:34'),(488,'baba11.jpg',NULL,0,'sonata.media.provider.image',1,'221d1bd052df46baa34ba78b7234b94a5680c642.jpeg','{\"filename\":\"baba11.jpg\"}',240,330,NULL,'image/jpeg',23035,NULL,NULL,'slider',NULL,NULL,NULL,'2015-05-08 09:18:09','2015-05-08 09:18:09'),(489,'baba-baner.jpg',NULL,0,'sonata.media.provider.image',1,'65d36c3d0115607ec3f076ecb1f1981d73bd3696.jpeg','{\"filename\":\"baba-baner.jpg\"}',1000,500,NULL,'image/jpeg',122931,NULL,NULL,'slider',NULL,NULL,NULL,'2015-05-08 09:45:40','2015-05-08 09:45:40'),(490,'baba11.jpg',NULL,0,'sonata.media.provider.image',1,'99055d0e896a67d6a006651dacad47e27d03f4bf.jpeg','{\"filename\":\"baba11.jpg\"}',240,330,NULL,'image/jpeg',23035,NULL,NULL,'performance',NULL,NULL,NULL,'2015-05-08 09:45:46','2015-05-08 09:45:46'),(491,'baba11.jpg',NULL,0,'sonata.media.provider.image',1,'faed0893d74347f28d3e552997d9e5d5bc03aabc.jpeg','{\"filename\":\"baba11.jpg\"}',240,330,NULL,'image/jpeg',23035,NULL,NULL,'performance',NULL,NULL,NULL,'2015-05-08 21:46:45','2015-05-08 21:46:45'),(492,'baba-baner.jpg',NULL,0,'sonata.media.provider.image',1,'98e6a4ae55564c3d93362f187da2b4831913b2b9.jpeg','{\"filename\":\"baba-baner.jpg\"}',1000,500,NULL,'image/jpeg',122931,NULL,NULL,'slider',NULL,NULL,NULL,'2015-05-08 21:46:53','2015-05-08 21:46:53'),(493,'baba01.jpg',NULL,0,'sonata.media.provider.image',1,'7997aa1e2517e898b310c3ea0b7001b6514ac4d0.jpeg','{\"filename\":\"baba01.jpg\"}',500,332,NULL,'image/jpeg',48458,NULL,NULL,'performance',NULL,NULL,NULL,'2015-05-08 21:49:12','2015-05-08 21:49:12'),(494,'baba10.jpg',NULL,0,'sonata.media.provider.image',1,'b4fcd8a4962ac44ae56e38233ad933a29b1827be.jpeg','{\"filename\":\"baba10.jpg\"}',500,330,NULL,'image/jpeg',35782,NULL,NULL,'performance',NULL,NULL,NULL,'2015-05-08 21:49:29','2015-05-08 21:49:29'),(495,'afisha_baba.jpeg',NULL,0,'sonata.media.provider.image',1,'c47894e2b6aa1220ec8cf7d10234c1d88b71d4a6.jpeg','{\"filename\":\"afisha_baba.jpeg\"}',300,300,NULL,'image/jpeg',44936,NULL,NULL,'performance',NULL,NULL,NULL,'2015-05-09 04:51:18','2015-05-09 04:51:18'),(496,'gus01.jpg',NULL,0,'sonata.media.provider.image',1,'5598f67feed0c837ca8cd5b528a34ed6498344e5.jpeg','{\"filename\":\"gus01.jpg\"}',300,451,NULL,'image/jpeg',57823,NULL,NULL,'performance',NULL,NULL,NULL,'2015-05-12 19:01:35','2015-05-12 19:01:35'),(497,'DAM3566.jpg',NULL,0,'sonata.media.provider.image',1,'4ebc5b16a1f1b304c8b26d25d56401703edf59de.jpeg','{\"filename\":\"DAM3566.jpg\"}',1000,422,NULL,'image/jpeg',149513,NULL,NULL,'slider',NULL,NULL,NULL,'2015-05-12 19:01:45','2015-05-12 19:01:45'),(498,'logo.jpg',NULL,0,'sonata.media.provider.image',1,'8b3c2c8fe04bf2bafa712b00ae0f3a67fe855120.jpeg','{\"filename\":\"logo.jpg\"}',300,424,NULL,'image/jpeg',40807,NULL,NULL,'employee',NULL,NULL,NULL,'2015-05-12 19:04:38','2015-05-12 19:04:38'),(499,'g001.jpg',NULL,0,'sonata.media.provider.image',1,'862b31d9d1718bcf907993ca2923bd888e8e88cd.jpeg','{\"filename\":\"g001.jpg\"}',500,333,NULL,'image/jpeg',65438,NULL,NULL,'performance',NULL,NULL,NULL,'2015-05-12 19:09:33','2015-05-12 19:09:33'),(500,'g002.jpg',NULL,0,'sonata.media.provider.image',1,'7b72016e5b699c7d2ab33677212fc67465d0a33d.jpeg','{\"filename\":\"g002.jpg\"}',222,333,NULL,'image/jpeg',33935,NULL,NULL,'performance',NULL,NULL,NULL,'2015-05-12 19:09:46','2015-05-12 19:09:46'),(501,'g003.jpg',NULL,0,'sonata.media.provider.image',1,'a8efc5c7e390c684672b3b07525a78df2d8dff02.jpeg','{\"filename\":\"g003.jpg\"}',311,333,NULL,'image/jpeg',34854,NULL,NULL,'performance',NULL,NULL,NULL,'2015-05-12 19:09:56','2015-05-12 19:09:56'),(502,'g004.jpg',NULL,0,'sonata.media.provider.image',1,'7deca39b761461719315e0ee3e4429971f1df620.jpeg','{\"filename\":\"g004.jpg\"}',222,333,NULL,'image/jpeg',25665,NULL,NULL,'performance',NULL,NULL,NULL,'2015-05-12 19:10:05','2015-05-12 19:10:05'),(503,'g005.jpg',NULL,0,'sonata.media.provider.image',1,'e992614bb48d75a0ec8362780b2e5990672404b4.jpeg','{\"filename\":\"g005.jpg\"}',800,338,NULL,'image/jpeg',102890,NULL,NULL,'performance',NULL,NULL,NULL,'2015-05-12 19:10:14','2015-05-12 19:10:14'),(504,'g006.jpg',NULL,0,'sonata.media.provider.image',1,'e6cdb16bbf0bec1aa15e29e9e0d7d87c033c614e.jpeg','{\"filename\":\"g006.jpg\"}',500,333,NULL,'image/jpeg',55222,NULL,NULL,'performance',NULL,NULL,NULL,'2015-05-12 19:10:23','2015-05-12 19:10:23'),(505,'g007.jpg',NULL,0,'sonata.media.provider.image',1,'d6b7d461608fd6ac423f7f239f46b00d726f6a6a.jpeg','{\"filename\":\"g007.jpg\"}',222,333,NULL,'image/jpeg',31166,NULL,NULL,'performance',NULL,NULL,NULL,'2015-05-12 19:10:33','2015-05-12 19:10:33'),(506,'g008.jpg',NULL,0,'sonata.media.provider.image',1,'ed00ffd91dd030e86e9a50b903bdb795610ba714.jpeg','{\"filename\":\"g008.jpg\"}',222,333,NULL,'image/jpeg',27881,NULL,NULL,'performance',NULL,NULL,NULL,'2015-05-12 19:10:41','2015-05-12 19:10:41'),(507,'gbaner.jpg',NULL,0,'sonata.media.provider.image',1,'b0663acc0844cdeee69f5be9fbaa5d96d858ff36.jpeg','{\"filename\":\"gbaner.jpg\"}',1000,500,NULL,'image/jpeg',174433,NULL,NULL,'slider',NULL,NULL,NULL,'2015-05-12 19:14:55','2015-05-12 19:14:55'),(508,'dm01.jpg',NULL,0,'sonata.media.provider.image',1,'fbe779792875ada4f309a100cb1d1dc3f657d30a.jpeg','{\"filename\":\"dm01.jpg\"}',300,450,NULL,'image/jpeg',28975,NULL,NULL,'performance',NULL,NULL,NULL,'2015-05-12 19:22:44','2015-05-12 19:22:44'),(509,'dmlogo.jpg',NULL,0,'sonata.media.provider.image',1,'f61f4aa008e7ea08b4a921ba3a5a1d23bebe890e.jpeg','{\"filename\":\"dmlogo.jpg\"}',1000,500,NULL,'image/jpeg',118000,NULL,NULL,'slider',NULL,NULL,NULL,'2015-05-12 19:24:10','2015-05-12 19:24:10'),(510,'dm001.jpg',NULL,0,'sonata.media.provider.image',1,'37d77137d35c387c297eb1441d070a09626ea196.jpeg','{\"filename\":\"dm001.jpg\"}',222,333,NULL,'image/jpeg',18327,NULL,NULL,'performance',NULL,NULL,NULL,'2015-05-12 19:28:16','2015-05-12 19:28:16'),(511,'dm002.jpg',NULL,0,'sonata.media.provider.image',1,'e2e2a598fd233fd3213003f75d90c6d305daea7d.jpeg','{\"filename\":\"dm002.jpg\"}',222,333,NULL,'image/jpeg',21328,NULL,NULL,'performance',NULL,NULL,NULL,'2015-05-12 19:28:25','2015-05-12 19:28:25'),(512,'dm003.jpg',NULL,0,'sonata.media.provider.image',1,'d25171534a557274265db4c4f5b43541b2d0687c.jpeg','{\"filename\":\"dm003.jpg\"}',301,333,NULL,'image/jpeg',27161,NULL,NULL,'performance',NULL,NULL,NULL,'2015-05-12 19:28:41','2015-05-12 19:28:41'),(513,'dm004.jpg',NULL,0,'sonata.media.provider.image',1,'de2cd841f15b68ce1007b14fbad03cfd1c22ed63.jpeg','{\"filename\":\"dm004.jpg\"}',500,333,NULL,'image/jpeg',46796,NULL,NULL,'performance',NULL,NULL,NULL,'2015-05-12 19:29:02','2015-05-12 19:29:02'),(514,'dm005.jpg',NULL,0,'sonata.media.provider.image',1,'b72f2f2be017c127c7081ab271cca26b0da6ce5e.jpeg','{\"filename\":\"dm005.jpg\"}',500,334,NULL,'image/jpeg',42346,NULL,NULL,'performance',NULL,NULL,NULL,'2015-05-12 19:29:10','2015-05-12 19:29:10'),(515,'dm006.jpg',NULL,0,'sonata.media.provider.image',1,'e62b6108e110466717373cefed8dbafd384575ab.jpeg','{\"filename\":\"dm006.jpg\"}',500,333,NULL,'image/jpeg',32845,NULL,NULL,'performance',NULL,NULL,NULL,'2015-05-12 19:29:17','2015-05-12 19:29:17'),(516,'dm007.jpg',NULL,0,'sonata.media.provider.image',1,'9e9b2a27dbce264a271cf98522559932324bd30e.jpeg','{\"filename\":\"dm007.jpg\"}',222,333,NULL,'image/jpeg',19853,NULL,NULL,'performance',NULL,NULL,NULL,'2015-05-12 19:29:24','2015-05-12 19:29:24'),(517,'dm008.jpg',NULL,0,'sonata.media.provider.image',1,'756c54390108808801498a996a6697e6ff3e38b2.jpeg','{\"filename\":\"dm008.jpg\"}',500,333,NULL,'image/jpeg',38619,NULL,NULL,'performance',NULL,NULL,NULL,'2015-05-12 19:29:34','2015-05-12 19:29:34'),(518,'dm009.jpg',NULL,0,'sonata.media.provider.image',1,'021f52e8c65a354623d475e7bfbdd20485d1c678.jpeg','{\"filename\":\"dm009.jpg\"}',252,333,NULL,'image/jpeg',25716,NULL,NULL,'performance',NULL,NULL,NULL,'2015-05-12 19:29:41','2015-05-12 19:29:41'),(519,'kbaner.jpg',NULL,0,'sonata.media.provider.image',1,'da4e324cb2ea11f197874d64cb7d66c9f8462a32.jpeg','{\"filename\":\"kbaner.jpg\"}',368,450,NULL,'image/jpeg',26919,NULL,NULL,'performance',NULL,NULL,NULL,'2015-05-12 20:03:41','2015-05-12 20:03:41'),(520,'klogo.jpg',NULL,0,'sonata.media.provider.image',1,'785b3422b2502c9f539ff396ee23e1ec40915920.jpeg','{\"filename\":\"klogo.jpg\"}',1000,500,NULL,'image/jpeg',142800,NULL,NULL,'slider',NULL,NULL,NULL,'2015-05-12 20:03:47','2015-05-12 20:03:47'),(521,'k001.jpg',NULL,0,'sonata.media.provider.image',1,'e35fd9811b14db14829aa54c93d59a59e097c4a8.jpeg','{\"filename\":\"k001.jpg\"}',500,333,NULL,'image/jpeg',47748,NULL,NULL,'performance',NULL,NULL,NULL,'2015-05-12 20:04:35','2015-05-12 20:04:35'),(522,'k002.jpg',NULL,0,'sonata.media.provider.image',1,'f0a36791ab6bbeee18682576d8c859bbadcfabcc.jpeg','{\"filename\":\"k002.jpg\"}',500,333,NULL,'image/jpeg',35563,NULL,NULL,'performance',NULL,NULL,NULL,'2015-05-12 20:04:42','2015-05-12 20:04:42'),(523,'k003.jpg',NULL,0,'sonata.media.provider.image',1,'b52e85198717b56232227d5dc66fef56c6ff392d.jpeg','{\"filename\":\"k003.jpg\"}',500,332,NULL,'image/jpeg',55198,NULL,NULL,'performance',NULL,NULL,NULL,'2015-05-12 20:04:49','2015-05-12 20:04:49'),(524,'k004.jpg',NULL,0,'sonata.media.provider.image',1,'895e8ffb2952ea5fbf7329fc0cfe4d95ae619b3f.jpeg','{\"filename\":\"k004.jpg\"}',500,333,NULL,'image/jpeg',49583,NULL,NULL,'performance',NULL,NULL,NULL,'2015-05-12 20:04:56','2015-05-12 20:04:56'),(525,'k005.jpg',NULL,0,'sonata.media.provider.image',1,'d96c0c2c012f4495df62a9632fa5f9a850ae4aaf.jpeg','{\"filename\":\"k005.jpg\"}',500,332,NULL,'image/jpeg',33166,NULL,NULL,'performance',NULL,NULL,NULL,'2015-05-12 20:05:03','2015-05-12 20:05:03'),(526,'k006.jpg',NULL,0,'sonata.media.provider.image',1,'8ee874b55dcf4f17a85850aba6f6c519de7921ea.jpeg','{\"filename\":\"k006.jpg\"}',221,333,NULL,'image/jpeg',25246,NULL,NULL,'performance',NULL,NULL,NULL,'2015-05-12 20:05:09','2015-05-12 20:05:09'),(527,'k007.jpg',NULL,0,'sonata.media.provider.image',1,'b5220def52c0b33e25ac23ef924565b440855e2b.jpeg','{\"filename\":\"k007.jpg\"}',500,332,NULL,'image/jpeg',58226,NULL,NULL,'performance',NULL,NULL,NULL,'2015-05-12 20:05:15','2015-05-12 20:05:15'),(528,'kbaner.jpg',NULL,0,'sonata.media.provider.image',1,'8b08e5847016fcbaea9e8864bb504efb54c0a897.jpeg','{\"filename\":\"kbaner.jpg\"}',368,450,NULL,'image/jpeg',26919,NULL,NULL,'performance',NULL,NULL,NULL,'2015-05-12 20:08:02','2015-05-12 20:08:02'),(529,'klogo.jpg',NULL,0,'sonata.media.provider.image',1,'b22a2e9b7db31fc1e7d56df927de06f27294ad63.jpeg','{\"filename\":\"klogo.jpg\"}',1000,500,NULL,'image/jpeg',142800,NULL,NULL,'slider',NULL,NULL,NULL,'2015-05-12 20:08:07','2015-05-12 20:08:07'),(530,'lbaner.jpg',NULL,0,'sonata.media.provider.image',1,'a4cc9817ac8b79579fcfd9e744cbdd123497beec.jpeg','{\"filename\":\"lbaner.jpg\"}',368,450,NULL,'image/jpeg',44436,NULL,NULL,'performance',NULL,NULL,NULL,'2015-05-16 09:54:11','2015-05-16 09:54:11'),(531,'llogo.jpg',NULL,0,'sonata.media.provider.image',1,'e66305e1cf82296f2236729e5dd8a0077bef22e8.jpeg','{\"filename\":\"llogo.jpg\"}',1000,500,NULL,'image/jpeg',143537,NULL,NULL,'slider',NULL,NULL,NULL,'2015-05-16 09:54:17','2015-05-16 09:54:17'),(532,'001.jpg',NULL,0,'sonata.media.provider.image',1,'764ae18c245a9a7d8e08b714dbacbad0652d5fdc.jpeg','{\"filename\":\"001.jpg\"}',500,331,NULL,'image/jpeg',62319,NULL,NULL,'performance',NULL,NULL,NULL,'2015-05-16 09:55:08','2015-05-16 09:55:08'),(533,'002.jpg',NULL,0,'sonata.media.provider.image',1,'4322d5c5423bedd4d7ba0007e90b9193d931c1ca.jpeg','{\"filename\":\"002.jpg\"}',500,331,NULL,'image/jpeg',53594,NULL,NULL,'performance',NULL,NULL,NULL,'2015-05-16 09:55:15','2015-05-16 09:55:15'),(534,'003.jpg',NULL,0,'sonata.media.provider.image',1,'c1c18af9a6ecd27c275e972d035f8b488c53c605.jpeg','{\"filename\":\"003.jpg\"}',500,331,NULL,'image/jpeg',41067,NULL,NULL,'performance',NULL,NULL,NULL,'2015-05-16 09:55:24','2015-05-16 09:55:24'),(535,'005.jpg',NULL,0,'sonata.media.provider.image',1,'0216190e879cc6399425887372740060c4f63ae5.jpeg','{\"filename\":\"005.jpg\"}',500,331,NULL,'image/jpeg',53534,NULL,NULL,'performance',NULL,NULL,NULL,'2015-05-16 09:55:36','2015-05-16 09:55:36'),(536,'nbaner.jpg',NULL,0,'sonata.media.provider.image',1,'e34182fca6923592902b9842c06100aceb9cc99b.jpeg','{\"filename\":\"nbaner.jpg\"}',300,450,NULL,'image/jpeg',40138,NULL,NULL,'performance',NULL,NULL,NULL,'2015-05-16 10:05:13','2015-05-16 10:05:13'),(537,'nlogo.jpg',NULL,0,'sonata.media.provider.image',1,'0489950512a0e1f80ae50b34b71bd48f1634562e.jpeg','{\"filename\":\"nlogo.jpg\"}',1000,500,NULL,'image/jpeg',162796,NULL,NULL,'slider',NULL,NULL,NULL,'2015-05-16 10:05:19','2015-05-16 10:05:19'),(538,'004.jpg',NULL,0,'sonata.media.provider.image',1,'dabbcc99a37be7e88301fb8081516dbfd80b18fe.jpeg','{\"filename\":\"004.jpg\"}',500,333,NULL,'image/jpeg',37306,NULL,NULL,'performance',NULL,NULL,NULL,'2015-05-16 10:06:06','2015-05-16 10:06:06'),(539,'001.jpg',NULL,0,'sonata.media.provider.image',1,'ef69a76011dd3185cf86803b5e6248d98d5cb8db.jpeg','{\"filename\":\"001.jpg\"}',221,331,NULL,'image/jpeg',16958,NULL,NULL,'performance',NULL,NULL,NULL,'2015-05-16 10:06:13','2015-05-16 10:06:13'),(540,'002.jpg',NULL,0,'sonata.media.provider.image',1,'7fbecd35eb2c9dc4e9e9d33ab1ca1734626fba00.jpeg','{\"filename\":\"002.jpg\"}',221,331,NULL,'image/jpeg',32892,NULL,NULL,'performance',NULL,NULL,NULL,'2015-05-16 10:06:20','2015-05-16 10:06:20'),(541,'003.jpg',NULL,0,'sonata.media.provider.image',1,'c019a77db870d105d4d2ca7475dc35d90b5a8306.jpeg','{\"filename\":\"003.jpg\"}',216,331,NULL,'image/jpeg',26341,NULL,NULL,'performance',NULL,NULL,NULL,'2015-05-16 10:06:29','2015-05-16 10:06:29'),(542,'001.jpg',NULL,0,'sonata.media.provider.image',1,'7893531edd92dc7d58ca9c0e0baf8dd85120b7ed.jpeg','{\"filename\":\"001.jpg\"}',505,337,NULL,'image/jpeg',35891,NULL,NULL,'performance',NULL,NULL,NULL,'2015-06-04 11:30:39','2015-06-04 11:30:39'),(543,'002.jpg',NULL,0,'sonata.media.provider.image',1,'acc3a3b1773dd257d36c467a2542a5d4a9e6d5be.jpeg','{\"filename\":\"002.jpg\"}',505,337,NULL,'image/jpeg',37409,NULL,NULL,'performance',NULL,NULL,NULL,'2015-06-04 11:30:45','2015-06-04 11:30:45'),(544,'003.jpg',NULL,0,'sonata.media.provider.image',1,'d0aaed6e3ddf220dfb82c558a10c707ae8514525.jpeg','{\"filename\":\"003.jpg\"}',505,337,NULL,'image/jpeg',36359,NULL,NULL,'performance',NULL,NULL,NULL,'2015-06-04 11:30:53','2015-06-04 11:30:53'),(545,'004.jpg',NULL,0,'sonata.media.provider.image',1,'c560cc2cf0b2b55a2d2f875d47c2b2184583cfcb.jpeg','{\"filename\":\"004.jpg\"}',505,337,NULL,'image/jpeg',30937,NULL,NULL,'performance',NULL,NULL,NULL,'2015-06-04 11:31:00','2015-06-04 11:31:00'),(546,'005.jpg',NULL,0,'sonata.media.provider.image',1,'a38dca15f199b9830c8523e514468725ea6c53ce.jpeg','{\"filename\":\"005.jpg\"}',505,337,NULL,'image/jpeg',35720,NULL,NULL,'performance',NULL,NULL,NULL,'2015-06-04 11:31:09','2015-06-04 11:31:09'),(547,'006.jpg',NULL,0,'sonata.media.provider.image',1,'4ddc169d7f7372b037e2e2c8727b66740eff5fee.jpeg','{\"filename\":\"006.jpg\"}',505,337,NULL,'image/jpeg',30249,NULL,NULL,'performance',NULL,NULL,NULL,'2015-06-04 11:31:16','2015-06-04 11:31:16'),(548,'007.jpg',NULL,0,'sonata.media.provider.image',1,'3251070c42e28ec563d100f49f9b399dd3d80950.jpeg','{\"filename\":\"007.jpg\"}',505,337,NULL,'image/jpeg',39979,NULL,NULL,'performance',NULL,NULL,NULL,'2015-06-04 11:31:23','2015-06-04 11:31:23'),(549,'008.jpg',NULL,0,'sonata.media.provider.image',1,'7c28a618645d9f9efa95da84239e3464a952decf.jpeg','{\"filename\":\"008.jpg\"}',505,337,NULL,'image/jpeg',28754,NULL,NULL,'performance',NULL,NULL,NULL,'2015-06-04 11:31:30','2015-06-04 11:31:30'),(550,'009.jpg',NULL,0,'sonata.media.provider.image',1,'3bb6eaa51e411c477fd2d61b8dfd5b61412843d9.jpeg','{\"filename\":\"009.jpg\"}',505,337,NULL,'image/jpeg',31522,NULL,NULL,'performance',NULL,NULL,NULL,'2015-06-04 11:31:37','2015-06-04 11:31:37'),(551,'010.jpg',NULL,0,'sonata.media.provider.image',1,'254d89eed60f578c73bc0ca8050992b1a555f223.jpeg','{\"filename\":\"010.jpg\"}',505,337,NULL,'image/jpeg',30028,NULL,NULL,'performance',NULL,NULL,NULL,'2015-06-04 11:31:45','2015-06-04 11:31:45'),(552,'baner.jpg',NULL,0,'sonata.media.provider.image',1,'ec77700513aa4186d7c5cb4041a430e0cdb7a6c4.jpeg','{\"filename\":\"baner.jpg\"}',361,500,NULL,'image/jpeg',32057,NULL,NULL,'performance',NULL,NULL,NULL,'2015-06-04 11:34:11','2015-06-04 11:34:11'),(553,'slaider.jpg',NULL,0,'sonata.media.provider.image',1,'5bf5c44be1b5f7ad18986cc4ecb3406dd9fe8123.jpeg','{\"filename\":\"slaider.jpg\"}',1500,1000,NULL,'image/jpeg',201452,NULL,NULL,'slider',NULL,NULL,NULL,'2015-06-04 11:34:21','2015-06-04 11:34:21'),(554,'baner.jpg',NULL,0,'sonata.media.provider.image',1,'d2b61d3b683ae3cb08116e9ebd73f87b95e86fe1.jpeg','{\"filename\":\"baner.jpg\"}',361,500,NULL,'image/jpeg',32057,NULL,NULL,'performance',NULL,NULL,NULL,'2015-06-04 11:54:48','2015-06-04 11:54:48'),(555,'slaider.jpg',NULL,0,'sonata.media.provider.image',1,'56a828f39e1acc1b75dd598a085b557795c06361.jpeg','{\"filename\":\"slaider.jpg\"}',1500,1000,NULL,'image/jpeg',201452,NULL,NULL,'slider',NULL,NULL,NULL,'2015-06-04 11:54:55','2015-06-04 11:54:55'),(556,'001.jpg',NULL,0,'sonata.media.provider.image',1,'4a461928f80a090bc46f247d93b67c227ec24be6.jpeg','{\"filename\":\"001.jpg\"}',505,337,NULL,'image/jpeg',35891,NULL,NULL,'performance',NULL,NULL,NULL,'2015-06-04 11:55:10','2015-06-04 11:55:10'),(557,'bilohalatnist.jpg',NULL,0,'sonata.media.provider.image',1,'d23dbee5536f51643ea424e7ffaf90f6fc356003.jpeg','{\"filename\":\"bilohalatnist.jpg\"}',1500,539,NULL,'image/jpeg',171084,NULL,NULL,'slider',NULL,NULL,NULL,'2015-06-05 13:42:09','2015-06-05 13:42:09'),(558,'bilohalatnist1.jpg',NULL,0,'sonata.media.provider.image',1,'72d00f20809ec887405129c4ad7dac89d076ffd1.jpeg','{\"filename\":\"bilohalatnist1.jpg\"}',361,500,NULL,'image/jpeg',2476,NULL,NULL,'performance',NULL,NULL,NULL,'2015-06-05 13:46:13','2015-06-05 13:46:13'),(559,'w-Zlbw3stS0.jpg',NULL,0,'sonata.media.provider.image',1,'9d416fad0d751be28a7135d0ebbf9cc76b8ffdd1.jpeg','{\"filename\":\"w-Zlbw3stS0.jpg\"}',2560,1707,NULL,'image/jpeg',983020,NULL,NULL,'performance',NULL,NULL,NULL,'2015-06-06 16:55:02','2015-06-06 16:55:02'),(560,'UfHUEgsQ_rE.jpg',NULL,0,'sonata.media.provider.image',1,'7b091b41cd8b54cabd6c810dfc1ede87e04bd135.jpeg','{\"filename\":\"UfHUEgsQ_rE.jpg\"}',2560,1707,NULL,'image/jpeg',1013522,NULL,NULL,'performance',NULL,NULL,NULL,'2015-06-06 16:56:08','2015-06-06 16:56:08'),(561,'WpjbbGcfNzo.jpg',NULL,0,'sonata.media.provider.image',1,'66f17a2aff73e08c6b22ecabf36265ea8a013f0e.jpeg','{\"filename\":\"WpjbbGcfNzo.jpg\"}',2560,1707,NULL,'image/jpeg',949875,NULL,NULL,'performance',NULL,NULL,NULL,'2015-06-06 16:57:04','2015-06-06 16:57:04'),(562,'jzCgPughSXI.jpg',NULL,0,'sonata.media.provider.image',1,'096e6109b6a221ba614451c38e2276be8e0740cd.jpeg','{\"filename\":\"jzCgPughSXI.jpg\"}',2560,1707,NULL,'image/jpeg',886262,NULL,NULL,'performance',NULL,NULL,NULL,'2015-06-06 16:58:40','2015-06-06 16:58:40'),(563,'Z6z_pWm4FoQ.jpg',NULL,0,'sonata.media.provider.image',1,'611c4790f1caf36d2ec6f5e921a5c17cd83787d8.jpeg','{\"filename\":\"Z6z_pWm4FoQ.jpg\"}',2560,1707,NULL,'image/jpeg',485312,NULL,NULL,'performance',NULL,NULL,NULL,'2015-06-06 16:59:49','2015-06-06 16:59:49'),(564,'bXDjvdvJ49U.jpg',NULL,0,'sonata.media.provider.image',1,'d790a0a285c5e0df054ebb11290c53df6bfe43a8.jpeg','{\"filename\":\"bXDjvdvJ49U.jpg\"}',2560,1707,NULL,'image/jpeg',990779,NULL,NULL,'performance',NULL,NULL,NULL,'2015-06-06 17:00:55','2015-06-06 17:00:55'),(565,'Gs5wsD0qAms.jpg',NULL,0,'sonata.media.provider.image',1,'277fa403013905c4769e064aa396940261b45bbe.jpeg','{\"filename\":\"Gs5wsD0qAms.jpg\"}',2560,1707,NULL,'image/jpeg',636627,NULL,NULL,'performance',NULL,NULL,NULL,'2015-06-06 17:01:51','2015-06-06 17:01:51'),(566,'11115884_930564760328692_1632082437_n.jpg',NULL,0,'sonata.media.provider.image',1,'91daf714e5edcb8b1c995947d37961dd8ede9f45.jpeg','{\"filename\":\"11115884_930564760328692_1632082437_n.jpg\"}',640,960,NULL,'image/jpeg',64361,NULL,NULL,'employee',NULL,NULL,NULL,'2015-06-13 17:50:55','2015-06-13 17:50:55'),(567,'11116048_930564723662029_1828437571_n.jpg',NULL,0,'sonata.media.provider.image',1,'5c98b51ca69440344b45e267783718e9b57c60b0.jpeg','{\"filename\":\"11116048_930564723662029_1828437571_n.jpg\"}',720,480,NULL,'image/jpeg',49378,NULL,NULL,'employee',NULL,NULL,NULL,'2015-06-13 17:51:29','2015-06-13 17:51:29'),(568,'11117793_930564706995364_2032431331_n.jpg',NULL,0,'sonata.media.provider.image',1,'9ab5e0d7503ef258f5cec543210ecbdab961039d.jpeg','{\"filename\":\"11117793_930564706995364_2032431331_n.jpg\"}',807,535,NULL,'image/jpeg',29116,NULL,NULL,'employee',NULL,NULL,NULL,'2015-06-13 17:51:39','2015-06-13 17:51:39'),(569,'11131957_930564800328688_1406129168_n.jpg',NULL,0,'sonata.media.provider.image',1,'3d1b3f5201b965c859275660b6683f361f88bc07.jpeg','{\"filename\":\"11131957_930564800328688_1406129168_n.jpg\"}',480,270,NULL,'image/jpeg',19013,NULL,NULL,'employee',NULL,NULL,NULL,'2015-06-13 17:51:49','2015-06-13 17:51:49'),(570,'57KufHu57lI.jpg',NULL,0,'sonata.media.provider.image',1,'87da02a458c2e4e480028376e52f63b0f3b98724.jpeg','{\"filename\":\"57KufHu57lI.jpg\"}',807,537,NULL,'image/jpeg',81524,NULL,NULL,'employee',NULL,NULL,NULL,'2015-06-13 17:55:22','2015-06-13 17:55:22'),(571,'1897756_623683007740898_3674666618371273645_n.jpg',NULL,0,'sonata.media.provider.image',1,'e52b97d991dee11da7022c4cf5d61759144c3aa2.jpeg','{\"filename\":\"1897756_623683007740898_3674666618371273645_n.jpg\"}',640,427,NULL,'image/jpeg',40744,NULL,NULL,'employee',NULL,NULL,NULL,'2015-06-13 17:55:36','2015-06-13 17:55:36'),(572,'10830647_772359949501801_7776207099322167414_o.jpg',NULL,0,'sonata.media.provider.image',1,'1dd4e1e89c63b0ec270db2c46df7b807ca7de4b4.jpeg','{\"filename\":\"10830647_772359949501801_7776207099322167414_o.jpg\"}',2048,1365,NULL,'image/jpeg',221697,NULL,NULL,'employee',NULL,NULL,NULL,'2015-06-13 17:55:42','2015-06-13 17:55:42'),(573,'IMG_5585.jpg',NULL,0,'sonata.media.provider.image',1,'adbb0a27de66c7989f376761759535a58cf7a450.jpeg','{\"filename\":\"IMG_5585.jpg\"}',2480,3591,NULL,'image/jpeg',6947885,NULL,NULL,'employee',NULL,NULL,NULL,'2015-06-13 17:55:55','2015-06-13 17:55:55'),(574,'IMG_9036.jpg',NULL,0,'sonata.media.provider.image',1,'b257f72b0aead3dad0da0d5277e651eda8830a6b.jpeg','{\"filename\":\"IMG_9036.jpg\"}',3591,2480,NULL,'image/jpeg',6247026,NULL,NULL,'employee',NULL,NULL,NULL,'2015-06-13 17:56:06','2015-06-13 17:56:06'),(575,'jF-OVBSsDq8.jpg',NULL,0,'sonata.media.provider.image',1,'6ecac9f0d599435ff4c7e0ad988ed7c55412e4e7.jpeg','{\"filename\":\"jF-OVBSsDq8.jpg\"}',603,807,NULL,'image/jpeg',107851,NULL,NULL,'employee',NULL,NULL,NULL,'2015-06-13 17:56:30','2015-06-13 17:56:30'),(576,'tmBExoyzV2o.jpg',NULL,0,'sonata.media.provider.image',1,'3b02de6be3ce1814df83396e417dbc89dc1ab7b3.jpeg','{\"filename\":\"tmBExoyzV2o.jpg\"}',1280,960,NULL,'image/jpeg',231975,NULL,NULL,'employee',NULL,NULL,NULL,'2015-06-13 17:56:44','2015-06-13 17:56:44'),(577,'TWs9qRE2qAA.jpg',NULL,0,'sonata.media.provider.image',1,'b073f595600b9ef95d6a982c5b5158e69beb8257.jpeg','{\"filename\":\"TWs9qRE2qAA.jpg\"}',1280,960,NULL,'image/jpeg',237688,NULL,NULL,'employee',NULL,NULL,NULL,'2015-06-13 17:56:55','2015-06-13 17:56:55'),(578,'VRubY6IGmzY.jpg',NULL,0,'sonata.media.provider.image',1,'363ff5f41ba4aededf3ff282b3ba971c231513c5.jpeg','{\"filename\":\"VRubY6IGmzY.jpg\"}',1280,960,NULL,'image/jpeg',194723,NULL,NULL,'employee',NULL,NULL,NULL,'2015-06-13 17:57:05','2015-06-13 17:57:05'),(579,'y_ed0b6775.jpg',NULL,0,'sonata.media.provider.image',1,'cdc8a37458e8f0cb5dffcce426a4091674151f85.jpeg','{\"filename\":\"y_ed0b6775.jpg\"}',640,544,NULL,'image/jpeg',95273,NULL,NULL,'employee',NULL,NULL,NULL,'2015-06-13 17:57:18','2015-06-13 17:57:18'),(580,'Фото0150.jpg',NULL,0,'sonata.media.provider.image',1,'2d5cec9990237c185bf19534196b1ae3c2fd15ab.jpeg','{\"filename\":\"\\u0424\\u043e\\u0442\\u043e0150.jpg\"}',2000,1200,NULL,'image/jpeg',648207,NULL,NULL,'employee',NULL,NULL,NULL,'2015-06-13 17:57:31','2015-06-13 17:57:31'),(581,'4nsN-9g3p8I.jpg',NULL,0,'sonata.media.provider.image',1,'8657b2b654adb56c3b9c21147f6bdea9e4eec53a.jpeg','{\"filename\":\"4nsN-9g3p8I.jpg\"}',448,298,NULL,'image/jpeg',19379,NULL,NULL,'employee',NULL,NULL,NULL,'2015-06-13 18:03:25','2015-06-13 18:03:25'),(582,'10903907_798542990216830_1661194918936966388_o.jpg',NULL,0,'sonata.media.provider.image',1,'1602efd7fc82d52930ac9e4afe946b3eb2f375a1.jpeg','{\"filename\":\"10903907_798542990216830_1661194918936966388_o.jpg\"}',1365,2048,NULL,'image/jpeg',675718,NULL,NULL,'employee',NULL,NULL,NULL,'2015-06-13 18:03:33','2015-06-13 18:03:33'),(583,'IMG_8994.jpg',NULL,0,'sonata.media.provider.image',1,'a54d7467cce766aa6c6d1fcba24b071543488520.jpeg','{\"filename\":\"IMG_8994.jpg\"}',3591,2480,NULL,'image/jpeg',8716941,NULL,NULL,'employee',NULL,NULL,NULL,'2015-06-13 18:03:43','2015-06-13 18:03:43'),(584,'J7y-i0TefuU.jpg',NULL,0,'sonata.media.provider.image',1,'d49349a6aace40d1477c14d4b92308d46d79ec39.jpeg','{\"filename\":\"J7y-i0TefuU.jpg\"}',590,800,NULL,'image/jpeg',77924,NULL,NULL,'employee',NULL,NULL,NULL,'2015-06-13 18:03:55','2015-06-13 18:03:55'),(585,'lvbhqsxxrAg.jpg',NULL,0,'sonata.media.provider.image',1,'5bf839895224a2c47fe63430e8cc3af8a7eb1be4.jpeg','{\"filename\":\"lvbhqsxxrAg.jpg\"}',640,426,NULL,'image/jpeg',30168,NULL,NULL,'employee',NULL,NULL,NULL,'2015-06-13 18:04:03','2015-06-13 18:04:03'),(586,'jGP_L0x1jT4.jpg',NULL,0,'sonata.media.provider.image',1,'99ee7d0b3058f32d1dfbb088edc09bcf9538888b.jpeg','{\"filename\":\"jGP_L0x1jT4.jpg\"}',1280,960,NULL,'image/jpeg',169912,NULL,NULL,'employee',NULL,NULL,NULL,'2015-06-13 18:04:13','2015-06-13 18:04:13'),(587,'JVXz4Y7B1tY.jpg',NULL,0,'sonata.media.provider.image',1,'c50fa0e2db3086256619b7e73362ea83fb30ebf2.jpeg','{\"filename\":\"JVXz4Y7B1tY.jpg\"}',807,605,NULL,'image/jpeg',79722,NULL,NULL,'employee',NULL,NULL,NULL,'2015-06-13 18:04:22','2015-06-13 18:04:22'),(588,'10623909_10200475793895250_1330827862202536462_o.jpg',NULL,0,'sonata.media.provider.image',1,'79ddf7abb3a392fe44e9064d246b56113885a4bc.jpeg','{\"filename\":\"10623909_10200475793895250_1330827862202536462_o.jpg\"}',2048,1365,NULL,'image/jpeg',70486,NULL,NULL,'employee',NULL,NULL,NULL,'2015-06-13 18:15:55','2015-06-13 18:15:55'),(589,'10662033_10200475794415263_5806083143540569046_o.jpg',NULL,0,'sonata.media.provider.image',1,'5851c639bc1b774c8e925f470c59a29c6a90d193.jpeg','{\"filename\":\"10662033_10200475794415263_5806083143540569046_o.jpg\"}',2048,1365,NULL,'image/jpeg',98131,NULL,NULL,'employee',NULL,NULL,NULL,'2015-06-13 18:16:04','2015-06-13 18:16:04'),(590,'FB_IMG_1426879130133.jpg',NULL,0,'sonata.media.provider.image',1,'70bf7f64e157f026906f5c1f4c2e91a4d0d0e6fd.jpeg','{\"filename\":\"FB_IMG_1426879130133.jpg\"}',720,480,NULL,'image/jpeg',14195,NULL,NULL,'employee',NULL,NULL,NULL,'2015-06-13 18:16:13','2015-06-13 18:16:13'),(591,'FB_IMG_1426879251286.jpg',NULL,0,'sonata.media.provider.image',1,'d018074d96d29d6a620bf41f4d3dae19bbd653ee.jpeg','{\"filename\":\"FB_IMG_1426879251286.jpg\"}',720,480,NULL,'image/jpeg',24053,NULL,NULL,'employee',NULL,NULL,NULL,'2015-06-13 18:16:22','2015-06-13 18:16:22'),(592,'FB_IMG_1426879255089.jpg',NULL,0,'sonata.media.provider.image',1,'584ef6629b265392d9022031cc09fca70eed9fbb.jpeg','{\"filename\":\"FB_IMG_1426879255089.jpg\"}',720,480,NULL,'image/jpeg',44432,NULL,NULL,'employee',NULL,NULL,NULL,'2015-06-13 18:16:31','2015-06-13 18:16:31'),(593,'6cff81ed2fd5fd02c6bfe5986e55231b_XL.jpg',NULL,0,'sonata.media.provider.image',1,'0253076621e44793aa011854e55c0920baebe6d9.jpeg','{\"filename\":\"6cff81ed2fd5fd02c6bfe5986e55231b_XL.jpg\"}',1066,691,NULL,'image/jpeg',309564,NULL,NULL,'employee',NULL,NULL,NULL,'2015-06-13 18:19:33','2015-06-13 18:19:33'),(594,'DSCN1017 г.jpg',NULL,0,'sonata.media.provider.image',1,'d403b19dd18f2fd668a01b6cf709223023bfb916.jpeg','{\"filename\":\"DSCN1017 \\u0433.jpg\"}',2217,3053,NULL,'image/jpeg',2454004,NULL,NULL,'employee',NULL,NULL,NULL,'2015-06-13 18:19:39','2015-06-13 18:19:39'),(595,'IMG_7674.JPG',NULL,0,'sonata.media.provider.image',1,'478ddafcccb82a433f6d998ec2d8e1dc09ffc298.jpeg','{\"filename\":\"IMG_7674.JPG\"}',2592,3888,NULL,'image/jpeg',3975184,NULL,NULL,'employee',NULL,NULL,NULL,'2015-06-13 18:19:47','2015-06-13 18:19:47'),(596,'10416724_479155112214892_2010120583_n.jpg',NULL,0,'sonata.media.provider.image',1,'605830ca525034741e951cb9b78477dbc6f8ffd7.jpeg','{\"filename\":\"10416724_479155112214892_2010120583_n.jpg\"}',960,640,NULL,'image/jpeg',62188,NULL,NULL,'employee',NULL,NULL,NULL,'2015-06-13 18:19:59','2015-06-13 18:19:59'),(597,'IMG_8000.JPG',NULL,0,'sonata.media.provider.image',1,'5caf5869ad2ff314eb7c2b9d86b2d769df2b5db4.jpeg','{\"filename\":\"IMG_8000.JPG\"}',2592,3888,NULL,'image/jpeg',4030673,NULL,NULL,'employee',NULL,NULL,NULL,'2015-06-13 18:20:09','2015-06-13 18:20:09'),(598,'IMG_8000.JPG',NULL,0,'sonata.media.provider.image',1,'09188396c951cccb83ba353964760b85a3537bc0.jpeg','{\"filename\":\"IMG_8000.JPG\"}',2592,3888,NULL,'image/jpeg',4030673,NULL,NULL,'employee',NULL,NULL,NULL,'2015-06-13 18:20:19','2015-06-13 18:20:19'),(599,'pXTR32ARXL4.jpg',NULL,0,'sonata.media.provider.image',1,'2bd78ddacac288dae8dcf0d52e747927c7a69723.jpeg','{\"filename\":\"pXTR32ARXL4.jpg\"}',1280,960,NULL,'image/jpeg',119176,NULL,NULL,'employee',NULL,NULL,NULL,'2015-06-13 18:20:29','2015-06-13 18:20:29'),(600,'11125321_874575902632180_3269082751122580192_o.jpg',NULL,0,'sonata.media.provider.image',1,'eed41386572372543623cfffa287132996461694.jpeg','{\"filename\":\"11125321_874575902632180_3269082751122580192_o.jpg\"}',2048,734,NULL,'image/jpeg',222907,NULL,NULL,'performance',NULL,NULL,NULL,'2015-06-13 18:24:13','2015-06-13 18:24:13'),(601,'scena-lyudstva-festival-2015.jpg',NULL,0,'sonata.media.provider.image',1,'7ec7b8778190ab672711f82c07c8e7998a86b8e5.jpeg','{\"filename\":\"scena-lyudstva-festival-2015.jpg\"}',892,436,NULL,'image/jpeg',127145,NULL,NULL,'history',NULL,NULL,NULL,'2015-06-15 04:44:05','2015-06-15 04:44:05'),(602,'524112_431896583505953_460609548_n.jpg',NULL,0,'sonata.media.provider.image',1,'46dccf723fbeded0cf6cb47db846fc4b0125793d.jpeg','{\"filename\":\"524112_431896583505953_460609548_n.jpg\"}',960,646,NULL,'image/jpeg',120014,NULL,NULL,'slider',NULL,NULL,NULL,'2015-06-30 16:28:19','2015-06-30 16:28:19'),(603,'524112_431896583505953_4606.jpg',NULL,0,'sonata.media.provider.image',1,'aadd68d398ca6b72ddcf46d4e2c81a7f279e0f06.jpeg','{\"filename\":\"524112_431896583505953_4606.jpg\"}',1000,673,NULL,'image/jpeg',147792,NULL,NULL,'slider',NULL,NULL,NULL,'2015-06-30 16:29:56','2015-06-30 16:29:56'),(604,'baner.jpg',NULL,0,'sonata.media.provider.image',1,'8640f3ed909f0612d182b4b5a4e0e262a83cfd5e.jpeg','{\"filename\":\"baner.jpg\"}',406,500,NULL,'image/jpeg',47395,NULL,NULL,'performance',NULL,NULL,NULL,'2015-06-30 16:35:26','2015-06-30 16:35:26'),(605,'fire.jpg',NULL,0,'sonata.media.provider.image',1,'bce8a5387e30356515abfb0068d9218be315d3bd.jpeg','{\"filename\":\"fire.jpg\"}',483,320,NULL,'image/jpeg',45511,NULL,NULL,'post',NULL,NULL,NULL,'2015-07-03 20:20:19','2015-07-03 20:20:19'),(606,'fire.jpg',NULL,0,'sonata.media.provider.image',1,'977e273014b46b7aedd494272c55e964c82e2e35.jpeg','{\"filename\":\"fire.jpg\"}',483,320,NULL,'image/jpeg',45511,NULL,NULL,'post',NULL,NULL,NULL,'2015-07-03 20:21:40','2015-07-03 20:21:40'),(607,'fire.jpg',NULL,0,'sonata.media.provider.image',1,'6a6f24eaae4bb6126aa1d2503324c197abd47ba6.jpeg','{\"filename\":\"fire.jpg\"}',483,320,NULL,'image/jpeg',45511,NULL,NULL,'post',NULL,NULL,NULL,'2015-07-03 20:21:54','2015-07-03 20:21:54'),(608,'IMG_7335.JPG',NULL,0,'sonata.media.provider.image',1,'f3766c9d3e9b6c9ce3fc7bd10eeee5eb400c73e0.jpeg','{\"filename\":\"IMG_7335.JPG\"}',3888,2592,NULL,'image/jpeg',3471762,NULL,NULL,'post',NULL,NULL,NULL,'2015-07-03 21:04:34','2015-07-03 21:04:34'),(609,'IMG_7335.JPG',NULL,0,'sonata.media.provider.image',1,'99a11f5a1955cd0da6726a18736a3dd205d82970.jpeg','{\"filename\":\"IMG_7335.JPG\"}',3888,2592,NULL,'image/jpeg',3471762,NULL,NULL,'post',NULL,NULL,NULL,'2015-07-03 21:04:39','2015-07-03 21:04:39'),(610,'IMG_7335.JPG',NULL,0,'sonata.media.provider.image',1,'555f11733dda81b07c64e3ef5bd0c085201117fc.jpeg','{\"filename\":\"IMG_7335.JPG\"}',3888,2592,NULL,'image/jpeg',3471762,NULL,NULL,'post',NULL,NULL,NULL,'2015-07-03 21:04:43','2015-07-03 21:04:43'),(611,'IMG_7335.JPG',NULL,0,'sonata.media.provider.image',1,'91b6ffec45abd744731b85c0ef8413758a7b5f20.jpeg','{\"filename\":\"IMG_7335.JPG\"}',3888,2592,NULL,'image/jpeg',3471762,NULL,NULL,'post',NULL,NULL,NULL,'2015-07-03 21:04:46','2015-07-03 21:04:46'),(612,'IMG_7335.JPG',NULL,0,'sonata.media.provider.image',1,'99e24935ae4a43cf44bd8af688eb11bae60f12ed.jpeg','{\"filename\":\"IMG_7335.JPG\"}',3888,2592,NULL,'image/jpeg',3471762,NULL,NULL,'post',NULL,NULL,NULL,'2015-07-03 21:04:50','2015-07-03 21:04:50'),(613,'IMG_7335.JPG',NULL,0,'sonata.media.provider.image',1,'d23c5bb4828736470100b290dcc7821db1ff6364.jpeg','{\"filename\":\"IMG_7335.JPG\"}',3888,2592,NULL,'image/jpeg',3471762,NULL,NULL,'post',NULL,NULL,NULL,'2015-07-03 21:04:54','2015-07-03 21:04:54'),(614,'IMG_7335.JPG',NULL,0,'sonata.media.provider.image',1,'6bac172310939cce39358ac352f72d2f780f7f24.jpeg','{\"filename\":\"IMG_7335.JPG\"}',3888,2592,NULL,'image/jpeg',3471762,NULL,NULL,'post',NULL,NULL,NULL,'2015-07-03 21:04:57','2015-07-03 21:04:57'),(615,'IMG_7335.JPG',NULL,0,'sonata.media.provider.image',1,'0e57397883fee5cfda9babf9bbb332df2ec749e7.jpeg','{\"filename\":\"IMG_7335.JPG\"}',3888,2592,NULL,'image/jpeg',3471762,NULL,NULL,'post',NULL,NULL,NULL,'2015-07-03 21:05:52','2015-07-03 21:05:52'),(616,'07335.jpg',NULL,0,'sonata.media.provider.image',1,'523f2613389c913dd271738367999ae3ae348bcb.jpeg','{\"filename\":\"07335.jpg\"}',500,333,NULL,'image/jpeg',26424,NULL,NULL,'post',NULL,NULL,NULL,'2015-07-03 21:55:37','2015-07-03 21:55:37'),(617,'07335.jpg',NULL,0,'sonata.media.provider.image',1,'7aa8fe5cfb1c73771181a49c1b429c0d820b06ae.jpeg','{\"filename\":\"07335.jpg\"}',500,333,NULL,'image/jpeg',26424,NULL,NULL,'post',NULL,NULL,NULL,'2015-07-04 09:37:57','2015-07-04 09:37:57'),(618,'baner.jpg',NULL,0,'sonata.media.provider.image',1,'16e87c80c87a8a78dc8dcb55eaa168626bb16f15.jpeg','{\"filename\":\"baner.jpg\"}',333,500,NULL,'image/jpeg',33957,NULL,NULL,'performance',NULL,NULL,NULL,'2015-07-06 17:36:06','2015-07-06 17:36:06'),(619,'baner_g.jpg',NULL,0,'sonata.media.provider.image',1,'baf501fa37af06695b28904768fdef64a676547e.jpeg','{\"filename\":\"baner_g.jpg\"}',1500,1000,NULL,'image/jpeg',148620,NULL,NULL,'slider',NULL,NULL,NULL,'2015-07-06 17:36:12','2015-07-06 17:36:12'),(620,'baner.jpg',NULL,0,'sonata.media.provider.image',1,'ad32bab85279641bee7688841dbfd7402db81ffb.jpeg','{\"filename\":\"baner.jpg\"}',333,500,NULL,'image/jpeg',33957,NULL,NULL,'performance',NULL,NULL,NULL,'2015-07-06 17:38:08','2015-07-06 17:38:08'),(621,'baner_g.jpg',NULL,0,'sonata.media.provider.image',1,'0c602c3fc6343c885a7daa35113bf72e3fd1178e.jpeg','{\"filename\":\"baner_g.jpg\"}',1500,1000,NULL,'image/jpeg',148620,NULL,NULL,'slider',NULL,NULL,NULL,'2015-07-06 17:38:13','2015-07-06 17:38:13'),(622,'IMG_3223.JPG',NULL,0,'sonata.media.provider.image',1,'3b1a725d76389e7c9dfa52dc90790f3ffaafa549.jpeg','{\"filename\":\"IMG_3223.JPG\"}',533,800,NULL,'image/jpeg',70078,NULL,NULL,'performance',NULL,NULL,NULL,'2015-07-06 17:41:08','2015-07-06 17:41:08'),(623,'IMG_3273.JPG',NULL,0,'sonata.media.provider.image',1,'7288defb99b2c22769efba45df029a189508d1ba.jpeg','{\"filename\":\"IMG_3273.JPG\"}',800,533,NULL,'image/jpeg',58268,NULL,NULL,'performance',NULL,NULL,NULL,'2015-07-06 17:41:17','2015-07-06 17:41:17'),(624,'IMG_3282.JPG',NULL,0,'sonata.media.provider.image',1,'2500e4792cc71b4c0d38b66f2fb6a78fbf35ebef.jpeg','{\"filename\":\"IMG_3282.JPG\"}',800,533,NULL,'image/jpeg',52252,NULL,NULL,'performance',NULL,NULL,NULL,'2015-07-06 17:41:24','2015-07-06 17:41:24'),(625,'IMG_3427.JPG',NULL,0,'sonata.media.provider.image',1,'b0a31d73dda3f33564385b99a0ded97c8a1b7f25.jpeg','{\"filename\":\"IMG_3427.JPG\"}',800,533,NULL,'image/jpeg',59596,NULL,NULL,'performance',NULL,NULL,NULL,'2015-07-06 17:41:31','2015-07-06 17:41:31'),(626,'baner.jpg',NULL,0,'sonata.media.provider.image',1,'11ca690508d5f3003063c0eebf9f598cae1552c2.jpeg','{\"filename\":\"baner.jpg\"}',333,500,NULL,'image/jpeg',33957,NULL,NULL,'performance',NULL,NULL,NULL,'2015-07-06 18:03:51','2015-07-06 18:03:51'),(627,'baner_g.jpg',NULL,0,'sonata.media.provider.image',1,'a9a4f6a281501fc195da70f929c3161e97e761af.jpeg','{\"filename\":\"baner_g.jpg\"}',1500,1000,NULL,'image/jpeg',148620,NULL,NULL,'slider',NULL,NULL,NULL,'2015-07-06 18:03:56','2015-07-06 18:03:56'),(628,'IMG_3223.JPG',NULL,0,'sonata.media.provider.image',1,'f4e4e8ceace0d0cf57c0fd9fcf3250c01b683b0a.jpeg','{\"filename\":\"IMG_3223.JPG\"}',533,800,NULL,'image/jpeg',70078,NULL,NULL,'performance',NULL,NULL,NULL,'2015-07-06 18:04:13','2015-07-06 18:04:13'),(629,'IMG_3273.JPG',NULL,0,'sonata.media.provider.image',1,'ee153486fbd3101be53eaf94aebcbdbb44097260.jpeg','{\"filename\":\"IMG_3273.JPG\"}',800,533,NULL,'image/jpeg',58268,NULL,NULL,'performance',NULL,NULL,NULL,'2015-07-06 18:04:22','2015-07-06 18:04:22'),(630,'IMG_3282.JPG',NULL,0,'sonata.media.provider.image',1,'1ed0b4b8bf4be4b54dab566b56d9ed0b831afbc4.jpeg','{\"filename\":\"IMG_3282.JPG\"}',800,533,NULL,'image/jpeg',52252,NULL,NULL,'performance',NULL,NULL,NULL,'2015-07-06 18:04:32','2015-07-06 18:04:32'),(631,'IMG_3427.JPG',NULL,0,'sonata.media.provider.image',1,'2b16320e70691b87551e17220f73f2e9dbc18126.jpeg','{\"filename\":\"IMG_3427.JPG\"}',800,533,NULL,'image/jpeg',59596,NULL,NULL,'performance',NULL,NULL,NULL,'2015-07-06 18:04:39','2015-07-06 18:04:39'),(632,'10566151_669208389835600_1340633493_o.jpg',NULL,0,'sonata.media.provider.image',1,'dc0ab1c56e4dbb30414cf58e475db75abf315cfb.jpeg','{\"filename\":\"10566151_669208389835600_1340633493_o.jpg\"}',2048,737,NULL,'image/jpeg',170002,NULL,NULL,'slider',NULL,NULL,NULL,'2015-07-16 14:53:43','2015-07-16 14:53:43'),(633,'Selection_034.png',NULL,0,'sonata.media.provider.image',1,'77b0a27061ff61f8d86693bc66c210a606444c2b.png','{\"filename\":\"Selection_034.png\"}',386,249,NULL,'image/png',15184,NULL,NULL,'employee',NULL,NULL,NULL,'2015-08-30 14:37:47','2015-08-30 14:37:47'),(634,'на Рівне А4 вичитка.jpg',NULL,0,'sonata.media.provider.image',1,'829d7bc371db5a2d16745d561d08341e8f4dd68b.jpeg','{\"filename\":\"\\u043d\\u0430 \\u0420\\u0456\\u0432\\u043d\\u0435 \\u04104 \\u0432\\u0438\\u0447\\u0438\\u0442\\u043a\\u0430.jpg\"}',3509,2482,NULL,'image/jpeg',3818476,NULL,NULL,'post',0,NULL,NULL,'2015-08-30 23:57:31','2015-08-30 23:42:23'),(635,'635161_1_w_1000.jpg',NULL,0,'sonata.media.provider.image',1,'cb63795a6c3ed50fe96d09a67d113060cfe78532.jpeg','{\"filename\":\"635161_1_w_1000.jpg\"}',1000,1509,NULL,'image/jpeg',1328253,NULL,NULL,'post',NULL,NULL,NULL,'2015-09-09 18:23:12','2015-09-09 18:23:12'),(636,'39574_600.jpg',NULL,0,'sonata.media.provider.image',1,'15fbe2e20677ca2235620687aa2553865e806d04.jpeg','{\"filename\":\"39574_600.jpg\"}',600,400,NULL,'image/jpeg',75797,NULL,NULL,'post',NULL,NULL,NULL,'2015-09-09 18:24:05','2015-09-09 18:24:05'),(637,'635161_1_w_1000.jpg',NULL,0,'sonata.media.provider.image',1,'a1db317287fd06b1d6a655f206c591e847fca188.jpeg','{\"filename\":\"635161_1_w_1000.jpg\"}',1000,1509,NULL,'image/jpeg',1328253,NULL,NULL,'post',NULL,NULL,NULL,'2015-09-09 18:24:21','2015-09-09 18:24:21'),(638,'39574_600.jpg',NULL,0,'sonata.media.provider.image',1,'2f63e0333e97a76f6d09757edb81092e64667dfa.jpeg','{\"filename\":\"39574_600.jpg\"}',600,400,NULL,'image/jpeg',75797,NULL,NULL,'post',NULL,NULL,NULL,'2015-09-09 18:24:37','2015-09-09 18:24:37'),(639,'635161_1_w_1000.jpg',NULL,0,'sonata.media.provider.image',1,'8785aa429414e41fdbfb9d1695a7987e49d5293a.jpeg','{\"filename\":\"635161_1_w_1000.jpg\"}',1000,1509,NULL,'image/jpeg',1328253,NULL,NULL,'post',NULL,NULL,NULL,'2015-09-09 18:25:58','2015-09-09 18:25:58'),(640,'635161_1_w_1000.jpg',NULL,0,'sonata.media.provider.image',1,'1834fa87f2b335c27f3cd7a5ff91f8783e33d974.jpeg','{\"filename\":\"635161_1_w_1000.jpg\"}',1000,1509,NULL,'image/jpeg',1328253,NULL,NULL,'post',NULL,NULL,NULL,'2015-09-09 18:31:32','2015-09-09 18:31:32'),(641,'док 1.jpg',NULL,0,'sonata.media.provider.image',1,'768287c16b57fe29abd9d36b84a9ceea34f7515e.jpeg','{\"filename\":\"\\u0434\\u043e\\u043a 1.jpg\"}',1275,1755,NULL,'image/jpeg',209027,NULL,NULL,'post',NULL,NULL,NULL,'2015-09-09 18:32:55','2015-09-09 18:32:55'),(642,'док 2.jpg',NULL,0,'sonata.media.provider.image',1,'45e7d4c935c8254d6df029d0c01a6c439bd62360.jpeg','{\"filename\":\"\\u0434\\u043e\\u043a 2.jpg\"}',1275,1755,NULL,'image/jpeg',146946,NULL,NULL,'post',NULL,NULL,NULL,'2015-09-09 18:33:53','2015-09-09 18:33:53'),(643,'док 3.jpg',NULL,0,'sonata.media.provider.image',1,'d3d091e34f6378a4b8535de271e4623a009c8ef6.jpeg','{\"filename\":\"\\u0434\\u043e\\u043a 3.jpg\"}',1275,1755,NULL,'image/jpeg',144792,NULL,NULL,'post',NULL,NULL,NULL,'2015-09-09 18:34:15','2015-09-09 18:34:15'),(644,'док 4.jpg',NULL,0,'sonata.media.provider.image',1,'5e5d2c0b4258da50aa941e98e9dd0eeea7b4e053.jpeg','{\"filename\":\"\\u0434\\u043e\\u043a 4.jpg\"}',1275,1755,NULL,'image/jpeg',335533,NULL,NULL,'post',NULL,NULL,NULL,'2015-09-09 18:34:35','2015-09-09 18:34:35'),(645,'111.jpg',NULL,0,'sonata.media.provider.image',1,'11960c2a9f27349a4251a13ca00812026c0cefcf.jpeg','{\"filename\":\"111.jpg\"}',1000,1509,NULL,'image/jpeg',1328253,NULL,NULL,'post',NULL,NULL,NULL,'2015-09-09 18:42:17','2015-09-09 18:42:17'),(646,'1.jpg',NULL,0,'sonata.media.provider.image',1,'c2cc06d5dc1eb0e98709ca38716dd394129168d5.jpeg','{\"filename\":\"1.jpg\"}',1275,1755,NULL,'image/jpeg',209027,NULL,NULL,'post',0,NULL,NULL,'2015-09-14 12:30:18','2015-09-09 18:42:54'),(647,'2.jpg',NULL,0,'sonata.media.provider.image',1,'9d27d50a1bf6ffe5632920ee610eb85255612494.jpeg','{\"filename\":\"2.jpg\"}',1275,1755,NULL,'image/jpeg',146946,NULL,NULL,'post',NULL,NULL,NULL,'2015-09-09 18:44:30','2015-09-09 18:44:30'),(648,'3.jpg',NULL,0,'sonata.media.provider.image',1,'41be4a5e02197994ea72a17f7fae9053b041da53.jpeg','{\"filename\":\"3.jpg\"}',1275,1755,NULL,'image/jpeg',144792,NULL,NULL,'post',NULL,NULL,NULL,'2015-09-09 18:44:49','2015-09-09 18:44:49'),(649,'4.jpg',NULL,0,'sonata.media.provider.image',1,'15401522bbba394c08ea92323462348162f9e1de.jpeg','{\"filename\":\"4.jpg\"}',1275,1755,NULL,'image/jpeg',335533,NULL,NULL,'post',NULL,NULL,NULL,'2015-09-09 18:45:02','2015-09-09 18:45:02'),(650,'113.jpg',NULL,0,'sonata.media.provider.image',1,'fff7c9cfdcb44215f91a37f05dc67bdb001eb5dc.jpeg','{\"filename\":\"113.jpg\"}',604,403,NULL,'image/jpeg',85936,NULL,NULL,'post',NULL,NULL,NULL,'2015-09-09 20:48:30','2015-09-09 20:48:30'),(651,'1.jpg',NULL,0,'sonata.media.provider.image',1,'c0b6a5e825ab1a6c2e9aead817cf119b5040ab7a.jpeg','{\"filename\":\"1.jpg\"}',1275,1755,NULL,'image/jpeg',209027,NULL,NULL,'post',NULL,NULL,NULL,'2015-09-14 12:30:44','2015-09-14 12:30:44'),(652,'1.jpg',NULL,0,'sonata.media.provider.image',1,'8fe94a48f202614712917ce448e64e2f981cc993.jpeg','{\"filename\":\"1.jpg\"}',1275,1755,NULL,'image/jpeg',209027,NULL,NULL,'post',NULL,NULL,NULL,'2015-09-14 12:31:56','2015-09-14 12:31:56'),(653,'1.jpg',NULL,0,'sonata.media.provider.image',1,'213b83a1bc3acb80ce2104e8625d4109ca81db7a.jpeg','{\"filename\":\"1.jpg\"}',1275,1755,NULL,'image/jpeg',209027,NULL,NULL,'post',NULL,NULL,NULL,'2015-09-14 12:32:50','2015-09-14 12:32:50'),(654,'maxresdefault.jpg',NULL,0,'sonata.media.provider.image',1,'e595b05c55aab2a34a0a7d2227fe319aa68e14da.jpeg','{\"filename\":\"maxresdefault.jpg\"}',1895,1063,NULL,'image/jpeg',244119,NULL,NULL,'post',NULL,NULL,NULL,'2015-09-14 17:22:43','2015-09-14 17:22:43'),(655,'maxresdefault.jpg',NULL,0,'sonata.media.provider.image',1,'12e7b3432c468a4031c579bbf822e7c17ab016fa.jpeg','{\"filename\":\"maxresdefault.jpg\"}',1895,1063,NULL,'image/jpeg',244119,NULL,NULL,'post',NULL,NULL,NULL,'2015-09-14 17:34:12','2015-09-14 17:34:12'),(656,'970844_10151834645933745_1691886006_n.jpg',NULL,0,'sonata.media.provider.image',1,'a0d8eb56025c9815d1201926cf11e5153d7c7985.jpeg','{\"filename\":\"970844_10151834645933745_1691886006_n.jpg\"}',960,658,NULL,'image/jpeg',110594,NULL,NULL,'performance',NULL,NULL,NULL,'2015-09-16 09:36:29','2015-09-16 09:36:29'),(657,'994535_10151834641168745_1912416525_n.jpg',NULL,0,'sonata.media.provider.image',1,'239ef28c4d6c10234f0f11d16237901d7e6b4e63.jpeg','{\"filename\":\"994535_10151834641168745_1912416525_n.jpg\"}',960,714,NULL,'image/jpeg',61814,NULL,NULL,'performance',NULL,NULL,NULL,'2015-09-16 09:36:43','2015-09-16 09:36:43'),(658,'1012246_10151834642883745_455580688_n.jpg',NULL,0,'sonata.media.provider.image',1,'98f819e8f627637f5b6511edb8464d74b08aa44c.jpeg','{\"filename\":\"1012246_10151834642883745_455580688_n.jpg\"}',960,740,NULL,'image/jpeg',82382,NULL,NULL,'performance',NULL,NULL,NULL,'2015-09-16 09:36:54','2015-09-16 09:36:54'),(659,'Куриленко_А.jpg',NULL,0,'sonata.media.provider.image',1,'90dfd410132332ef6822b12eef93ea97d4274275.jpeg','{\"filename\":\"\\u041a\\u0443\\u0440\\u0438\\u043b\\u0435\\u043d\\u043a\\u043e_\\u0410.jpg\"}',720,960,NULL,'image/jpeg',53293,NULL,NULL,'employee',NULL,NULL,NULL,'2015-09-16 09:49:53','2015-09-16 09:49:53'),(660,'Куриленко_А.jpg',NULL,0,'sonata.media.provider.image',1,'244480cb803b974bfa9707df67d22bd13fa5c4f3.jpeg','{\"filename\":\"\\u041a\\u0443\\u0440\\u0438\\u043b\\u0435\\u043d\\u043a\\u043e_\\u0410.jpg\"}',720,960,NULL,'image/jpeg',53293,NULL,NULL,'employee',NULL,NULL,NULL,'2015-09-16 10:42:22','2015-09-16 10:42:22'),(661,'anna-kyrulenko.jpg',NULL,0,'sonata.media.provider.image',1,'bbd1b5f17b7688d1ea1a6fd6333980ec6bd8159d.jpeg','{\"filename\":\"anna-kyrulenko.jpg\"}',720,960,NULL,'image/jpeg',53293,NULL,NULL,'employee',NULL,NULL,NULL,'2015-09-16 10:52:53','2015-09-16 10:52:53'),(662,'anna-kyrulenko.jpg',NULL,0,'sonata.media.provider.image',1,'41e14e627915b861447779b3c37a58cfe824f34c.jpeg','{\"filename\":\"anna-kyrulenko.jpg\"}',720,960,NULL,'image/jpeg',53293,NULL,NULL,'employee',NULL,NULL,NULL,'2015-09-16 10:59:00','2015-09-16 10:59:00'),(663,'10401457_632531856828569_1589339212073358305_n.jpg',NULL,0,'sonata.media.provider.image',1,'2fac3811391a6ec7b4e91c1b51581059cf70608b.jpeg','{\"filename\":\"10401457_632531856828569_1589339212073358305_n.jpg\"}',549,960,NULL,'image/jpeg',44488,NULL,NULL,'performance',NULL,NULL,NULL,'2015-09-16 11:01:34','2015-09-16 11:01:34'),(664,'10428349_593652674082564_6744241965422887260_o.jpg',NULL,0,'sonata.media.provider.image',1,'21223c5e7f3b79a99326d005d65e2ad8874f76e3.jpeg','{\"filename\":\"10428349_593652674082564_6744241965422887260_o.jpg\"}',636,960,NULL,'image/jpeg',64005,NULL,NULL,'performance',NULL,NULL,NULL,'2015-09-16 11:01:48','2015-09-16 11:01:48'),(665,'dramteatr_scena_ludstva_2014.jpg',NULL,0,'sonata.media.provider.image',1,'92f8530481f39be611c03fefcca37ccde595ee26.jpeg','{\"filename\":\"dramteatr_scena_ludstva_2014.jpg\"}',1576,2206,NULL,'image/jpeg',518165,NULL,NULL,'history',NULL,NULL,NULL,'2015-09-16 11:10:05','2015-09-16 11:10:05'),(666,'Zolote_kurcha_1.jpg',NULL,0,'sonata.media.provider.image',1,'a985d1b913bb0dcf0d1e539b8f720aa3a07405c9.jpeg','{\"filename\":\"Zolote_kurcha_1.jpg\"}',640,424,NULL,'image/jpeg',38049,NULL,NULL,'performance',NULL,NULL,NULL,'2015-09-16 14:33:44','2015-09-16 14:33:44'),(667,'Zolote_kurcha_2.jpg',NULL,0,'sonata.media.provider.image',1,'2efeb94e3ca1fbb9e834a6f7caeae5c3462e1d4b.jpeg','{\"filename\":\"Zolote_kurcha_2.jpg\"}',640,424,NULL,'image/jpeg',27861,NULL,NULL,'performance',NULL,NULL,NULL,'2015-09-16 14:34:16','2015-09-16 14:34:16'),(668,'Zolote_kurcha_3.jpg',NULL,0,'sonata.media.provider.image',1,'5f3ddc9ea46bafec2bf385805f8fa2ed9ae22d25.jpeg','{\"filename\":\"Zolote_kurcha_3.jpg\"}',640,424,NULL,'image/jpeg',23268,NULL,NULL,'performance',NULL,NULL,NULL,'2015-09-16 14:34:41','2015-09-16 14:34:41'),(669,'Zolote_kurcha_4.jpg',NULL,0,'sonata.media.provider.image',1,'2a4db5713d7e2cecd62a7e214f6f3bc424383730.jpeg','{\"filename\":\"Zolote_kurcha_4.jpg\"}',640,424,NULL,'image/jpeg',26248,NULL,NULL,'performance',NULL,NULL,NULL,'2015-09-16 14:35:14','2015-09-16 14:35:14'),(670,'nova_istoriya.jpg',NULL,0,'sonata.media.provider.image',1,'2e02f4b3ec55b7547650cf64825cd75b2d5df20b.jpeg','{\"filename\":\"nova_istoriya.jpg\"}',1448,2048,NULL,'image/jpeg',276304,NULL,NULL,'post',NULL,NULL,NULL,'2015-09-21 19:28:40','2015-09-21 19:28:40'),(671,'Afisha_fond.jpg',NULL,0,'sonata.media.provider.image',1,'2998ec238123f9c34679a3bbcd8114a4269c2291.jpeg','{\"filename\":\"Afisha_fond.jpg\"}',1448,2048,NULL,'image/jpeg',303887,NULL,NULL,'post',NULL,NULL,NULL,'2015-09-23 15:33:05','2015-09-23 15:33:05'),(672,'bilohalatnist1.jpg',NULL,0,'sonata.media.provider.image',1,'bc4f8f6c40c742159453cb2f1aa6b2273f95be58.jpeg','{\"filename\":\"bilohalatnist1.jpg\"}',500,750,NULL,'image/jpeg',75681,NULL,NULL,'performance',NULL,NULL,NULL,'2015-10-06 13:33:23','2015-10-06 13:33:23'),(673,'bilohalatnist2.jpg',NULL,0,'sonata.media.provider.image',1,'a39f55a592b8baa82e01957eb92f1a387a50469c.jpeg','{\"filename\":\"bilohalatnist2.jpg\"}',750,488,NULL,'image/jpeg',95793,NULL,NULL,'performance',NULL,NULL,NULL,'2015-10-06 13:33:36','2015-10-06 13:33:36'),(674,'bilohalatnist3.jpg',NULL,0,'sonata.media.provider.image',1,'4f4f7751d5160a064147cf19c89636428fb7b0b6.jpeg','{\"filename\":\"bilohalatnist3.jpg\"}',500,750,NULL,'image/jpeg',99542,NULL,NULL,'performance',NULL,NULL,NULL,'2015-10-06 13:33:53','2015-10-06 13:33:53'),(675,'bilohalatnist4.jpg',NULL,0,'sonata.media.provider.image',1,'f50e823d079ddb6da14dd97977bf17cbe152dc6e.jpeg','{\"filename\":\"bilohalatnist4.jpg\"}',750,500,NULL,'image/jpeg',79641,NULL,NULL,'performance',NULL,NULL,NULL,'2015-10-06 13:34:04','2015-10-06 13:34:04'),(676,'bilohalatnist5.jpg',NULL,0,'sonata.media.provider.image',1,'bba3ee318c2b552a79f7d7a5d4e57b7d2c1222f5.jpeg','{\"filename\":\"bilohalatnist5.jpg\"}',750,524,NULL,'image/jpeg',67945,NULL,NULL,'performance',NULL,NULL,NULL,'2015-10-06 13:34:16','2015-10-06 13:34:16'),(677,'bilohalatnist6.jpg',NULL,0,'sonata.media.provider.image',1,'3d337e302fe854265cdf7f86cb3d751f6aa20ee4.jpeg','{\"filename\":\"bilohalatnist6.jpg\"}',500,750,NULL,'image/jpeg',92231,NULL,NULL,'performance',NULL,NULL,NULL,'2015-10-06 13:34:27','2015-10-06 13:34:27'),(678,'bilohalatnist7.jpg',NULL,0,'sonata.media.provider.image',1,'c2ef1e004f5779a14f90e49b01b4aabc237afc28.jpeg','{\"filename\":\"bilohalatnist7.jpg\"}',750,500,NULL,'image/jpeg',90686,NULL,NULL,'performance',NULL,NULL,NULL,'2015-10-06 13:34:37','2015-10-06 13:34:37'),(679,'bilohalatnist8.jpg',NULL,0,'sonata.media.provider.image',1,'d22674814d0d2a2f6d723169fc7cb16bb4173363.jpeg','{\"filename\":\"bilohalatnist8.jpg\"}',500,750,NULL,'image/jpeg',80478,NULL,NULL,'performance',NULL,NULL,NULL,'2015-10-06 13:34:49','2015-10-06 13:34:49'),(680,'bilohalatnist9.jpg',NULL,0,'sonata.media.provider.image',1,'e01c35757ef7b7e9460c39734204d586d1516fee.jpeg','{\"filename\":\"bilohalatnist9.jpg\"}',750,500,NULL,'image/jpeg',60070,NULL,NULL,'performance',NULL,NULL,NULL,'2015-10-06 13:34:59','2015-10-06 13:34:59'),(681,'bilohalatnist10.jpg',NULL,0,'sonata.media.provider.image',1,'d6db41a6dc89a1e5fd97dca2444f4055ce0fcbac.jpeg','{\"filename\":\"bilohalatnist10.jpg\"}',750,500,NULL,'image/jpeg',59642,NULL,NULL,'performance',NULL,NULL,NULL,'2015-10-06 13:35:10','2015-10-06 13:35:10'),(682,'плакат А3.jpg',NULL,0,'sonata.media.provider.image',1,'eda723b7d15774bc96cd64e6164862f3daf6589d.jpeg','{\"filename\":\"\\u043f\\u043b\\u0430\\u043a\\u0430\\u0442 \\u04103.jpg\"}',2105,2977,NULL,'image/jpeg',460011,NULL,NULL,'post',NULL,NULL,NULL,'2015-10-21 13:31:27','2015-10-21 13:31:27'),(683,'teatr2.jpg',NULL,0,'sonata.media.provider.image',1,'f381e1602e88393bb2c23b814af2eca8f43066c8.jpeg','{\"filename\":\"teatr2.jpg\"}',488,410,NULL,'image/jpeg',33557,NULL,NULL,'post',NULL,NULL,NULL,'2015-12-07 12:21:17','2015-12-07 12:21:17'),(684,'наклейки новий рік 3000х1000.jpg',NULL,0,'sonata.media.provider.image',1,'12b23e164c60d2971333783b05ea219bf99f5d92.jpeg','{\"filename\":\"\\u043d\\u0430\\u043a\\u043b\\u0435\\u0439\\u043a\\u0438 \\u043d\\u043e\\u0432\\u0438\\u0439 \\u0440\\u0456\\u043a 3000\\u04451000.jpg\"}',2661,947,NULL,'image/jpeg',294896,NULL,NULL,'post',0,NULL,NULL,'2015-12-21 13:22:28','2015-12-21 13:08:12'),(685,'eUdwNVpfmwY.jpg',NULL,0,'sonata.media.provider.image',1,'65553bf8c6ab131e1bf8bb5a70c0e88a1c768805.jpeg','{\"filename\":\"eUdwNVpfmwY.jpg\"}',1280,960,NULL,'image/jpeg',207412,NULL,NULL,'performance',NULL,NULL,NULL,'2016-02-22 17:04:27','2016-02-22 17:04:27'),(686,'7fa751ad88345ff7bdf363504565310a.jpg',NULL,0,'sonata.media.provider.image',1,'aa1a5aab4d28809cbfd4168dc0fe7be1f2a621e9.jpeg','{\"filename\":\"7fa751ad88345ff7bdf363504565310a.jpg\"}',640,480,NULL,'image/jpeg',71707,NULL,NULL,'performance',NULL,NULL,NULL,'2016-02-22 17:05:00','2016-02-22 17:05:00'),(687,'bO14vY3H8bg.jpg',NULL,0,'sonata.media.provider.image',1,'fb88d33222b185f3f79ed5e2fc6e9680c29760d5.jpeg','{\"filename\":\"bO14vY3H8bg.jpg\"}',720,960,NULL,'image/jpeg',84439,NULL,NULL,'performance',NULL,NULL,NULL,'2016-02-22 17:05:22','2016-02-22 17:05:22'),(688,'hPw5VjrMl6U.jpg',NULL,0,'sonata.media.provider.image',1,'243e7467f77fa6e854b82857ef16749e2945366f.jpeg','{\"filename\":\"hPw5VjrMl6U.jpg\"}',960,720,NULL,'image/jpeg',61580,NULL,NULL,'performance',NULL,NULL,NULL,'2016-02-22 17:05:49','2016-02-22 17:05:49'),(689,'pqMu5FEYp-w.jpg',NULL,0,'sonata.media.provider.image',1,'ad08e58d7acdb05029ee84ca54fe12af6b92f7c3.jpeg','{\"filename\":\"pqMu5FEYp-w.jpg\"}',807,605,NULL,'image/jpeg',92018,NULL,NULL,'performance',NULL,NULL,NULL,'2016-02-22 17:06:06','2016-02-22 17:06:06'),(690,'SkhkrPhiSwQ.jpg',NULL,0,'sonata.media.provider.image',1,'cf468227f38b3794a1cc1f16721eb6232a78a6ef.jpeg','{\"filename\":\"SkhkrPhiSwQ.jpg\"}',1280,973,NULL,'image/jpeg',185206,NULL,NULL,'performance',NULL,NULL,NULL,'2016-02-22 17:06:23','2016-02-22 17:06:23'),(691,'SMBLwOBnIU0.jpg',NULL,0,'sonata.media.provider.image',1,'e27857cd917af6435d012d92ddfac66cfd2f351a.jpeg','{\"filename\":\"SMBLwOBnIU0.jpg\"}',1280,960,NULL,'image/jpeg',131518,NULL,NULL,'performance',NULL,NULL,NULL,'2016-02-22 17:06:41','2016-02-22 17:06:41'),(692,'twGRWhLKtAY.jpg',NULL,0,'sonata.media.provider.image',1,'d6c5571d690413c61cf676315048f6e367d3f48d.jpeg','{\"filename\":\"twGRWhLKtAY.jpg\"}',1280,853,NULL,'image/jpeg',115207,NULL,NULL,'performance',NULL,NULL,NULL,'2016-02-22 17:07:01','2016-02-22 17:07:01'),(693,'7fa751ad88345ff7bdf363504565310a.jpg',NULL,0,'sonata.media.provider.image',1,'f40ca343438a50fd115521d967aa25787f78f827.jpeg','{\"filename\":\"7fa751ad88345ff7bdf363504565310a.jpg\"}',640,480,NULL,'image/jpeg',71707,NULL,NULL,'slider',NULL,NULL,NULL,'2016-02-22 17:07:59','2016-02-22 17:07:59'),(694,'7fa751ad88345ff7bdf363504565310a.jpg',NULL,0,'sonata.media.provider.image',1,'9541bc84b1d079c4ec94b8bda6f204860d85ab52.jpeg','{\"filename\":\"7fa751ad88345ff7bdf363504565310a.jpg\"}',640,480,NULL,'image/jpeg',71707,NULL,NULL,'performance',NULL,NULL,NULL,'2016-02-22 17:11:22','2016-02-22 17:11:22'),(695,'y_9a4df4da.jpg',NULL,0,'sonata.media.provider.image',1,'d36611844421f0dd4513d45174dd0be48ed2c9ac.jpeg','{\"filename\":\"y_9a4df4da.jpg\"}',807,571,NULL,'image/jpeg',132652,NULL,NULL,'performance',NULL,NULL,NULL,'2016-02-22 17:12:37','2016-02-22 17:12:37'),(696,'y_90faa2cb.jpg',NULL,0,'sonata.media.provider.image',1,'30680f5053010e7333e8c79c4c63d954b2c1285d.jpeg','{\"filename\":\"y_90faa2cb.jpg\"}',807,571,NULL,'image/jpeg',125523,NULL,NULL,'performance',NULL,NULL,NULL,'2016-02-22 17:12:48','2016-02-22 17:12:48'),(697,'y_98d5ccf5.jpg',NULL,0,'sonata.media.provider.image',1,'15ab10aa4271ddfb5d398ddaa84741fcd206c020.jpeg','{\"filename\":\"y_98d5ccf5.jpg\"}',807,605,NULL,'image/jpeg',103070,NULL,NULL,'performance',NULL,NULL,NULL,'2016-02-22 17:13:01','2016-02-22 17:13:01'),(698,'y_145b17e1.jpg',NULL,0,'sonata.media.provider.image',1,'47917d55e13484e5eaa51ab2788e26b802f2441b.jpeg','{\"filename\":\"y_145b17e1.jpg\"}',807,605,NULL,'image/jpeg',140807,NULL,NULL,'performance',NULL,NULL,NULL,'2016-02-22 17:13:21','2016-02-22 17:13:21'),(699,'y_90faa2cb.jpg',NULL,0,'sonata.media.provider.image',1,'e84ec700760b9e1bc5ecc51398430387b159dfa7.jpeg','{\"filename\":\"y_90faa2cb.jpg\"}',807,571,NULL,'image/jpeg',125523,NULL,NULL,'performance',NULL,NULL,NULL,'2016-02-22 17:13:31','2016-02-22 17:13:31'),(700,'y_d544832c.jpg',NULL,0,'sonata.media.provider.image',1,'0915de6bf45f90728eb63309c0e4dac061b0c747.jpeg','{\"filename\":\"y_d544832c.jpg\"}',807,605,NULL,'image/jpeg',171021,NULL,NULL,'performance',NULL,NULL,NULL,'2016-02-22 17:14:00','2016-02-22 17:14:00'),(701,'y_9a4df4da.jpg',NULL,0,'sonata.media.provider.image',1,'e996f9cd5ac7aade641d5af5b06ac68bb9824c7f.jpeg','{\"filename\":\"y_9a4df4da.jpg\"}',807,571,NULL,'image/jpeg',132652,NULL,NULL,'performance',NULL,NULL,NULL,'2016-02-22 17:14:28','2016-02-22 17:14:28'),(702,'y_145b17e1.jpg',NULL,0,'sonata.media.provider.image',1,'42bd2eda6e812793efcf4befc51ee0ccff537c59.jpeg','{\"filename\":\"y_145b17e1.jpg\"}',807,605,NULL,'image/jpeg',140807,NULL,NULL,'performance',NULL,NULL,NULL,'2016-02-22 17:14:59','2016-02-22 17:14:59'),(703,'1426086404_img_7254.jpg',NULL,0,'sonata.media.provider.image',1,'904fe93c995dab12d2f65581827f64246fc7ce52.jpeg','{\"filename\":\"1426086404_img_7254.jpg\"}',800,533,NULL,'image/jpeg',181668,NULL,NULL,'performance',NULL,NULL,NULL,'2016-03-09 10:06:02','2016-03-09 10:06:02'),(704,'1426086404_img_7254.jpg',NULL,0,'sonata.media.provider.image',1,'1cf015c60c58057f6317e555487a75d0f610d445.jpeg','{\"filename\":\"1426086404_img_7254.jpg\"}',800,533,NULL,'image/jpeg',181668,NULL,NULL,'slider',NULL,NULL,NULL,'2016-03-09 10:10:32','2016-03-09 10:10:32'),(705,'14.jpg',NULL,0,'sonata.media.provider.image',1,'331cb711953560a57e72aa1aec28db12040bce6b.jpeg','{\"filename\":\"14.jpg\"}',800,533,NULL,'image/jpeg',181668,NULL,NULL,'slider',NULL,NULL,NULL,'2016-03-09 10:11:22','2016-03-09 10:11:22'),(706,'завантаження.jpg',NULL,0,'sonata.media.provider.image',1,'004efa68ba88957d5dddfb127866448d2412c699.jpeg','{\"filename\":\"\\u0437\\u0430\\u0432\\u0430\\u043d\\u0442\\u0430\\u0436\\u0435\\u043d\\u043d\\u044f.jpg\"}',275,183,NULL,'image/jpeg',5968,NULL,NULL,'performance',NULL,NULL,NULL,'2016-03-09 10:12:42','2016-03-09 10:12:42'),(707,'14.jpg',NULL,0,'sonata.media.provider.image',1,'8c1cbb8913e2a7a1ba472831fdfe96610acc12b6.jpeg','{\"filename\":\"14.jpg\"}',800,533,NULL,'image/jpeg',181668,NULL,NULL,'slider',NULL,NULL,NULL,'2016-03-09 10:13:11','2016-03-09 10:13:11'),(708,'14.jpg',NULL,0,'sonata.media.provider.image',1,'bfbc7646b0bfba37da4b50f486d1ad3857c75434.jpeg','{\"filename\":\"14.jpg\"}',800,533,NULL,'image/jpeg',181668,NULL,NULL,'slider',NULL,NULL,NULL,'2016-03-09 10:13:50','2016-03-09 10:13:50'),(709,'prisvyata-kobzarevi.8.jpg',NULL,0,'sonata.media.provider.image',1,'ec76e7d3961393ab01b56defb285187ed0f11b79.jpeg','{\"filename\":\"prisvyata-kobzarevi.8.jpg\"}',586,410,NULL,'image/jpeg',48801,NULL,NULL,'slider',NULL,NULL,NULL,'2016-03-09 10:15:21','2016-03-09 10:15:21'),(710,'14.jpg',NULL,0,'sonata.media.provider.image',1,'d3933d07f21fe29b6ee1fd44b1f0cff47b007624.jpeg','{\"filename\":\"14.jpg\"}',800,533,NULL,'image/jpeg',181668,NULL,NULL,'performance',NULL,NULL,NULL,'2016-03-09 10:15:42','2016-03-09 10:15:42'),(711,'y_d544832c.jpg',NULL,0,'sonata.media.provider.image',1,'2eaf3010d808c7e553e1951be1fb7c0647bf2f1b.jpeg','{\"filename\":\"y_d544832c.jpg\"}',807,605,NULL,'image/jpeg',171021,NULL,NULL,'post',NULL,NULL,NULL,'2016-03-17 09:58:18','2016-03-17 09:58:18'),(712,'1355232303_salernotango_template-02.png',NULL,0,'sonata.media.provider.image',1,'f4a7a83063c7857538d8a7420e1c9dbac65f106c.png','{\"filename\":\"1355232303_salernotango_template-02.png\"}',565,419,NULL,'image/png',435225,NULL,NULL,'post',NULL,NULL,NULL,'2016-03-17 10:04:54','2016-03-17 10:04:54'),(713,'7f.jpg',NULL,0,'sonata.media.provider.image',1,'d87533b0532bd425ba388acea92b140417a2a0ea.jpeg','{\"filename\":\"7f.jpg\"}',640,480,NULL,'image/jpeg',71707,NULL,NULL,'slider',NULL,NULL,NULL,'2016-03-17 10:33:10','2016-03-17 10:33:10'),(714,'hPw5VjrMl6U.jpg',NULL,0,'sonata.media.provider.image',1,'aa1c415eb94b7f709bf185b2a46e19e08db2b4be.jpeg','{\"filename\":\"hPw5VjrMl6U.jpg\"}',960,720,NULL,'image/jpeg',61580,NULL,NULL,'slider',NULL,NULL,NULL,'2016-03-17 11:38:57','2016-03-17 11:38:57'),(715,'7f.jpg',NULL,0,'sonata.media.provider.image',1,'c78168c048f0ef9ef3d7704df09b044251f15175.jpeg','{\"filename\":\"7f.jpg\"}',640,480,NULL,'image/jpeg',71707,NULL,NULL,'slider',NULL,NULL,NULL,'2016-03-17 11:41:02','2016-03-17 11:41:02'),(716,'7f.jpg',NULL,0,'sonata.media.provider.image',1,'6f856422d4b0609f2fe773a26adc8f6db2623bbd.jpeg','{\"filename\":\"7f.jpg\"}',640,480,NULL,'image/jpeg',71707,NULL,NULL,'performance',NULL,NULL,NULL,'2016-03-17 11:41:54','2016-03-17 11:41:54'),(717,'imgserver.jpg',NULL,0,'sonata.media.provider.image',1,'026587639e6bb9af2620c58fcffeaf90f18133a8.jpeg','{\"filename\":\"imgserver.jpg\"}',1500,1000,NULL,'image/jpeg',156941,NULL,NULL,'slider',NULL,NULL,NULL,'2016-03-17 15:24:04','2016-03-17 15:24:04'),(718,'imgserver.jpg',NULL,0,'sonata.media.provider.image',1,'3c3c88f9d4ba29309320fa551d7a2de81c1be007.jpeg','{\"filename\":\"imgserver.jpg\"}',1500,1000,NULL,'image/jpeg',156941,NULL,NULL,'slider',NULL,NULL,NULL,'2016-03-17 15:24:21','2016-03-17 15:24:21'),(719,'im.jpg',NULL,0,'sonata.media.provider.image',1,'f6f88cea7ba0da765e6e103d0b9a01a080522936.jpeg','{\"filename\":\"im.jpg\"}',1500,1000,NULL,'image/jpeg',156941,NULL,NULL,'slider',NULL,NULL,NULL,'2016-03-17 15:25:28','2016-03-17 15:25:28'),(720,'111.JPG',NULL,0,'sonata.media.provider.image',1,'24ae0249f7823a8d71dab22d9fc9d94e29d9aa83.jpeg','{\"filename\":\"111.JPG\"}',1500,1000,NULL,'image/jpeg',80817,NULL,NULL,'slider',NULL,NULL,NULL,'2016-03-17 15:34:18','2016-03-17 15:34:18'),(721,'111.JPG',NULL,0,'sonata.media.provider.image',1,'fb4bb47543a13b2e302a721a45239ca2de032b3d.jpeg','{\"filename\":\"111.JPG\"}',1500,1000,NULL,'image/jpeg',148266,NULL,NULL,'slider',NULL,NULL,NULL,'2016-03-17 15:37:55','2016-03-17 15:37:55'),(722,'222.jpg',NULL,0,'sonata.media.provider.image',1,'7062635c8845bd63ed465fdcf482343d102a13aa.jpeg','{\"filename\":\"222.jpg\"}',720,960,NULL,'image/jpeg',85507,NULL,NULL,'performance',NULL,NULL,NULL,'2016-03-25 11:50:15','2016-03-25 11:50:15'),(723,'111 (1500 x 1000).jpg',NULL,0,'sonata.media.provider.image',1,'4d3f8eec38c6cce60d42bc544b7b5fd7bbf986d2.jpeg','{\"filename\":\"111 (1500 x 1000).jpg\"}',1500,1000,NULL,'image/jpeg',245974,NULL,NULL,'slider',NULL,NULL,NULL,'2016-03-25 11:51:17','2016-03-25 11:51:17'),(724,'2121.jpg',NULL,0,'sonata.media.provider.image',1,'67e65dc38aa74d6e79e9e5d7cb05a2857c37ed3f.jpeg','{\"filename\":\"2121.jpg\"}',720,960,NULL,'image/jpeg',85507,NULL,NULL,'performance',NULL,NULL,NULL,'2016-03-25 11:52:39','2016-03-25 11:52:39'),(725,'12805661_834604110001174_8736456017782705057_n.jpg',NULL,0,'sonata.media.provider.image',1,'f0a75b56a5279e7a14bc4fee026268cf19e06977.jpeg','{\"filename\":\"12805661_834604110001174_8736456017782705057_n.jpg\"}',960,720,NULL,'image/jpeg',88995,NULL,NULL,'performance',NULL,NULL,NULL,'2016-03-25 11:53:15','2016-03-25 11:53:15'),(726,'танго1.jpg',NULL,0,'sonata.media.provider.image',1,'5157df84f3a6bccc6459b6eeb0a1442f8c8a6ea4.jpeg','{\"filename\":\"\\u0442\\u0430\\u043d\\u0433\\u043e1.jpg\"}',473,371,NULL,'image/jpeg',43747,NULL,NULL,'post',NULL,NULL,NULL,'2016-03-29 17:58:55','2016-03-29 17:58:55'),(727,'Мина_Мазайло (1000 x 600).jpg',NULL,0,'sonata.media.provider.image',1,'ad6afaa8188d3b17da1b48c5eb9b303af1939bff.jpeg','{\"filename\":\"\\u041c\\u0438\\u043d\\u0430_\\u041c\\u0430\\u0437\\u0430\\u0439\\u043b\\u043e (1000 x 600).jpg\"}',1000,600,NULL,'image/jpeg',87486,NULL,NULL,'post',NULL,NULL,NULL,'2016-03-29 18:34:05','2016-03-29 18:34:05'),(728,'13035578_1046197552136680_1961337845_o.jpg',NULL,0,'sonata.media.provider.image',1,'6d77222e601f042c335e9971cfe6877a39b27f55.jpeg','{\"filename\":\"13035578_1046197552136680_1961337845_o.jpg\"}',2048,1007,NULL,'image/jpeg',266700,NULL,NULL,'post',NULL,NULL,NULL,'2016-04-21 14:47:57','2016-04-21 14:47:57'),(729,'13035578_1046197552136680_1961337845_o.jpg',NULL,0,'sonata.media.provider.image',1,'229d8a76ac69051434a5986cbc490ecce50c6819.jpeg','{\"filename\":\"13035578_1046197552136680_1961337845_o.jpg\"}',2048,1007,NULL,'image/jpeg',266700,NULL,NULL,'history',NULL,NULL,NULL,'2016-04-21 14:51:13','2016-04-21 14:51:13'),(730,'104.JPG',NULL,0,'sonata.media.provider.image',1,'8dc57001f66236743a97c226bd3b283719bf0e74.jpeg','{\"filename\":\"104.JPG\"}',4752,3168,NULL,'image/jpeg',4980527,NULL,NULL,'employee',NULL,NULL,NULL,'2016-04-26 12:26:28','2016-04-26 12:26:28'),(731,'104_1.JPG',NULL,0,'sonata.media.provider.image',1,'8f530c6ab63722f92c675979599b8f898780b732.jpeg','{\"filename\":\"104_1.JPG\"}',3168,3801,NULL,'image/jpeg',3814701,NULL,NULL,'employee',NULL,NULL,NULL,'2016-04-26 12:35:21','2016-04-26 12:35:21'),(732,'Anna_Theatre_Afisha 9.JPG',NULL,0,'sonata.media.provider.image',1,'2288d6fa4b6c2434681ed72133b6e50146226860.jpeg','{\"filename\":\"Anna_Theatre_Afisha 9.JPG\"}',594,528,NULL,'image/jpeg',35226,NULL,NULL,'post',NULL,NULL,NULL,'2016-05-06 11:58:14','2016-05-06 11:58:14'),(733,'Anna_Theatre_Afisha 9.JPG',NULL,0,'sonata.media.provider.image',1,'616fe4076da20cbfc627d41e65803f4a398b6070.jpeg','{\"filename\":\"Anna_Theatre_Afisha 9.JPG\"}',890,594,NULL,'image/jpeg',45186,NULL,NULL,'post',NULL,NULL,NULL,'2016-05-06 12:03:53','2016-05-06 12:03:53'),(734,'Anna_Theatre_Afisha 9.JPG',NULL,0,'sonata.media.provider.image',1,'2aa265ed1b901a41c83e4a53f9f9c06d458d362a.jpeg','{\"filename\":\"Anna_Theatre_Afisha 9.JPG\"}',990,594,NULL,'image/jpeg',46085,NULL,NULL,'post',NULL,NULL,NULL,'2016-05-06 12:12:30','2016-05-06 12:12:30'),(735,'A4 (360 x 510).jpg',NULL,0,'sonata.media.provider.image',1,'c3e8d5a7eb9c8370abcd13d4a4062154a4e835b5.jpeg','{\"filename\":\"A4 (360 x 510).jpg\"}',809,512,NULL,'image/jpeg',36130,NULL,NULL,'post',NULL,NULL,NULL,'2016-05-11 15:56:05','2016-05-11 15:56:05'),(736,'eed41386572372543623cfffa287132996461694.jpeg',NULL,0,'sonata.media.provider.image',1,'d12fe272423802f8ea589d586bddf1e8eb4b3eb5.jpeg','{\"filename\":\"eed41386572372543623cfffa287132996461694.jpeg\"}',2048,734,NULL,'image/jpeg',222907,NULL,NULL,'post',NULL,NULL,NULL,'2016-05-17 17:38:06','2016-05-17 17:38:06'),(737,'Syniy_avtomobil.jpg',NULL,0,'sonata.media.provider.image',1,'aa798d4305aa44182a6a2c8771353f16beb42b23.jpeg','{\"filename\":\"Syniy_avtomobil.jpg\"}',1045,520,NULL,'image/jpeg',471992,NULL,NULL,'post',NULL,NULL,NULL,'2016-05-18 17:41:27','2016-05-18 17:41:27'),(738,'baner_Tango_Maryy_7_10_16.jpg',NULL,0,'sonata.media.provider.image',1,'f66c24c8b2b200e0ccb40158b722986bf586a54c.jpeg','{\"filename\":\"baner_Tango_Maryy_7_10_16.jpg\"}',1417,1417,NULL,'image/jpeg',2331845,NULL,NULL,'post',NULL,NULL,NULL,'2016-09-02 11:16:13','2016-09-02 11:16:13'),(739,'Безымянный.JPG',NULL,0,'sonata.media.provider.image',1,'a07221726aab025e4d8e5f9cc9d06f1e8272eaa7.jpeg','{\"filename\":\"\\u0411\\u0435\\u0437\\u044b\\u043c\\u044f\\u043d\\u043d\\u044b\\u0439.JPG\"}',1057,594,NULL,'image/jpeg',65141,NULL,NULL,'performance',NULL,NULL,NULL,'2016-09-02 11:46:08','2016-09-02 11:46:08'),(740,'Безымянный1.JPG',NULL,0,'sonata.media.provider.image',1,'d1e770db58afbae80b938fab7849e17db5378657.jpeg','{\"filename\":\"\\u0411\\u0435\\u0437\\u044b\\u043c\\u044f\\u043d\\u043d\\u044b\\u04391.JPG\"}',1417,1417,NULL,'image/jpeg',276784,NULL,NULL,'post',NULL,NULL,NULL,'2016-10-12 16:33:47','2016-10-12 16:33:47'),(741,'Мина_Мазайло (1000 x 600).jpg',NULL,0,'sonata.media.provider.image',1,'0eab7fe13bb8b50bd068e1d79c74c6b13cc8ff70.jpeg','{\"filename\":\"\\u041c\\u0438\\u043d\\u0430_\\u041c\\u0430\\u0437\\u0430\\u0439\\u043b\\u043e (1000 x 600).jpg\"}',1000,600,NULL,'image/jpeg',52127,NULL,NULL,'performance',NULL,NULL,NULL,'2016-10-21 12:37:44','2016-10-21 12:37:44'),(742,'Афиша Мина мазайло А2.jpg',NULL,0,'sonata.media.provider.image',1,'fc6f5933335ef31d21326130672b0be84011b3c0.jpeg','{\"filename\":\"\\u0410\\u0444\\u0438\\u0448\\u0430 \\u041c\\u0438\\u043d\\u0430 \\u043c\\u0430\\u0437\\u0430\\u0439\\u043b\\u043e \\u04102.jpg\"}',879,623,NULL,'image/jpeg',114494,NULL,NULL,'performance',NULL,NULL,NULL,'2016-11-22 08:43:24','2016-11-22 08:43:24'),(743,'Афиша Мина мазайло А2.jpg',NULL,0,'sonata.media.provider.image',1,'adbb55ffa055ee4ff4c9b2ba356c4760b888f334.jpeg','{\"filename\":\"\\u0410\\u0444\\u0438\\u0448\\u0430 \\u041c\\u0438\\u043d\\u0430 \\u043c\\u0430\\u0437\\u0430\\u0439\\u043b\\u043e \\u04102.jpg\"}',879,623,NULL,'image/jpeg',114494,NULL,NULL,'slider',NULL,NULL,NULL,'2016-11-22 08:43:48','2016-11-22 08:43:48'),(744,'imgonline-com-ua-resize-q2X63TQcZu2zyD.jpg',NULL,0,'sonata.media.provider.image',1,'ab1d3bb465d2569a4e515968b10c1394fede0633.jpeg','{\"filename\":\"imgonline-com-ua-resize-q2X63TQcZu2zyD.jpg\"}',705,500,NULL,'image/jpeg',200340,NULL,NULL,'slider',NULL,NULL,NULL,'2016-11-22 08:47:36','2016-11-22 08:47:36'),(745,'imgonline.jpg',NULL,0,'sonata.media.provider.image',1,'98fc804cd3f78f05c1baf3cfe9dd48b001f0830b.jpeg','{\"filename\":\"imgonline.jpg\"}',1411,1000,NULL,'image/jpeg',325638,NULL,NULL,'slider',NULL,NULL,NULL,'2016-11-22 08:51:22','2016-11-22 08:51:22'),(746,'imgonline-com.jpg',NULL,0,'sonata.media.provider.image',1,'9db31b719eda891f36b11744dd2ab5ca0d5731dd.jpeg','{\"filename\":\"imgonline-com.jpg\"}',1240,1754,NULL,'image/jpeg',361428,NULL,NULL,'performance',NULL,NULL,NULL,'2016-11-22 09:01:20','2016-11-22 09:01:20'),(747,'321.jpg',NULL,0,'sonata.media.provider.image',1,'c8ecb971ff6e435ce25429cecc0847b31efff3d4.jpeg','{\"filename\":\"321.jpg\"}',3508,2480,NULL,'image/jpeg',670343,NULL,NULL,'slider',NULL,NULL,NULL,'2016-11-22 09:57:51','2016-11-22 09:57:51'),(748,'VMTL0jAIprrnUc.jpg',NULL,0,'sonata.media.provider.image',1,'9215e04c10618f5ff37ee651a642a1ea2bf07350.jpeg','{\"filename\":\"VMTL0jAIprrnUc.jpg\"}',2480,3508,NULL,'image/jpeg',680372,NULL,NULL,'performance',NULL,NULL,NULL,'2016-11-22 09:58:12','2016-11-22 09:58:12'),(749,'111.JPG',NULL,0,'sonata.media.provider.image',1,'2cec0b08f3330727da5bc9d870a04b339d919c66.jpeg','{\"filename\":\"111.JPG\"}',1500,1000,NULL,'image/jpeg',148266,NULL,NULL,'post',NULL,NULL,NULL,'2017-01-11 14:21:29','2017-01-11 14:21:29'),(750,'theatre_masks.jpg',NULL,0,'sonata.media.provider.image',1,'6fcbec3daa9ef1597dfa90237f4586a39b7090df.jpeg','{\"filename\":\"theatre_masks.jpg\"}',600,477,NULL,'image/jpeg',43983,NULL,NULL,'post',NULL,NULL,NULL,'2017-01-14 12:36:28','2017-01-14 12:36:28'),(751,'Lastivka_Petro.jpg',NULL,0,'sonata.media.provider.image',1,'a2f80de8ab948ae59a15d362befbcd96e48d743d.jpeg','{\"filename\":\"Lastivka_Petro.jpg\"}',603,783,NULL,'image/jpeg',95580,NULL,NULL,'employee',NULL,NULL,NULL,'2017-02-08 17:39:31','2017-02-08 17:39:31'),(752,'Lastivka_Petro.jpg',NULL,0,'sonata.media.provider.image',1,'bf9704a0e0fbff6a731fdd9c0a355cf831f7c8af.jpeg','{\"filename\":\"Lastivka_Petro.jpg\"}',603,783,NULL,'image/jpeg',95580,NULL,NULL,'employee',NULL,NULL,NULL,'2017-02-09 09:52:39','2017-02-09 09:52:39'),(753,'Lastivka_Petro.jpg',NULL,0,'sonata.media.provider.image',1,'0340051197d383b330526cbe1ed3954089dbbaa5.jpeg','{\"filename\":\"Lastivka_Petro.jpg\"}',603,783,NULL,'image/jpeg',95580,NULL,NULL,'employee',NULL,NULL,NULL,'2017-02-09 09:57:58','2017-02-09 09:57:58'),(754,'Lastivka_Petro.jpg',NULL,0,'sonata.media.provider.image',1,'5a6d023d48e8c6a17fe249d80b02c06a7dd61fa1.jpeg','{\"filename\":\"Lastivka_Petro.jpg\"}',603,783,NULL,'image/jpeg',95580,NULL,NULL,'post',NULL,NULL,NULL,'2017-02-09 18:10:06','2017-02-09 18:10:06'),(755,'IMG_3506-e1486638742154.jpg',NULL,0,'sonata.media.provider.image',1,'83ae2a12e8426d050a3b15b2de90e8373509070c.jpeg','{\"filename\":\"IMG_3506-e1486638742154.jpg\"}',600,450,NULL,'image/jpeg',58087,NULL,NULL,'post',NULL,NULL,NULL,'2017-02-09 18:40:47','2017-02-09 18:40:47'),(756,'original-35da1cff0e910a9ab988ee744670f8cc.jpg',NULL,0,'sonata.media.provider.image',1,'c15817b9c1993bab7f93e9ec1b3ea55abb1790a3.jpeg','{\"filename\":\"original-35da1cff0e910a9ab988ee744670f8cc.jpg\"}',660,350,NULL,'image/jpeg',37635,NULL,NULL,'post',NULL,NULL,NULL,'2017-02-09 18:53:20','2017-02-09 18:53:20'),(757,'333.png',NULL,0,'sonata.media.provider.image',1,'03c0e8fe2ffbd95ffb387a169baeabf040d4bbd5.png','{\"filename\":\"333.png\"}',800,604,NULL,'image/png',25798,NULL,NULL,'post',NULL,NULL,NULL,'2017-02-09 20:00:44','2017-02-09 20:00:44'),(758,'увага.jpg',NULL,0,'sonata.media.provider.image',1,'9b180fbf6befe88580a28c9ee50b9a3b25c33f97.jpeg','{\"filename\":\"\\u0443\\u0432\\u0430\\u0433\\u0430.jpg\"}',1197,790,NULL,'image/jpeg',129174,NULL,NULL,'post',NULL,NULL,NULL,'2017-02-22 18:10:42','2017-02-22 18:10:42'),(759,'imgonline-com-ua-Resize-cbFZERt2Fq.jpg',NULL,0,'sonata.media.provider.image',1,'e740d432d1412c45d58da3b3a75e0a60f99a250d.jpeg','{\"filename\":\"imgonline-com-ua-Resize-cbFZERt2Fq.jpg\"}',1366,768,NULL,'image/jpeg',178975,NULL,NULL,'performance',NULL,NULL,NULL,'2017-02-24 09:38:59','2017-02-24 09:38:59'),(760,'imgonline-com-ua-Resize-cbFZERt2Fq.jpg',NULL,0,'sonata.media.provider.image',1,'6f4f0a790bb277fc6bb48f5f7a59e974b4e605d3.jpeg','{\"filename\":\"imgonline-com-ua-Resize-cbFZERt2Fq.jpg\"}',1366,768,NULL,'image/jpeg',178975,NULL,NULL,'slider',NULL,NULL,NULL,'2017-02-24 09:52:56','2017-02-24 09:52:56'),(761,'osyp-kurylas-portret-mykola-lysenko-450x602.jpg',NULL,0,'sonata.media.provider.image',1,'e59d83415bac6538d564bb5995192f238c9ac671.jpeg','{\"filename\":\"osyp-kurylas-portret-mykola-lysenko-450x602.jpg\"}',450,602,NULL,'image/jpeg',98983,NULL,NULL,'performance',NULL,NULL,NULL,'2017-02-24 09:53:09','2017-02-24 09:53:09'),(762,'333.png',NULL,0,'sonata.media.provider.image',1,'2f10c383fa116697fee59aa5917e7341fb0c630e.png','{\"filename\":\"333.png\"}',800,604,NULL,'image/png',25798,NULL,NULL,'post',NULL,NULL,NULL,'2017-02-27 13:43:34','2017-02-27 13:43:34'),(763,'0001.jpg',NULL,0,'sonata.media.provider.image',1,'5cb7e3fafbe14a7984742f34e04417a496120c29.jpeg','{\"filename\":\"0001.jpg\"}',3508,2481,NULL,'image/jpeg',339528,NULL,NULL,'post',NULL,NULL,NULL,'2017-03-02 13:44:23','2017-03-02 13:44:23'),(764,'2121.jpg',NULL,0,'sonata.media.provider.image',1,'6944644a3b8ae4ca78600fba19d48ee06363722c.jpeg','{\"filename\":\"2121.jpg\"}',1003,728,NULL,'image/jpeg',87828,NULL,NULL,'post',NULL,NULL,NULL,'2017-03-09 14:06:55','2017-03-09 14:06:55'),(765,'0001.jpg',NULL,0,'sonata.media.provider.image',1,'0ef9e266800b5bc4501981684e2ce9d261a11898.jpeg','{\"filename\":\"0001.jpg\"}',3508,2481,NULL,'image/jpeg',339528,NULL,NULL,'post',NULL,NULL,NULL,'2017-03-24 13:46:01','2017-03-24 13:46:01'),(766,'0001.jpg',NULL,0,'sonata.media.provider.image',1,'96dcb074e735966300c2e6e28ad135eb1759d40b.jpeg','{\"filename\":\"0001.jpg\"}',3508,2481,NULL,'image/jpeg',339528,NULL,NULL,'post',NULL,NULL,NULL,'2017-03-24 13:48:02','2017-03-24 13:48:02'),(767,'110.png',NULL,0,'sonata.media.provider.image',1,'9f7dfea3c41770c8cda602c1a21c1090e65232a0.png','{\"filename\":\"110.png\"}',1070,728,NULL,'image/png',109062,NULL,NULL,'post',NULL,NULL,NULL,'2017-03-24 18:12:11','2017-03-24 18:12:11'),(768,'2121.jpg',NULL,0,'sonata.media.provider.image',1,'3962804f8d549fc75f12309a78a5c16e7ed1f643.jpeg','{\"filename\":\"2121.jpg\"}',1003,728,NULL,'image/jpeg',87828,NULL,NULL,'post',NULL,NULL,NULL,'2017-03-30 12:54:27','2017-03-30 12:54:27'),(769,'1277770222_musbackgroundvector3-kopiya.jpg',NULL,0,'sonata.media.provider.image',1,'ee2eec97591e748ad1e52c16146432734325dc62.jpeg','{\"filename\":\"1277770222_musbackgroundvector3-kopiya.jpg\"}',500,386,NULL,'image/jpeg',65012,NULL,NULL,'performance',NULL,NULL,NULL,'2017-04-10 18:25:32','2017-04-10 18:25:32'),(770,'Безымянный-2.jpg',NULL,0,'sonata.media.provider.image',1,'7bcf7a108103457a70aade463accd1033e62124b.jpeg','{\"filename\":\"\\u0411\\u0435\\u0437\\u044b\\u043c\\u044f\\u043d\\u043d\\u044b\\u0439-2.jpg\"}',4227,2949,NULL,'image/jpeg',4339378,NULL,NULL,'performance',NULL,NULL,NULL,'2017-04-11 19:52:29','2017-04-11 19:52:29'),(771,'Ластівка.JPG',NULL,0,'sonata.media.provider.image',1,'e3bf2e7832fd36d27deb6a4478b75d216c2aac49.jpeg','{\"filename\":\"\\u041b\\u0430\\u0441\\u0442\\u0456\\u0432\\u043a\\u0430.JPG\"}',3000,4500,NULL,'image/jpeg',6872197,NULL,NULL,'employee',NULL,NULL,NULL,'2017-05-18 15:11:33','2017-05-18 15:11:33'),(772,'Наталка Полтавка 1.jpg',NULL,0,'sonata.media.provider.image',1,'d470613ff920c0604f7b2932f17246b21b38780c.jpeg','{\"filename\":\"\\u041d\\u0430\\u0442\\u0430\\u043b\\u043a\\u0430 \\u041f\\u043e\\u043b\\u0442\\u0430\\u0432\\u043a\\u0430 1.jpg\"}',3510,2482,NULL,'image/jpeg',5756814,NULL,NULL,'performance',NULL,NULL,NULL,'2017-05-20 17:28:02','2017-05-20 17:28:02'),(773,'Полтавка.jpg',NULL,0,'sonata.media.provider.image',1,'54977b075c77491dc64e1c72b97b3e7a771d6b58.jpeg','{\"filename\":\"\\u041f\\u043e\\u043b\\u0442\\u0430\\u0432\\u043a\\u0430.jpg\"}',960,576,NULL,'image/jpeg',75204,NULL,NULL,'slider',NULL,NULL,NULL,'2017-05-20 17:28:16','2017-05-20 17:28:16'),(774,'Полтавка1.jpg',NULL,0,'sonata.media.provider.image',1,'69b1b0c475138de79ce036e88620be3be5fce977.jpeg','{\"filename\":\"\\u041f\\u043e\\u043b\\u0442\\u0430\\u0432\\u043a\\u04301.jpg\"}',1280,768,NULL,'image/jpeg',185520,NULL,NULL,'slider',NULL,NULL,NULL,'2017-05-20 17:33:50','2017-05-20 17:33:50'),(775,'Дощ2.jpg',NULL,0,'sonata.media.provider.image',1,'6e042dfc10e5d0f4cc4d4fb2c3678ea3aef8e7f6.jpeg','{\"filename\":\"\\u0414\\u043e\\u04492.jpg\"}',3508,2482,NULL,'image/jpeg',2530744,NULL,NULL,'performance',NULL,NULL,NULL,'2017-05-20 17:35:57','2017-05-20 17:35:57'),(778,'ДощБанеркриві1.jpg',NULL,0,'sonata.media.provider.image',1,'f947ac46d68a7026de88f1beadf94353f772f5ec.jpeg','{\"filename\":\"\\u0414\\u043e\\u0449\\u0411\\u0430\\u043d\\u0435\\u0440\\u043a\\u0440\\u0438\\u0432\\u04561.jpg\"}',7017,2521,NULL,'image/jpeg',3066932,NULL,NULL,'slider',NULL,NULL,NULL,'2017-05-20 17:52:57','2017-05-20 17:52:57'),(779,'Наталка Полтавка Афіша криві 15 верс.jpg',NULL,0,'sonata.media.provider.image',1,'b6c517de9db8239af35c0013bcae5428e9b5b7b7.jpeg','{\"filename\":\"\\u041d\\u0430\\u0442\\u0430\\u043b\\u043a\\u0430 \\u041f\\u043e\\u043b\\u0442\\u0430\\u0432\\u043a\\u0430 \\u0410\\u0444\\u0456\\u0448\\u0430 \\u043a\\u0440\\u0438\\u0432\\u0456 15 \\u0432\\u0435\\u0440\\u0441.jpg\"}',2482,3510,NULL,'image/jpeg',6508642,NULL,NULL,'performance',NULL,NULL,NULL,'2017-05-20 17:57:02','2017-05-20 17:57:02'),(780,'Продавець_дошу.jpg',NULL,0,'sonata.media.provider.image',1,'238773115934e52d895cdcbc9c8caba5edf3aa14.jpeg','{\"filename\":\"\\u041f\\u0440\\u043e\\u0434\\u0430\\u0432\\u0435\\u0446\\u044c_\\u0434\\u043e\\u0448\\u0443.jpg\"}',1466,2048,NULL,'image/jpeg',298997,NULL,NULL,'performance',NULL,NULL,NULL,'2017-05-20 17:57:40','2017-05-20 17:57:40'),(781,'Наталка Полтавка 1.jpg',NULL,0,'sonata.media.provider.image',1,'01a4dc5aeb9a0638b672be7db34d81c1c2103b72.jpeg','{\"filename\":\"\\u041d\\u0430\\u0442\\u0430\\u043b\\u043a\\u0430 \\u041f\\u043e\\u043b\\u0442\\u0430\\u0432\\u043a\\u0430 1.jpg\"}',3510,2482,NULL,'image/jpeg',5756814,NULL,NULL,'post',NULL,NULL,NULL,'2017-05-20 18:09:50','2017-05-20 18:09:50'),(782,'Дощ2.jpg',NULL,0,'sonata.media.provider.image',1,'343a93a3a444773eaf9ac66203c9ae41a79e1f15.jpeg','{\"filename\":\"\\u0414\\u043e\\u04492.jpg\"}',3508,2482,NULL,'image/jpeg',2530744,NULL,NULL,'post',NULL,NULL,NULL,'2017-05-20 18:11:44','2017-05-20 18:11:44'),(783,'Наталка Полтавка Афіша криві 15 верс.jpg',NULL,0,'sonata.media.provider.image',1,'2a39ef6a0ea07426b7cd1660cba9e4fed01c8544.jpeg','{\"filename\":\"\\u041d\\u0430\\u0442\\u0430\\u043b\\u043a\\u0430 \\u041f\\u043e\\u043b\\u0442\\u0430\\u0432\\u043a\\u0430 \\u0410\\u0444\\u0456\\u0448\\u0430 \\u043a\\u0440\\u0438\\u0432\\u0456 15 \\u0432\\u0435\\u0440\\u0441.jpg\"}',2482,3510,NULL,'image/jpeg',6508642,NULL,NULL,'performance',NULL,NULL,NULL,'2017-05-20 18:13:07','2017-05-20 18:13:07'),(784,'Продавець_дошу.jpg',NULL,0,'sonata.media.provider.image',1,'de81ad331ebf5eadbf90bcc99c5e11e33fa53542.jpeg','{\"filename\":\"\\u041f\\u0440\\u043e\\u0434\\u0430\\u0432\\u0435\\u0446\\u044c_\\u0434\\u043e\\u0448\\u0443.jpg\"}',1466,2048,NULL,'image/jpeg',298997,NULL,NULL,'performance',NULL,NULL,NULL,'2017-05-20 18:13:42','2017-05-20 18:13:42'),(785,'флаєр та квиток3.jpg',NULL,0,'sonata.media.provider.image',1,'cb9e1fa66610d2140349578a419d6cb9a31d389b.jpeg','{\"filename\":\"\\u0444\\u043b\\u0430\\u0454\\u0440 \\u0442\\u0430 \\u043a\\u0432\\u0438\\u0442\\u043e\\u043a3.jpg\"}',3510,2482,NULL,'image/jpeg',2585719,NULL,NULL,'post',NULL,NULL,NULL,'2017-05-20 18:19:12','2017-05-20 18:19:12'),(786,'11111.jpeg',NULL,0,'sonata.media.provider.image',1,'25ce2e6bea47d4c3a0ef5ebf590047de90fe5bbb.jpeg','{\"filename\":\"11111.jpeg\"}',500,500,NULL,'image/jpeg',38160,NULL,NULL,'performance',NULL,NULL,NULL,'2017-05-21 22:08:21','2017-05-21 22:08:21'),(787,'танго.jpg',NULL,0,'sonata.media.provider.image',1,'337cec3002062f7b3e602bfdb1ffd73691d60529.jpeg','{\"filename\":\"\\u0442\\u0430\\u043d\\u0433\\u043e.jpg\"}',700,391,NULL,'image/jpeg',214193,NULL,NULL,'slider',NULL,NULL,NULL,'2017-05-21 22:08:33','2017-05-21 22:08:33'),(788,'танго2.jpg',NULL,0,'sonata.media.provider.image',1,'8142fa3720cac2efbe658a8f62b831d232756563.jpeg','{\"filename\":\"\\u0442\\u0430\\u043d\\u0433\\u043e2.jpg\"}',1366,763,NULL,'image/jpeg',176052,NULL,NULL,'slider',NULL,NULL,NULL,'2017-05-21 22:11:03','2017-05-21 22:11:03'),(789,'2121.jpg',NULL,0,'sonata.media.provider.image',1,'55fc903acd786cbb84bf4eb79256ed299765bb98.jpeg','{\"filename\":\"2121.jpg\"}',1003,728,NULL,'image/jpeg',87828,NULL,NULL,'post',NULL,NULL,NULL,'2017-06-13 13:50:19','2017-06-13 13:50:19'),(790,'Театр Європа А1.jpg',NULL,0,'sonata.media.provider.image',1,'2567aede9c978e43872bdd0a3c5a728ea60bc3b2.jpeg','{\"filename\":\"\\u0422\\u0435\\u0430\\u0442\\u0440 \\u0404\\u0432\\u0440\\u043e\\u043f\\u0430 \\u04101.jpg\"}',3278,2315,NULL,'image/jpeg',402235,NULL,NULL,'performance',NULL,NULL,NULL,'2017-07-03 12:03:49','2017-07-03 12:03:49'),(791,'Театр Європа А1.jpg',NULL,0,'sonata.media.provider.image',1,'e5ad4f78b60747c72c14270db53483c18df9ff13.jpeg','{\"filename\":\"\\u0422\\u0435\\u0430\\u0442\\u0440 \\u0404\\u0432\\u0440\\u043e\\u043f\\u0430 \\u04101.jpg\"}',3278,2315,NULL,'image/jpeg',402235,NULL,NULL,'slider',NULL,NULL,NULL,'2017-07-03 12:14:23','2017-07-03 12:14:23'),(792,'0001.jpg',NULL,0,'sonata.media.provider.image',1,'fce904303234ecbd6f0b21548b2c776c64876d1a.jpeg','{\"filename\":\"0001.jpg\"}',3508,2481,NULL,'image/jpeg',339528,NULL,NULL,'post',NULL,NULL,NULL,'2017-07-10 15:29:51','2017-07-10 15:29:51'),(793,'0001.jpg',NULL,0,'sonata.media.provider.image',1,'02b70b08da1edb0343557e12ac1993257c288a49.jpeg','{\"filename\":\"0001.jpg\"}',3508,2481,NULL,'image/jpeg',339528,NULL,NULL,'post',NULL,NULL,NULL,'2017-07-10 15:29:58','2017-07-10 15:29:58'),(794,'konkurs.jpeg',NULL,0,'sonata.media.provider.image',1,'bc38b0d0563b09b9c9e43357d60edae24f0114ee.jpeg','{\"filename\":\"konkurs.jpeg\"}',1003,728,NULL,'image/jpeg',87828,NULL,NULL,'post',NULL,NULL,NULL,'2017-08-16 20:36:59','2017-08-16 20:36:59'),(798,'БУВАЛЬЩИНА_сайт.jpg',NULL,0,'sonata.media.provider.image',1,'65d707ffd0e5270cd6c77264860b4de31fb84203.jpeg','{\"filename\":\"\\u0411\\u0423\\u0412\\u0410\\u041b\\u042c\\u0429\\u0418\\u041d\\u0410_\\u0441\\u0430\\u0439\\u0442.jpg\"}',3509,2483,NULL,'image/jpeg',2698162,NULL,NULL,'post',NULL,NULL,NULL,'2017-08-27 17:46:37','2017-08-27 17:46:37'),(799,'БУВАЛЬЩИНА_сайт.jpg',NULL,0,'sonata.media.provider.image',1,'0662ff14403dd6ba43b63cca9d6bc9c628ad093e.jpeg','{\"filename\":\"\\u0411\\u0423\\u0412\\u0410\\u041b\\u042c\\u0429\\u0418\\u041d\\u0410_\\u0441\\u0430\\u0439\\u0442.jpg\"}',3509,2483,NULL,'image/jpeg',2698162,NULL,NULL,'performance',NULL,NULL,NULL,'2017-08-27 17:51:45','2017-08-27 17:51:45'),(800,'БУВАЛЬЩИНА_сайт2.jpg',NULL,0,'sonata.media.provider.image',1,'dc55a1075d1c9e17c6a8e86f54bd223f1383f70b.jpeg','{\"filename\":\"\\u0411\\u0423\\u0412\\u0410\\u041b\\u042c\\u0429\\u0418\\u041d\\u0410_\\u0441\\u0430\\u0439\\u04422.jpg\"}',3509,2483,NULL,'image/jpeg',2544708,NULL,NULL,'performance',NULL,NULL,NULL,'2017-08-27 17:54:41','2017-08-27 17:54:41'),(801,'CBHJ];RF.jpg',NULL,0,'sonata.media.provider.image',1,'a77aff08656a5b9e8b5b5a17d51c5aad4d83993d.jpeg','{\"filename\":\"CBHJ];RF.jpg\"}',3509,2482,NULL,'image/jpeg',2360447,NULL,NULL,'performance',NULL,NULL,NULL,'2017-08-27 19:00:38','2017-08-27 19:00:38'),(802,'CBHJ];RF.jpg',NULL,0,'sonata.media.provider.image',1,'7d55520ec053554df94bed0af39b5882386979be.jpeg','{\"filename\":\"CBHJ];RF.jpg\"}',3509,2482,NULL,'image/jpeg',2360447,NULL,NULL,'performance',NULL,NULL,NULL,'2017-08-27 19:03:54','2017-08-27 19:03:54'),(803,'КОЗАЦЬКИЙ.jpg',NULL,0,'sonata.media.provider.image',1,'358f21a93c22e33d3d9d1bf18e89c433d87a7627.jpeg','{\"filename\":\"\\u041a\\u041e\\u0417\\u0410\\u0426\\u042c\\u041a\\u0418\\u0419.jpg\"}',3543,2481,NULL,'image/jpeg',2976183,NULL,NULL,'performance',NULL,NULL,NULL,'2017-08-27 19:21:15','2017-08-27 19:21:15'),(804,'SPF_0884.JPG',NULL,0,'sonata.media.provider.image',1,'a570174498b2d789051359ed27a5764c8200a814.jpeg','{\"filename\":\"SPF_0884.JPG\"}',4496,3000,NULL,'image/jpeg',8249906,NULL,NULL,'post',NULL,NULL,NULL,'2017-08-30 18:18:14','2017-08-30 18:18:14'),(805,'SVP_9262.JPG',NULL,0,'sonata.media.provider.image',1,'34e442173c66e5ef447458946dd47e5661b3967d.jpeg','{\"filename\":\"SVP_9262.JPG\"}',4512,3008,NULL,'image/jpeg',5676634,NULL,NULL,'post',NULL,NULL,NULL,'2017-08-30 18:18:47','2017-08-30 18:18:47'),(806,'Увага.jpg',NULL,0,'sonata.media.provider.image',1,'fce9f7703f73dd3b3f5f45afc10a9cb98abd88fd.jpeg','{\"filename\":\"\\u0423\\u0432\\u0430\\u0433\\u0430.jpg\"}',3512,2484,NULL,'image/jpeg',2483669,NULL,NULL,'post',NULL,NULL,NULL,'2017-09-03 23:19:26','2017-09-03 23:19:26'),(807,'Увага.jpg',NULL,0,'sonata.media.provider.image',1,'fc99ac376abd18d39885fa9e13ca2d155459f44c.jpeg','{\"filename\":\"\\u0423\\u0432\\u0430\\u0433\\u0430.jpg\"}',3512,2484,NULL,'image/jpeg',2483669,NULL,NULL,'post',NULL,NULL,NULL,'2017-09-03 23:19:31','2017-09-03 23:19:31'),(808,'вересень-жовтень.jpg',NULL,0,'sonata.media.provider.image',1,'353258a4c3d1e444dc9b678a7a6fd09dbd703d33.jpeg','{\"filename\":\"\\u0432\\u0435\\u0440\\u0435\\u0441\\u0435\\u043d\\u044c-\\u0436\\u043e\\u0432\\u0442\\u0435\\u043d\\u044c.jpg\"}',2482,3508,NULL,'image/jpeg',3459358,NULL,NULL,'post',NULL,NULL,NULL,'2017-09-03 23:19:56','2017-09-03 23:19:56'),(809,'Безымянный-1.jpg',NULL,0,'sonata.media.provider.image',1,'b735cafcc2975db8f9ce66cfa4ba11d5b9ece1cc.jpeg','{\"filename\":\"\\u0411\\u0435\\u0437\\u044b\\u043c\\u044f\\u043d\\u043d\\u044b\\u0439-1.jpg\"}',3509,2482,NULL,'image/jpeg',2427715,NULL,NULL,'post',NULL,NULL,NULL,'2017-09-07 20:11:21','2017-09-07 20:11:21'),(810,'Безымянный-1.jpg',NULL,0,'sonata.media.provider.image',1,'51cce3e6e887c951aef964edbfe0b6a24c1de34a.jpeg','{\"filename\":\"\\u0411\\u0435\\u0437\\u044b\\u043c\\u044f\\u043d\\u043d\\u044b\\u0439-1.jpg\"}',3509,2482,NULL,'image/jpeg',2427715,NULL,NULL,'post',NULL,NULL,NULL,'2017-09-07 20:11:28','2017-09-07 20:11:28'),(811,'Безымянный-2.jpg',NULL,0,'sonata.media.provider.image',1,'8eb1091e21f130e63088b675b4bf16a190690394.jpeg','{\"filename\":\"\\u0411\\u0435\\u0437\\u044b\\u043c\\u044f\\u043d\\u043d\\u044b\\u0439-2.jpg\"}',3509,2481,NULL,'image/jpeg',2361236,NULL,NULL,'post',NULL,NULL,NULL,'2017-09-07 20:17:36','2017-09-07 20:17:36'),(812,'Безымянный-2.jpg',NULL,0,'sonata.media.provider.image',1,'5ca0b332ad119075fea8635c5be755eee4b77bba.jpeg','{\"filename\":\"\\u0411\\u0435\\u0437\\u044b\\u043c\\u044f\\u043d\\u043d\\u044b\\u0439-2.jpg\"}',3509,2481,NULL,'image/jpeg',2361236,NULL,NULL,'post',NULL,NULL,NULL,'2017-09-07 20:17:39','2017-09-07 20:17:39'),(813,'Безымянный-2.jpg',NULL,0,'sonata.media.provider.image',1,'0d3dd8db1ad4b754c8932cb35eec82fec17778e5.jpeg','{\"filename\":\"\\u0411\\u0435\\u0437\\u044b\\u043c\\u044f\\u043d\\u043d\\u044b\\u0439-2.jpg\"}',3509,2481,NULL,'image/jpeg',2361236,NULL,NULL,'post',NULL,NULL,NULL,'2017-09-07 20:17:42','2017-09-07 20:17:42'),(814,'Безымянный-2.jpg',NULL,0,'sonata.media.provider.image',1,'95ec2b26aeca7959d1d008b5c19b7a948d313cc9.jpeg','{\"filename\":\"\\u0411\\u0435\\u0437\\u044b\\u043c\\u044f\\u043d\\u043d\\u044b\\u0439-2.jpg\"}',3509,2481,NULL,'image/jpeg',2361236,NULL,NULL,'post',NULL,NULL,NULL,'2017-09-07 20:17:45','2017-09-07 20:17:45'),(815,'Безымянный-2.jpg',NULL,0,'sonata.media.provider.image',1,'008674e826e9a201da692fa3df381e048ecd146b.jpeg','{\"filename\":\"\\u0411\\u0435\\u0437\\u044b\\u043c\\u044f\\u043d\\u043d\\u044b\\u0439-2.jpg\"}',3509,2481,NULL,'image/jpeg',2361236,NULL,NULL,'post',NULL,NULL,NULL,'2017-09-07 20:17:48','2017-09-07 20:17:48'),(816,'1452.jpeg',NULL,0,'sonata.media.provider.image',1,'401a739ea6dae0f72f5a811f29770ccc3d06b4f3.jpeg','{\"filename\":\"1452.jpeg\"}',3509,2481,NULL,'image/jpeg',2361236,NULL,NULL,'post',NULL,NULL,NULL,'2017-09-29 12:43:59','2017-09-29 12:43:59'),(817,'1452.jpeg',NULL,0,'sonata.media.provider.image',1,'74cc8aab673d7e9780e553f558a197400c05db28.jpeg','{\"filename\":\"1452.jpeg\"}',3509,2481,NULL,'image/jpeg',2361236,NULL,NULL,'post',NULL,NULL,NULL,'2017-09-29 12:44:10','2017-09-29 12:44:10'),(818,'12345.jpg',NULL,0,'sonata.media.provider.image',1,'354486c77f2e32ae63eb9d8660e643def24b6ee4.jpeg','{\"filename\":\"12345.jpg\"}',3509,2482,NULL,'image/jpeg',2600828,NULL,NULL,'post',NULL,NULL,NULL,'2017-10-17 13:46:53','2017-10-17 13:46:53'),(819,'КОНКУРС2.jpg',NULL,0,'sonata.media.provider.image',1,'c2d6163397dc21369ce4d00628fd05f8d4d8350f.jpeg','{\"filename\":\"\\u041a\\u041e\\u041d\\u041a\\u0423\\u0420\\u04212.jpg\"}',3509,2482,NULL,'image/jpeg',2623844,NULL,NULL,'post',NULL,NULL,NULL,'2017-10-24 22:10:29','2017-10-24 22:10:29'),(820,'КОНКУРС2.jpg',NULL,0,'sonata.media.provider.image',1,'2de9923e70a07a899d57ebac7a48a2ef9c2fcb07.jpeg','{\"filename\":\"\\u041a\\u041e\\u041d\\u041a\\u0423\\u0420\\u04212.jpg\"}',3509,2482,NULL,'image/jpeg',2623844,NULL,NULL,'post',NULL,NULL,NULL,'2017-11-01 23:51:54','2017-11-01 23:51:54'),(821,'РЕЗУЛЬТАТ.jpg',NULL,0,'sonata.media.provider.image',1,'10645f615a709a85354e7ddb5b5490f8aa2f22ff.jpeg','{\"filename\":\"\\u0420\\u0415\\u0417\\u0423\\u041b\\u042c\\u0422\\u0410\\u0422.jpg\"}',3509,2481,NULL,'image/jpeg',2445395,NULL,NULL,'post',NULL,NULL,NULL,'2017-11-08 20:53:59','2017-11-08 20:53:59'),(822,'не турбувати.jpg',NULL,0,'sonata.media.provider.image',1,'8cb83bdd4cb4b1c875a1d6519f0e211be0e2c730.jpeg','{\"filename\":\"\\u043d\\u0435 \\u0442\\u0443\\u0440\\u0431\\u0443\\u0432\\u0430\\u0442\\u0438.jpg\"}',2048,1207,NULL,'image/jpeg',190848,NULL,NULL,'performance',NULL,NULL,NULL,'2017-11-08 20:59:51','2017-11-08 20:59:51'),(823,'не турбувати2.jpg',NULL,0,'sonata.media.provider.image',1,'5614e1aa16e74f1b3a60922694d793bc3e4df14a.jpeg','{\"filename\":\"\\u043d\\u0435 \\u0442\\u0443\\u0440\\u0431\\u0443\\u0432\\u0430\\u0442\\u04382.jpg\"}',2048,734,NULL,'image/jpeg',3468287,NULL,NULL,'slider',NULL,NULL,NULL,'2017-11-08 21:07:04','2017-11-08 21:07:04'),(824,'не турбувати3.jpg',NULL,0,'sonata.media.provider.image',1,'026f8e794136cb3272deff1090482c2ca6704302.jpeg','{\"filename\":\"\\u043d\\u0435 \\u0442\\u0443\\u0440\\u0431\\u0443\\u0432\\u0430\\u0442\\u04383.jpg\"}',679,960,NULL,'image/jpeg',92747,NULL,NULL,'performance',NULL,NULL,NULL,'2017-11-08 21:15:29','2017-11-08 21:15:29'),(825,'РЕЗУЛЬТАТ.jpg',NULL,0,'sonata.media.provider.image',1,'5e1180d35c9b6814d39a1ce9484a305d5a8bb05e.jpeg','{\"filename\":\"\\u0420\\u0415\\u0417\\u0423\\u041b\\u042c\\u0422\\u0410\\u0422.jpg\"}',3509,2481,NULL,'image/jpeg',2445395,NULL,NULL,'post',NULL,NULL,NULL,'2017-11-15 16:43:36','2017-11-15 16:43:36'),(826,'РЕЗУЛЬТАТ.jpg',NULL,0,'sonata.media.provider.image',1,'715e07085add6aebd1a3a649dde5dee88888e0c8.jpeg','{\"filename\":\"\\u0420\\u0415\\u0417\\u0423\\u041b\\u042c\\u0422\\u0410\\u0422.jpg\"}',3509,2481,NULL,'image/jpeg',2445395,NULL,NULL,'post',NULL,NULL,NULL,'2017-11-22 22:14:02','2017-11-22 22:14:02'),(827,'РЕЗУЛЬТАТ.jpg',NULL,0,'sonata.media.provider.image',1,'268397bd643b2f6af870f1d8c46700398fff4d51.jpeg','{\"filename\":\"\\u0420\\u0415\\u0417\\u0423\\u041b\\u042c\\u0422\\u0410\\u0422.jpg\"}',3509,2481,NULL,'image/jpeg',2445395,NULL,NULL,'post',NULL,NULL,NULL,'2017-11-22 22:14:07','2017-11-22 22:14:07'),(828,'КОНКУРС2.jpg',NULL,0,'sonata.media.provider.image',1,'ba36618c2857e175d0adf3bf3b271409534f7625.jpeg','{\"filename\":\"\\u041a\\u041e\\u041d\\u041a\\u0423\\u0420\\u04212.jpg\"}',3509,2482,NULL,'image/jpeg',2623844,NULL,NULL,'post',NULL,NULL,NULL,'2017-12-01 14:18:37','2017-12-01 14:18:37'),(829,'Ридванецький.jpg',NULL,0,'sonata.media.provider.image',1,'d5eb62da0df4b1a7d6c84be8d64bdc60df534c65.jpeg','{\"filename\":\"\\u0420\\u0438\\u0434\\u0432\\u0430\\u043d\\u0435\\u0446\\u044c\\u043a\\u0438\\u0439.jpg\"}',300,450,NULL,'image/jpeg',14049,NULL,NULL,'post',NULL,NULL,NULL,'2017-12-11 11:06:07','2017-12-11 11:06:07'),(830,'Ридванецький1.jpg',NULL,0,'sonata.media.provider.image',1,'e70138249dc01ad8f00f31f9209bfabe945e645f.jpeg','{\"filename\":\"\\u0420\\u0438\\u0434\\u0432\\u0430\\u043d\\u0435\\u0446\\u044c\\u043a\\u0438\\u04391.jpg\"}',3773,2482,NULL,'image/jpeg',5243151,NULL,NULL,'post',NULL,NULL,NULL,'2017-12-11 11:23:48','2017-12-11 11:23:48'),(831,'Ридванецький1.jpg',NULL,0,'sonata.media.provider.image',1,'1f6674364f196466870404cbfd6a6a18c60dad01.jpeg','{\"filename\":\"\\u0420\\u0438\\u0434\\u0432\\u0430\\u043d\\u0435\\u0446\\u044c\\u043a\\u0438\\u04391.jpg\"}',3773,2482,NULL,'image/jpeg',5243151,NULL,NULL,'post',NULL,NULL,NULL,'2017-12-11 11:23:57','2017-12-11 11:23:57'),(832,'Ридванецький.jpg',NULL,0,'sonata.media.provider.image',1,'ca25d18a69aedc0fa1bdb92d69716849296c3db6.jpeg','{\"filename\":\"\\u0420\\u0438\\u0434\\u0432\\u0430\\u043d\\u0435\\u0446\\u044c\\u043a\\u0438\\u0439.jpg\"}',300,450,NULL,'image/jpeg',14049,NULL,NULL,'post',NULL,NULL,NULL,'2017-12-11 11:24:16','2017-12-11 11:24:16'),(833,'бувальщина1.jpg',NULL,0,'sonata.media.provider.image',1,'dfd9f8a650e5ef86de0f24322a47b1ab871fbd42.jpeg','{\"filename\":\"\\u0431\\u0443\\u0432\\u0430\\u043b\\u044c\\u0449\\u0438\\u043d\\u04301.jpg\"}',640,429,NULL,'image/jpeg',39702,NULL,NULL,'slider',NULL,NULL,NULL,'2017-12-11 11:52:40','2017-12-11 11:52:40'),(834,'бувальщина1.jpg',NULL,0,'sonata.media.provider.image',1,'557a70748fd4ed257c466955007dac65e8483de8.jpeg','{\"filename\":\"\\u0431\\u0443\\u0432\\u0430\\u043b\\u044c\\u0449\\u0438\\u043d\\u04301.jpg\"}',4539,3042,NULL,'image/jpeg',14228252,NULL,NULL,'slider',NULL,NULL,NULL,'2017-12-11 11:57:19','2017-12-11 11:57:19'),(835,'бувальщина1.jpg',NULL,0,'sonata.media.provider.image',1,'24b332bbf12413b98737ddad4ccd061aa0ce8344.jpeg','{\"filename\":\"\\u0431\\u0443\\u0432\\u0430\\u043b\\u044c\\u0449\\u0438\\u043d\\u04301.jpg\"}',4539,3042,NULL,'image/jpeg',14228252,NULL,NULL,'slider',NULL,NULL,NULL,'2017-12-11 11:57:28','2017-12-11 11:57:28'),(836,'Миколай2.jpg',NULL,0,'sonata.media.provider.image',1,'34d568bf980af8e54032676b62afa41383420c87.jpeg','{\"filename\":\"\\u041c\\u0438\\u043a\\u043e\\u043b\\u0430\\u04392.jpg\"}',5284,2482,NULL,'image/jpeg',11034187,NULL,NULL,'performance',NULL,NULL,NULL,'2017-12-12 08:05:13','2017-12-12 08:05:13'),(837,'Миколай2.jpg',NULL,0,'sonata.media.provider.image',1,'a366933b9fe383d87996d02f2ae4be1ed2f5715a.jpeg','{\"filename\":\"\\u041c\\u0438\\u043a\\u043e\\u043b\\u0430\\u04392.jpg\"}',5284,2482,NULL,'image/jpeg',11034187,NULL,NULL,'performance',NULL,NULL,NULL,'2017-12-12 08:05:20','2017-12-12 08:05:20'),(838,'Миколай1.jpg',NULL,0,'sonata.media.provider.image',1,'e338b1a627eccb53b1efb9c25c0b2c0631ca2d3f.jpeg','{\"filename\":\"\\u041c\\u0438\\u043a\\u043e\\u043b\\u0430\\u04391.jpg\"}',1460,2048,NULL,'image/jpeg',540630,NULL,NULL,'performance',NULL,NULL,NULL,'2017-12-12 08:05:37','2017-12-12 08:05:37'),(839,'Миколай2.jpg',NULL,0,'sonata.media.provider.image',1,'f10f04d966804e2464e0b272886c5d691fd54c74.jpeg','{\"filename\":\"\\u041c\\u0438\\u043a\\u043e\\u043b\\u0430\\u04392.jpg\"}',5284,2482,NULL,'image/jpeg',11034187,NULL,NULL,'slider',NULL,NULL,NULL,'2017-12-12 08:05:51','2017-12-12 08:05:51'),(840,'Миколай2.jpg',NULL,0,'sonata.media.provider.image',1,'a5646e683dca6819e28982166fbb1a08fe8cd3c0.jpeg','{\"filename\":\"\\u041c\\u0438\\u043a\\u043e\\u043b\\u0430\\u04392.jpg\"}',5284,2482,NULL,'image/jpeg',11034187,NULL,NULL,'slider',NULL,NULL,NULL,'2017-12-12 08:05:57','2017-12-12 08:05:57'),(841,'коза1.jpg',NULL,0,'sonata.media.provider.image',1,'735adea1fd9abaebf5642d422c311f4665b11264.jpeg','{\"filename\":\"\\u043a\\u043e\\u0437\\u04301.jpg\"}',1449,2048,NULL,'image/jpeg',272222,NULL,NULL,'performance',NULL,NULL,NULL,'2017-12-12 08:07:45','2017-12-12 08:07:45'),(842,'коза2.jpg',NULL,0,'sonata.media.provider.image',1,'5dcc4c73b6de0c27b087a7c60c0ab4dbbb8d401c.jpeg','{\"filename\":\"\\u043a\\u043e\\u0437\\u04302.jpg\"}',5289,2482,NULL,'image/jpeg',6806406,NULL,NULL,'slider',NULL,NULL,NULL,'2017-12-12 08:08:01','2017-12-12 08:08:01'),(843,'Коляда1.jpg',NULL,0,'sonata.media.provider.image',1,'3814b2d17ff9e89f254b56cc4870da72924f5401.jpeg','{\"filename\":\"\\u041a\\u043e\\u043b\\u044f\\u0434\\u04301.jpg\"}',1448,2048,NULL,'image/jpeg',423272,NULL,NULL,'performance',NULL,NULL,NULL,'2017-12-12 08:09:43','2017-12-12 08:09:43'),(844,'Коляда2.jpg',NULL,0,'sonata.media.provider.image',1,'a64dc7e81d65cfb5ccc793cc4832126eb7700033.jpeg','{\"filename\":\"\\u041a\\u043e\\u043b\\u044f\\u0434\\u04302.jpg\"}',5296,2483,NULL,'image/jpeg',9354716,NULL,NULL,'slider',NULL,NULL,NULL,'2017-12-12 08:09:55','2017-12-12 08:09:55'),(845,'Коляда2.jpg',NULL,0,'sonata.media.provider.image',1,'112a0e7a6fe02dc807580e45123e200203006154.jpeg','{\"filename\":\"\\u041a\\u043e\\u043b\\u044f\\u0434\\u04302.jpg\"}',5296,2483,NULL,'image/jpeg',9354716,NULL,NULL,'slider',NULL,NULL,NULL,'2017-12-12 08:10:03','2017-12-12 08:10:03'),(846,'КОНКУРС2.jpg',NULL,0,'sonata.media.provider.image',1,'30f3f02a39697d6f46bf87cb850917f2bebc359f.jpeg','{\"filename\":\"\\u041a\\u041e\\u041d\\u041a\\u0423\\u0420\\u04212.jpg\"}',3509,2482,NULL,'image/jpeg',2623844,NULL,NULL,'post',NULL,NULL,NULL,'2017-12-12 08:36:52','2017-12-12 08:36:52'),(847,'Сироїжка.jpg',NULL,0,'sonata.media.provider.image',1,'d2c3ddd6bf0499cecefd6a63bae69ff0bef3aa4a.jpeg','{\"filename\":\"\\u0421\\u0438\\u0440\\u043e\\u0457\\u0436\\u043a\\u0430.jpg\"}',679,960,NULL,'image/jpeg',105392,NULL,NULL,'performance',NULL,NULL,NULL,'2017-12-15 15:14:40','2017-12-15 15:14:40'),(848,'Сироїжка2.jpg',NULL,0,'sonata.media.provider.image',1,'b278a3379a62dc6d7c9c1452dae331f6280b12a9.jpeg','{\"filename\":\"\\u0421\\u0438\\u0440\\u043e\\u0457\\u0436\\u043a\\u04302.jpg\"}',4651,2482,NULL,'image/jpeg',3028576,NULL,NULL,'slider',NULL,NULL,NULL,'2017-12-15 15:15:05','2017-12-15 15:15:05'),(849,'22730581_1557937107606638_8363084905072772031_n.jpg',NULL,0,'sonata.media.provider.image',1,'b369e2261fd72f2903e5b4d30ef7cb56f9a7459d.jpeg','{\"filename\":\"22730581_1557937107606638_8363084905072772031_n.jpg\"}',960,711,NULL,'image/jpeg',72104,NULL,NULL,'performance',NULL,NULL,NULL,'2017-12-15 15:29:23','2017-12-15 15:29:23'),(850,'22688783_1557937164273299_6205359571925327309_n.jpg',NULL,0,'sonata.media.provider.image',1,'0a63dab8683c8d2f58470619baaf26a96e7ab8c6.jpeg','{\"filename\":\"22688783_1557937164273299_6205359571925327309_n.jpg\"}',960,711,NULL,'image/jpeg',67757,NULL,NULL,'performance',NULL,NULL,NULL,'2017-12-15 15:29:43','2017-12-15 15:29:43'),(851,'22555247_1894061270913212_6664653148411812201_n.jpg',NULL,0,'sonata.media.provider.image',1,'2104a8ab9beedaf3cbebb90394e21c4aba854c01.jpeg','{\"filename\":\"22555247_1894061270913212_6664653148411812201_n.jpg\"}',960,540,NULL,'image/jpeg',55732,NULL,NULL,'performance',NULL,NULL,NULL,'2017-12-15 15:30:05','2017-12-15 15:30:05'),(852,'22555100_1557937320939950_7847328350320953240_n.jpg',NULL,0,'sonata.media.provider.image',1,'9d74082842bf30fdfa652acf4ef5aa2587254b62.jpeg','{\"filename\":\"22555100_1557937320939950_7847328350320953240_n.jpg\"}',960,711,NULL,'image/jpeg',73554,NULL,NULL,'performance',NULL,NULL,NULL,'2017-12-15 15:30:29','2017-12-15 15:30:29'),(853,'22554935_1557937007606648_39865712898358427_n.jpg',NULL,0,'sonata.media.provider.image',1,'7778b000624b2d3a2cba234f1795ccfc3ed1c147.jpeg','{\"filename\":\"22554935_1557937007606648_39865712898358427_n.jpg\"}',960,711,NULL,'image/jpeg',73565,NULL,NULL,'performance',NULL,NULL,NULL,'2017-12-15 15:30:49','2017-12-15 15:30:49'),(854,'22550022_1557937277606621_305552492637413993_n.jpg',NULL,0,'sonata.media.provider.image',1,'55fde19d129a5a925b05cc108bff1011aabb2938.jpeg','{\"filename\":\"22550022_1557937277606621_305552492637413993_n.jpg\"}',960,711,NULL,'image/jpeg',64805,NULL,NULL,'performance',NULL,NULL,NULL,'2017-12-15 15:31:06','2017-12-15 15:31:06'),(855,'22549936_1557937354273280_6992144512683765938_n.jpg',NULL,0,'sonata.media.provider.image',1,'8bf67d10d2e64f6c48547eeb78132d7883c21e0a.jpeg','{\"filename\":\"22549936_1557937354273280_6992144512683765938_n.jpg\"}',960,711,NULL,'image/jpeg',68117,NULL,NULL,'performance',NULL,NULL,NULL,'2017-12-15 15:31:35','2017-12-15 15:31:35'),(856,'22549891_1557937054273310_2877035203111732613_n.jpg',NULL,0,'sonata.media.provider.image',1,'437a7c476c72d26360087b9702dd739087e3ae7e.jpeg','{\"filename\":\"22549891_1557937054273310_2877035203111732613_n.jpg\"}',960,711,NULL,'image/jpeg',55121,NULL,NULL,'performance',NULL,NULL,NULL,'2017-12-15 15:31:48','2017-12-15 15:31:48'),(857,'РЕЗУЛЬТАТ.jpg',NULL,0,'sonata.media.provider.image',1,'6c79a94edefb02e8412907128abc14048a746bfa.jpeg','{\"filename\":\"\\u0420\\u0415\\u0417\\u0423\\u041b\\u042c\\u0422\\u0410\\u0422.jpg\"}',3509,2481,NULL,'image/jpeg',2445395,NULL,NULL,'post',NULL,NULL,NULL,'2017-12-22 17:17:23','2017-12-22 17:17:23'),(858,'13.02.2018.jpg',NULL,0,'sonata.media.provider.image',1,'ea1750e605108505f54b761664fd334ffff259f5.jpeg','{\"filename\":\"13.02.2018.jpg\"}',678,960,NULL,'image/jpeg',63296,NULL,NULL,'performance',NULL,NULL,NULL,'2018-02-10 16:23:39','2018-02-10 16:23:39'),(859,'13_02_2018_1.jpg',NULL,0,'sonata.media.provider.image',1,'79b13c9ffb27f456c9477d15da5f72e9b64884aa.jpeg','{\"filename\":\"13_02_2018_1.jpg\"}',2543,962,NULL,'image/jpeg',2893540,NULL,NULL,'slider',NULL,NULL,NULL,'2018-02-10 16:24:14','2018-02-10 16:24:14'),(860,'13_02_2018.jpg',NULL,0,'sonata.media.provider.image',1,'a40c876797ef562448a1627787ee81e8f666ebd9.jpeg','{\"filename\":\"13_02_2018.jpg\"}',679,960,NULL,'image/jpeg',83964,NULL,NULL,'performance',NULL,NULL,NULL,'2018-02-10 16:25:13','2018-02-10 16:25:13'),(861,'222.jpg',NULL,0,'sonata.media.provider.image',1,'71b27e2e3e11118e68e91b4f99e8e88758da10f8.jpeg','{\"filename\":\"222.jpg\"}',960,540,NULL,'image/jpeg',62228,NULL,NULL,'performance',NULL,NULL,NULL,'2018-02-16 12:03:43','2018-02-16 12:03:43'),(862,'111.jpg',NULL,0,'sonata.media.provider.image',1,'3f4d9da9f1ad4f58b218a4f8ad043e721c24b91a.jpeg','{\"filename\":\"111.jpg\"}',960,540,NULL,'image/jpeg',75567,NULL,NULL,'slider',NULL,NULL,NULL,'2018-02-16 12:03:58','2018-02-16 12:03:58'),(863,'1111.jpg',NULL,0,'sonata.media.provider.image',1,'279c1fb52302ddbaed2cde185d219cd23519c593.jpeg','{\"filename\":\"1111.jpg\"}',1300,540,NULL,'image/jpeg',2875964,NULL,NULL,'slider',NULL,NULL,NULL,'2018-02-16 12:19:16','2018-02-16 12:19:16'),(864,'2222.jpg',NULL,0,'sonata.media.provider.image',1,'242f3194d03c0a62a6bcc5e53a6192a5d9466972.jpeg','{\"filename\":\"2222.jpg\"}',385,540,NULL,'image/jpeg',2248454,NULL,NULL,'performance',NULL,NULL,NULL,'2018-02-16 12:23:37','2018-02-16 12:23:37'),(865,'14141.jpg',NULL,0,'sonata.media.provider.image',1,'d3dcd0440c1a9598c59d1a5262ba3a82602786ee.jpeg','{\"filename\":\"14141.jpg\"}',3509,2481,NULL,'image/jpeg',2917061,NULL,NULL,'post',NULL,NULL,NULL,'2018-02-21 20:03:56','2018-02-21 20:03:56'),(866,'14141.jpg',NULL,0,'sonata.media.provider.image',1,'a27766a3d08337ce6f4a7f47a0592afe2e1f723a.jpeg','{\"filename\":\"14141.jpg\"}',3509,2481,NULL,'image/jpeg',2917061,NULL,NULL,'post',NULL,NULL,NULL,'2018-02-21 20:04:03','2018-02-21 20:04:03'),(867,'Друк тестостер БАНЕР.jpg',NULL,0,'sonata.media.provider.image',1,'55d3640f033e4f7f51bb82375cdd0dc02c2ac100.jpeg','{\"filename\":\"\\u0414\\u0440\\u0443\\u043a \\u0442\\u0435\\u0441\\u0442\\u043e\\u0441\\u0442\\u0435\\u0440 \\u0411\\u0410\\u041d\\u0415\\u0420.jpg\"}',2048,735,NULL,'image/jpeg',127369,NULL,NULL,'slider',NULL,NULL,NULL,'2018-02-28 13:13:29','2018-02-28 13:13:29'),(868,'Друк тестостер1.jpg',NULL,0,'sonata.media.provider.image',1,'7ceeb6af21135be7541a2a1818b18a032b0e46d1.jpeg','{\"filename\":\"\\u0414\\u0440\\u0443\\u043a \\u0442\\u0435\\u0441\\u0442\\u043e\\u0441\\u0442\\u0435\\u04401.jpg\"}',679,960,NULL,'image/jpeg',89977,NULL,NULL,'performance',NULL,NULL,NULL,'2018-02-28 13:14:15','2018-02-28 13:14:15'),(869,'Друк тестостер2.jpg',NULL,0,'sonata.media.provider.image',1,'d24bebf08b6bb6ba9af285b0a4f061664f3bd39e.jpeg','{\"filename\":\"\\u0414\\u0440\\u0443\\u043a \\u0442\\u0435\\u0441\\u0442\\u043e\\u0441\\u0442\\u0435\\u04402.jpg\"}',679,960,NULL,'image/jpeg',86050,NULL,NULL,'performance',NULL,NULL,NULL,'2018-02-28 13:26:20','2018-02-28 13:26:20'),(870,'28208683_1786073904777760_2105825751_o.jpg',NULL,0,'sonata.media.provider.image',1,'617002a6931eef0bfe3962d2a3efb8877fce068d.jpeg','{\"filename\":\"28208683_1786073904777760_2105825751_o.jpg\"}',2048,735,NULL,'image/jpeg',127369,NULL,NULL,'slider',NULL,NULL,NULL,'2018-02-28 13:26:41','2018-02-28 13:26:41'),(871,'12345.jpg',NULL,0,'sonata.media.provider.image',1,'ad19db1ea26cdef69e33db020c5612337f1869ae.jpeg','{\"filename\":\"12345.jpg\"}',3509,2482,NULL,'image/jpeg',2600828,NULL,NULL,'post',NULL,NULL,NULL,'2018-03-05 18:17:58','2018-03-05 18:17:58'),(872,'РЕЗУЛЬТАТ.jpg',NULL,0,'sonata.media.provider.image',1,'aed310bb8a4cda7ad5947fbebda41fd7b7600c70.jpeg','{\"filename\":\"\\u0420\\u0415\\u0417\\u0423\\u041b\\u042c\\u0422\\u0410\\u0422.jpg\"}',3509,2481,NULL,'image/jpeg',2445395,NULL,NULL,'post',NULL,NULL,NULL,'2018-03-23 17:02:53','2018-03-23 17:02:53'),(873,'8_жінок2.jpg',NULL,0,'sonata.media.provider.image',1,'e90beb462b782d291c934fa7f17a513e5a72ed3c.jpeg','{\"filename\":\"8_\\u0436\\u0456\\u043d\\u043e\\u043a2.jpg\"}',1449,2048,NULL,'image/jpeg',340209,NULL,NULL,'performance',NULL,NULL,NULL,'2018-04-12 08:12:58','2018-04-12 08:12:58'),(874,'8_жінок1.jpg',NULL,0,'sonata.media.provider.image',1,'32e5ad70c9b3c6dd66b52630511e0b42e4345b03.jpeg','{\"filename\":\"8_\\u0436\\u0456\\u043d\\u043e\\u043a1.jpg\"}',2048,735,NULL,'image/jpeg',3112339,NULL,NULL,'slider',NULL,NULL,NULL,'2018-04-12 08:13:16','2018-04-12 08:13:16'),(875,'КОНКУРС2.jpg',NULL,0,'sonata.media.provider.image',1,'e5379933f144582113ab3049fff2d3a56d7fc842.jpeg','{\"filename\":\"\\u041a\\u041e\\u041d\\u041a\\u0423\\u0420\\u04212.jpg\"}',3509,2482,NULL,'image/jpeg',2623844,NULL,NULL,'post',NULL,NULL,NULL,'2018-04-12 08:25:50','2018-04-12 08:25:50'),(876,'Лист-подяка-1.jpg',NULL,0,'sonata.media.provider.image',1,'59b5d609c2e23da7f566f35157df041e589b0664.jpeg','{\"filename\":\"\\u041b\\u0438\\u0441\\u0442-\\u043f\\u043e\\u0434\\u044f\\u043a\\u0430-1.jpg\"}',1663,2345,NULL,'image/jpeg',270156,NULL,NULL,'post',NULL,NULL,NULL,'2018-04-12 08:31:04','2018-04-12 08:31:04'),(877,'Лист-подяка1.jpg',NULL,0,'sonata.media.provider.image',1,'aa05641646f4200f3b538aaed1165ee1a50f93fe.jpeg','{\"filename\":\"\\u041b\\u0438\\u0441\\u0442-\\u043f\\u043e\\u0434\\u044f\\u043a\\u04301.jpg\"}',4962,3509,NULL,'image/jpeg',3220629,NULL,NULL,'post',NULL,NULL,NULL,'2018-04-12 08:47:40','2018-04-12 08:47:40'),(878,'Лист-подяка1.jpg',NULL,0,'sonata.media.provider.image',1,'f2c1f94d86b0c4cc9723c4041441fb6bd41493e2.jpeg','{\"filename\":\"\\u041b\\u0438\\u0441\\u0442-\\u043f\\u043e\\u0434\\u044f\\u043a\\u04301.jpg\"}',4962,3509,NULL,'image/jpeg',3220629,NULL,NULL,'post',NULL,NULL,NULL,'2018-04-12 08:47:47','2018-04-12 08:47:47'),(879,'РЕЗУЛЬТАТ.jpg',NULL,0,'sonata.media.provider.image',1,'3ea09e1f0f0a0315bb02009e494c147a46241f5b.jpeg','{\"filename\":\"\\u0420\\u0415\\u0417\\u0423\\u041b\\u042c\\u0422\\u0410\\u0422.jpg\"}',3509,2481,NULL,'image/jpeg',2445395,NULL,NULL,'post',NULL,NULL,NULL,'2018-05-04 12:59:49','2018-05-04 12:59:49'),(880,'ОБЕРЕЖНО_ЖІНКИ1.jpg',NULL,0,'sonata.media.provider.image',1,'8a4bff607ecd50bc80ab525b33d6a13477e0f905.jpeg','{\"filename\":\"\\u041e\\u0411\\u0415\\u0420\\u0415\\u0416\\u041d\\u041e_\\u0416\\u0406\\u041d\\u041a\\u04181.jpg\"}',679,960,NULL,'image/jpeg',115121,NULL,NULL,'performance',NULL,NULL,NULL,'2018-05-18 18:05:31','2018-05-18 18:05:31'),(881,'ОБЕРЕЖНО_ЖІНКИ.jpg',NULL,0,'sonata.media.provider.image',1,'7d26777015b081c2530408aa6e10f3fbf5829e98.jpeg','{\"filename\":\"\\u041e\\u0411\\u0415\\u0420\\u0415\\u0416\\u041d\\u041e_\\u0416\\u0406\\u041d\\u041a\\u0418.jpg\"}',13070,4001,NULL,'image/jpeg',18471521,NULL,NULL,'slider',NULL,NULL,NULL,'2018-05-18 18:05:52','2018-05-18 18:05:52'),(882,'ОБЕРЕЖНО_ЖІНКИ.jpg',NULL,0,'sonata.media.provider.image',1,'3dd0d6866011dbca41c70588247430c4235c54e6.jpeg','{\"filename\":\"\\u041e\\u0411\\u0415\\u0420\\u0415\\u0416\\u041d\\u041e_\\u0416\\u0406\\u041d\\u041a\\u0418.jpg\"}',13070,4001,NULL,'image/jpeg',18471521,NULL,NULL,'slider',NULL,NULL,NULL,'2018-05-18 18:06:13','2018-05-18 18:06:13'),(889,'Анна Київська2.jpg',NULL,0,'sonata.media.provider.image',1,'5801134b4725760a1da135963373ebd850eb6d96.jpeg','{\"filename\":\"\\u0410\\u043d\\u043d\\u0430 \\u041a\\u0438\\u0457\\u0432\\u0441\\u044c\\u043a\\u04302.jpg\"}',13309,4201,NULL,'image/jpeg',19810953,NULL,NULL,'slider',NULL,NULL,NULL,'2018-05-18 18:38:23','2018-05-18 18:38:23'),(890,'Анна Київська1.jpg',NULL,0,'sonata.media.provider.image',1,'5d42d673f704e54813241d8d3449aa9ecc11445d.jpeg','{\"filename\":\"\\u0410\\u043d\\u043d\\u0430 \\u041a\\u0438\\u0457\\u0432\\u0441\\u044c\\u043a\\u04301.jpg\"}',2992,4201,NULL,'image/jpeg',19092947,NULL,NULL,'performance',NULL,NULL,NULL,'2018-05-18 18:40:01','2018-05-18 18:40:01'),(891,'received_244797236111477.jpeg',NULL,0,'sonata.media.provider.image',1,'bf9b616a286ba91d1b51f79b1d9eb457403f80e7.jpeg','{\"filename\":\"received_244797236111477.jpeg\"}',4096,1272,NULL,'image/jpeg',492710,NULL,NULL,'slider',NULL,NULL,NULL,'2018-09-03 11:06:48','2018-09-03 11:06:48'),(892,'received_1722878704488036(1).jpeg',NULL,0,'sonata.media.provider.image',1,'ee01876077e99607ef323940f55911e0918eb86f.jpeg','{\"filename\":\"received_1722878704488036(1).jpeg\"}',1918,2704,NULL,'image/jpeg',1691640,NULL,NULL,'performance',NULL,NULL,NULL,'2018-09-03 11:09:38','2018-09-03 11:09:38'),(893,'received_288370128422099.jpeg',NULL,0,'sonata.media.provider.image',1,'b90e8d71a9413b9226dc61f45952728c14e2f4f5.jpeg','{\"filename\":\"received_288370128422099.jpeg\"}',4096,1272,NULL,'image/jpeg',398451,NULL,NULL,'slider',NULL,NULL,NULL,'2018-09-03 12:44:47','2018-09-03 12:44:47'),(894,'received_261744477800012.jpeg',NULL,0,'sonata.media.provider.image',1,'a6f93e0ec77dee502593a434f7269aeb29bb5d55.jpeg','{\"filename\":\"received_261744477800012.jpeg\"}',2480,3508,NULL,'image/jpeg',530431,NULL,NULL,'performance',NULL,NULL,NULL,'2018-09-03 12:45:11','2018-09-03 12:45:11'),(895,'8e013a4c5d0a4c61a59bde31f07252d3_XL.jpg',NULL,0,'sonata.media.provider.image',1,'065e59002c74c01fa0df2ca3ee13430ce5270143.jpeg','{\"filename\":\"8e013a4c5d0a4c61a59bde31f07252d3_XL.jpg\"}',900,647,NULL,'image/jpeg',112515,NULL,NULL,'post',NULL,NULL,NULL,'2018-09-18 10:49:44','2018-09-18 10:49:44'),(896,'КОНКУРС2.jpg',NULL,0,'sonata.media.provider.image',1,'ad67a1b871d4d8aa9a221208436bfba28026200f.jpeg','{\"filename\":\"\\u041a\\u041e\\u041d\\u041a\\u0423\\u0420\\u04212.jpg\"}',3509,2482,NULL,'image/jpeg',2623844,NULL,NULL,'post',NULL,NULL,NULL,'2018-10-01 09:04:47','2018-10-01 09:04:47'),(897,'РЕЗУЛЬТАТ.jpg',NULL,0,'sonata.media.provider.image',1,'e4ad2cc6b8104aed073baa157cc6328ad46aad59.jpeg','{\"filename\":\"\\u0420\\u0415\\u0417\\u0423\\u041b\\u042c\\u0422\\u0410\\u0422.jpg\"}',3509,2481,NULL,'image/jpeg',2445395,NULL,NULL,'post',NULL,NULL,NULL,'2018-10-05 12:05:11','2018-10-05 12:05:11'),(898,'РЕЗУЛЬТАТ.jpg',NULL,0,'sonata.media.provider.image',1,'e4649c2f960b4a23d785b5155b57c1f06fc174bd.jpeg','{\"filename\":\"\\u0420\\u0415\\u0417\\u0423\\u041b\\u042c\\u0422\\u0410\\u0422.jpg\"}',3509,2481,NULL,'image/jpeg',2445395,NULL,NULL,'post',NULL,NULL,NULL,'2018-10-05 12:05:16','2018-10-05 12:05:16'),(899,'КОНКУРС2.jpg',NULL,0,'sonata.media.provider.image',1,'cfd2a56cbfa8c7883de0da0a692282b6a54816be.jpeg','{\"filename\":\"\\u041a\\u041e\\u041d\\u041a\\u0423\\u0420\\u04212.jpg\"}',3509,2482,NULL,'image/jpeg',2623844,NULL,NULL,'post',NULL,NULL,NULL,'2018-10-08 10:22:39','2018-10-08 10:22:39'),(900,'КОНКУРС2.jpg',NULL,0,'sonata.media.provider.image',1,'948b0395b8ad62af56e0e0aa32a2e9723466ac9d.jpeg','{\"filename\":\"\\u041a\\u041e\\u041d\\u041a\\u0423\\u0420\\u04212.jpg\"}',3509,2482,NULL,'image/jpeg',2623844,NULL,NULL,'post',NULL,NULL,NULL,'2018-10-08 10:25:34','2018-10-08 10:25:34'),(901,'РЕЗУЛЬТАТ.jpg',NULL,0,'sonata.media.provider.image',1,'f8a6276c46552b07e8c70776b6b355bd08e66c29.jpeg','{\"filename\":\"\\u0420\\u0415\\u0417\\u0423\\u041b\\u042c\\u0422\\u0410\\u0422.jpg\"}',3509,2481,NULL,'image/jpeg',2445395,NULL,NULL,'post',NULL,NULL,NULL,'2018-10-17 15:38:44','2018-10-17 15:38:44'),(902,'РЕЗУЛЬТАТ.jpg',NULL,0,'sonata.media.provider.image',1,'e037d3c9a6d6d6600cdb1aae5a9a46132eb0f67e.jpeg','{\"filename\":\"\\u0420\\u0415\\u0417\\u0423\\u041b\\u042c\\u0422\\u0410\\u0422.jpg\"}',3509,2481,NULL,'image/jpeg',2445395,NULL,NULL,'post',NULL,NULL,NULL,'2018-10-29 10:26:33','2018-10-29 10:26:33'),(903,'РЕЗУЛЬТАТ.jpg',NULL,0,'sonata.media.provider.image',1,'160c384c73bb635407337dd62938f7c140526647.jpeg','{\"filename\":\"\\u0420\\u0415\\u0417\\u0423\\u041b\\u042c\\u0422\\u0410\\u0422.jpg\"}',3509,2481,NULL,'image/jpeg',2445395,NULL,NULL,'post',NULL,NULL,NULL,'2018-10-29 10:28:25','2018-10-29 10:28:25'),(904,'КОНКУРС2.jpg',NULL,0,'sonata.media.provider.image',1,'2ff85dcfe1cae383ff2cfcb586f4fdfbd67b2574.jpeg','{\"filename\":\"\\u041a\\u041e\\u041d\\u041a\\u0423\\u0420\\u04212.jpg\"}',3509,2482,NULL,'image/jpeg',2623844,NULL,NULL,'post',NULL,NULL,NULL,'2018-11-06 15:49:15','2018-11-06 15:49:15'),(905,'РЕЗУЛЬТАТ.jpg',NULL,0,'sonata.media.provider.image',1,'89bae7e0501a71364b383f5f9b468c73cc99c0f6.jpeg','{\"filename\":\"\\u0420\\u0415\\u0417\\u0423\\u041b\\u042c\\u0422\\u0410\\u0422.jpg\"}',3509,2481,NULL,'image/jpeg',2445395,NULL,NULL,'post',NULL,NULL,NULL,'2018-11-27 22:11:37','2018-11-27 22:11:37'),(906,'КОНКУРС2.jpg',NULL,0,'sonata.media.provider.image',1,'4b2f61c85558b7ae487762bf1a6d091917ecb45d.jpeg','{\"filename\":\"\\u041a\\u041e\\u041d\\u041a\\u0423\\u0420\\u04212.jpg\"}',3509,2482,NULL,'image/jpeg',2623844,NULL,NULL,'post',NULL,NULL,NULL,'2018-12-06 17:45:58','2018-12-06 17:45:58'),(907,'КОНКУРС2.jpg',NULL,0,'sonata.media.provider.image',1,'f37b4dfc68d136f87362354c9746e35fe0f72b30.jpeg','{\"filename\":\"\\u041a\\u041e\\u041d\\u041a\\u0423\\u0420\\u04212.jpg\"}',3509,2482,NULL,'image/jpeg',2623844,NULL,NULL,'post',NULL,NULL,NULL,'2018-12-06 17:46:01','2018-12-06 17:46:01'),(908,'РЕЗУЛЬТАТ.jpg',NULL,0,'sonata.media.provider.image',1,'002995dbdfd5dea87085e5b954f71a9071c45fe3.jpeg','{\"filename\":\"\\u0420\\u0415\\u0417\\u0423\\u041b\\u042c\\u0422\\u0410\\u0422.jpg\"}',3509,2481,NULL,'image/jpeg',2445395,NULL,NULL,'post',NULL,NULL,NULL,'2018-12-27 15:28:09','2018-12-27 15:28:09'),(909,'гудзики.jpg',NULL,0,'sonata.media.provider.image',1,'da5829dd4a41167573bc2ef721c78f751bc928e4.jpeg','{\"filename\":\"\\u0433\\u0443\\u0434\\u0437\\u0438\\u043a\\u0438.jpg\"}',1448,2048,NULL,'image/jpeg',234234,NULL,NULL,'performance',NULL,NULL,NULL,'2019-01-13 20:44:28','2019-01-13 20:44:28'),(910,'коляда1.jpg',NULL,0,'sonata.media.provider.image',1,'794ab63903fe606c85fff17325330db0dfa4f306.jpeg','{\"filename\":\"\\u043a\\u043e\\u043b\\u044f\\u0434\\u04301.jpg\"}',7457,3515,NULL,'image/jpeg',11462256,NULL,NULL,'slider',NULL,NULL,NULL,'2019-01-13 20:44:53','2019-01-13 20:44:53'),(911,'коляда1.jpg',NULL,0,'sonata.media.provider.image',1,'4d4ac7056d4f4f6132afc0542cedae75bf2fa4fd.jpeg','{\"filename\":\"\\u043a\\u043e\\u043b\\u044f\\u0434\\u04301.jpg\"}',7457,3515,NULL,'image/jpeg',11462256,NULL,NULL,'slider',NULL,NULL,NULL,'2019-01-13 20:45:04','2019-01-13 20:45:04'),(912,'коляда2.jpg',NULL,0,'sonata.media.provider.image',1,'683090fc602deb404f129c4b36881788d0fede92.jpeg','{\"filename\":\"\\u043a\\u043e\\u043b\\u044f\\u0434\\u04302.jpg\"}',1448,2048,NULL,'image/jpeg',482222,NULL,NULL,'performance',NULL,NULL,NULL,'2019-01-13 20:54:15','2019-01-13 20:54:15'),(913,'коляда1.jpg',NULL,0,'sonata.media.provider.image',1,'d9978e201568fb2faf296ccac7755cc217ad8daa.jpeg','{\"filename\":\"\\u043a\\u043e\\u043b\\u044f\\u0434\\u04301.jpg\"}',5762,2048,NULL,'image/jpeg',19887577,NULL,NULL,'slider',NULL,NULL,NULL,'2019-01-13 20:54:47','2019-01-13 20:54:47'),(914,'коляда1.jpg',NULL,0,'sonata.media.provider.image',1,'febfabfedb5c23928444d0d8e25db5542cc8347b.jpeg','{\"filename\":\"\\u043a\\u043e\\u043b\\u044f\\u0434\\u04301.jpg\"}',5762,2048,NULL,'image/jpeg',19887577,NULL,NULL,'slider',NULL,NULL,NULL,'2019-01-13 20:54:55','2019-01-13 20:54:55'),(915,'гудзики1.jpg',NULL,0,'sonata.media.provider.image',1,'771f16df6038cea0edc736e8691710f7874cbf69.jpeg','{\"filename\":\"\\u0433\\u0443\\u0434\\u0437\\u0438\\u043a\\u04381.jpg\"}',5778,2048,NULL,'image/jpeg',10666131,NULL,NULL,'slider',NULL,NULL,NULL,'2019-01-20 12:51:22','2019-01-20 12:51:22'),(916,'гудзики1.jpg',NULL,0,'sonata.media.provider.image',1,'5144f0601760a8d6d6b3c5ea2894b59c5399082e.jpeg','{\"filename\":\"\\u0433\\u0443\\u0434\\u0437\\u0438\\u043a\\u04381.jpg\"}',5778,2048,NULL,'image/jpeg',10666131,NULL,NULL,'slider',NULL,NULL,NULL,'2019-01-20 12:51:30','2019-01-20 12:51:30'),(917,'олен.jpg',NULL,0,'sonata.media.provider.image',1,'45eb5d6149917a115b884f5167cdddab86bc7934.jpeg','{\"filename\":\"\\u043e\\u043b\\u0435\\u043d.jpg\"}',966,1362,NULL,'image/jpeg',3059559,NULL,NULL,'performance',NULL,NULL,NULL,'2019-03-17 10:22:40','2019-03-17 10:22:40'),(918,'олена.jpg',NULL,0,'sonata.media.provider.image',1,'8ea0a93e6532d5de76ca150f836bd9ef300f95e4.jpeg','{\"filename\":\"\\u043e\\u043b\\u0435\\u043d\\u0430.jpg\"}',5307,2563,NULL,'image/jpeg',4999472,NULL,NULL,'slider',NULL,NULL,NULL,'2019-03-17 10:22:51','2019-03-17 10:22:51'),(919,'прибул.jpg',NULL,0,'sonata.media.provider.image',1,'e0dffaa10832150c46d161ba0259f3eb04c0adf3.jpeg','{\"filename\":\"\\u043f\\u0440\\u0438\\u0431\\u0443\\u043b.jpg\"}',1448,2048,NULL,'image/jpeg',273045,NULL,NULL,'performance',NULL,NULL,NULL,'2019-03-17 10:30:26','2019-03-17 10:30:26'),(920,'приб.jpg',NULL,0,'sonata.media.provider.image',1,'ab672a788a5f09fd125d6442b1aef874dc9072eb.jpeg','{\"filename\":\"\\u043f\\u0440\\u0438\\u0431.jpg\"}',5251,2481,NULL,'image/jpeg',3702579,NULL,NULL,'slider',NULL,NULL,NULL,'2019-03-17 10:30:39','2019-03-17 10:30:39'),(921,'КОНКУРС2.jpg',NULL,0,'sonata.media.provider.image',1,'e825407b1d3b687847ad751d462eec8c9964e496.jpeg','{\"filename\":\"\\u041a\\u041e\\u041d\\u041a\\u0423\\u0420\\u04212.jpg\"}',3509,2482,NULL,'image/jpeg',2623844,NULL,NULL,'post',NULL,NULL,NULL,'2019-03-26 13:41:09','2019-03-26 13:41:09'),(922,'thumb_921_post_big.jpeg',NULL,0,'sonata.media.provider.image',1,'5478f874b7abc94a37c0d3dac3846d8559c16c6a.jpeg','{\"filename\":\"thumb_921_post_big.jpeg\"}',499,353,NULL,'image/jpeg',22091,NULL,NULL,'post',NULL,NULL,NULL,'2019-04-06 13:44:55','2019-04-06 13:44:55'),(923,'РЕЗУЛЬТАТ.jpg',NULL,0,'sonata.media.provider.image',1,'5d845a9943a7db4bfb1555ad1c325381b87beb5a.jpeg','{\"filename\":\"\\u0420\\u0415\\u0417\\u0423\\u041b\\u042c\\u0422\\u0410\\u0422.jpg\"}',3509,2481,NULL,'image/jpeg',2445395,NULL,NULL,'post',NULL,NULL,NULL,'2019-04-18 15:29:43','2019-04-18 15:29:43'),(924,'3.jpg',NULL,0,'sonata.media.provider.image',1,'b3951846d6e16d655d005e32333001290b3c70db.jpeg','{\"filename\":\"3.jpg\"}',2483,3511,NULL,'image/jpeg',12429787,NULL,NULL,'performance',NULL,NULL,NULL,'2019-05-05 21:17:32','2019-05-05 21:17:32'),(925,'2.jpg',NULL,0,'sonata.media.provider.image',1,'e41ac2a760ac0e382ace2f7d08eb6db3111f522b.jpeg','{\"filename\":\"2.jpg\"}',7444,3511,NULL,'image/jpeg',17029630,NULL,NULL,'slider',NULL,NULL,NULL,'2019-05-05 21:18:00','2019-05-05 21:18:00'),(926,'2.jpg',NULL,0,'sonata.media.provider.image',1,'def473875dc4bceb251650a8c051860635993214.jpeg','{\"filename\":\"2.jpg\"}',7444,3511,NULL,'image/jpeg',17029630,NULL,NULL,'slider',NULL,NULL,NULL,'2019-05-05 21:18:08','2019-05-05 21:18:08'),(927,'ЛОГІКА1.jpg',NULL,0,'sonata.media.provider.image',1,'232ff7b5b2c13d3a3580a39b732c37cee709a1d6.jpeg','{\"filename\":\"\\u041b\\u041e\\u0413\\u0406\\u041a\\u04101.jpg\"}',2483,3511,NULL,'image/jpeg',4273599,NULL,NULL,'performance',NULL,NULL,NULL,'2019-05-05 23:18:31','2019-05-05 23:18:31'),(928,'ЛОГІКА.jpg',NULL,0,'sonata.media.provider.image',1,'c99ec9721993097941a38a744c59f04e39f33dc2.jpeg','{\"filename\":\"\\u041b\\u041e\\u0413\\u0406\\u041a\\u0410.jpg\"}',7089,2483,NULL,'image/jpeg',8438967,NULL,NULL,'slider',NULL,NULL,NULL,'2019-05-05 23:18:53','2019-05-05 23:18:53'),(929,'ЛОГІКА.jpg',NULL,0,'sonata.media.provider.image',1,'172504e1214106c92908512724229e81e457da5d.jpeg','{\"filename\":\"\\u041b\\u041e\\u0413\\u0406\\u041a\\u0410.jpg\"}',7089,2483,NULL,'image/jpeg',8438967,NULL,NULL,'slider',NULL,NULL,NULL,'2019-05-05 23:18:58','2019-05-05 23:18:58'),(930,'ЛОГІКА.jpg',NULL,0,'sonata.media.provider.image',1,'2d36c0b2da782635dd132a43e5f2b813d5394a78.jpeg','{\"filename\":\"\\u041b\\u041e\\u0413\\u0406\\u041a\\u0410.jpg\"}',7089,2483,NULL,'image/jpeg',8438967,NULL,NULL,'slider',NULL,NULL,NULL,'2019-05-05 23:19:03','2019-05-05 23:19:03'),(931,'ЛОГІКА.jpg',NULL,0,'sonata.media.provider.image',1,'8f20197d904b638de6ea32ced753fe9b73c1edab.jpeg','{\"filename\":\"\\u041b\\u041e\\u0413\\u0406\\u041a\\u0410.jpg\"}',7089,2483,NULL,'image/jpeg',8438967,NULL,NULL,'slider',NULL,NULL,NULL,'2019-05-05 23:19:08','2019-05-05 23:19:08'),(932,'141.jpg',NULL,0,'sonata.media.provider.image',1,'33be9c68388c17c3e129ccd0b4021e6c91f17426.jpeg','{\"filename\":\"141.jpg\"}',2480,3508,NULL,'image/jpeg',7887857,NULL,NULL,'performance',NULL,NULL,NULL,'2019-05-06 08:50:28','2019-05-06 08:50:28'),(933,'142.jpg',NULL,0,'sonata.media.provider.image',1,'266e43b26c5f8b70e55466956a72f7ffc4feb51b.jpeg','{\"filename\":\"142.jpg\"}',7523,2481,NULL,'image/jpeg',11305827,NULL,NULL,'slider',NULL,NULL,NULL,'2019-05-06 08:50:53','2019-05-06 08:50:53'),(934,'142.jpg',NULL,0,'sonata.media.provider.image',1,'7263a63631a086e865dd063efbfb682ac90aea92.jpeg','{\"filename\":\"142.jpg\"}',7523,2481,NULL,'image/jpeg',11305827,NULL,NULL,'slider',NULL,NULL,NULL,'2019-05-06 08:50:59','2019-05-06 08:50:59'),(935,'КОНКУРС2.jpg',NULL,0,'sonata.media.provider.image',1,'fe0eefcc34da0847c22402592bdeefafae1c6abb.jpeg','{\"filename\":\"\\u041a\\u041e\\u041d\\u041a\\u0423\\u0420\\u04212.jpg\"}',3509,2482,NULL,'image/jpeg',2623844,NULL,NULL,'post',NULL,NULL,NULL,'2019-07-11 08:24:19','2019-07-11 08:24:19'),(936,'КОНКУРС.jpg',NULL,0,'sonata.media.provider.image',1,'d62a015ddf91ffd8b465ce077a635a861184961a.jpeg','{\"filename\":\"\\u041a\\u041e\\u041d\\u041a\\u0423\\u0420\\u0421.jpg\"}',210,148,NULL,'image/jpeg',1845652,NULL,NULL,'post',NULL,NULL,NULL,'2019-07-11 08:27:46','2019-07-11 08:27:46'),(937,'КОНКУРС2.jpg',NULL,0,'sonata.media.provider.image',1,'c18b410ceeb6bb0141bc09133f0cc47f6b31078f.jpeg','{\"filename\":\"\\u041a\\u041e\\u041d\\u041a\\u0423\\u0420\\u04212.jpg\"}',3509,2482,NULL,'image/jpeg',2623844,NULL,NULL,'post',NULL,NULL,NULL,'2019-07-11 08:28:15','2019-07-11 08:28:15'),(938,'КОНКУРС2.jpg',NULL,0,'sonata.media.provider.image',1,'adab1bf265ebd73bf44dd71ad6de58c212cd499b.jpeg','{\"filename\":\"\\u041a\\u041e\\u041d\\u041a\\u0423\\u0420\\u04212.jpg\"}',3509,2482,NULL,'image/jpeg',2623844,NULL,NULL,'post',NULL,NULL,NULL,'2019-07-11 08:40:25','2019-07-11 08:40:25'),(939,'КОНКУРС2.jpg',NULL,0,'sonata.media.provider.image',1,'555f9e74d8d1d3a13610249b99b07de110133e11.jpeg','{\"filename\":\"\\u041a\\u041e\\u041d\\u041a\\u0423\\u0420\\u04212.jpg\"}',3509,2482,NULL,'image/jpeg',2623844,NULL,NULL,'post',NULL,NULL,NULL,'2019-07-11 08:43:05','2019-07-11 08:43:05'),(940,'thumb_923_post_big.jpeg',NULL,0,'sonata.media.provider.image',1,'72ebd8b19971d550050e9c9ff4bf4e4116822b86.jpeg','{\"filename\":\"thumb_923_post_big.jpeg\"}',499,353,NULL,'image/jpeg',15422,NULL,NULL,'post',NULL,NULL,NULL,'2019-08-15 13:00:39','2019-08-15 13:00:39'),(941,'thumb_923_post_big.jpeg',NULL,0,'sonata.media.provider.image',1,'d846955f77ae3848d1e9ac9730fbf706f45e24a5.jpeg','{\"filename\":\"thumb_923_post_big.jpeg\"}',499,353,NULL,'image/jpeg',15422,NULL,NULL,'post',NULL,NULL,NULL,'2019-08-15 13:03:48','2019-08-15 13:03:48'),(942,'thumb_939_post_big.jpeg',NULL,0,'sonata.media.provider.image',1,'0360d70a93cba016126a3eac8ec8c3e7718509b0.jpeg','{\"filename\":\"thumb_939_post_big.jpeg\"}',499,353,NULL,'image/jpeg',22083,NULL,NULL,'post',NULL,NULL,NULL,'2019-08-30 16:42:48','2019-08-30 16:42:48'),(943,'thumb_939_post_big.jpeg',NULL,0,'sonata.media.provider.image',1,'dd991f1086e42f3ef1db5def469737eb8b3906a7.jpeg','{\"filename\":\"thumb_939_post_big.jpeg\"}',499,353,NULL,'image/jpeg',22083,NULL,NULL,'post',NULL,NULL,NULL,'2019-08-30 17:25:11','2019-08-30 17:25:11'),(944,'thumb_939_post_big.jpeg',NULL,0,'sonata.media.provider.image',1,'012cfac29ce786816381d8e309ffdd816a9972e7.jpeg','{\"filename\":\"thumb_939_post_big.jpeg\"}',499,353,NULL,'image/jpeg',22083,NULL,NULL,'post',NULL,NULL,NULL,'2019-08-30 17:30:12','2019-08-30 17:30:12'),(945,'РЕЗУЛЬТАТ.jpg',NULL,0,'sonata.media.provider.image',1,'02b432277fc3017cc1d86fe6bc9d974ae362cc80.jpeg','{\"filename\":\"\\u0420\\u0415\\u0417\\u0423\\u041b\\u042c\\u0422\\u0410\\u0422.jpg\"}',3509,2481,NULL,'image/jpeg',2445395,NULL,NULL,'post',NULL,NULL,NULL,'2019-09-25 13:09:39','2019-09-25 13:09:39'),(946,'РЕЗУЛЬТАТ.jpg',NULL,0,'sonata.media.provider.image',1,'9279ed4d22c46980caf2595a3bb237681ed1cada.jpeg','{\"filename\":\"\\u0420\\u0415\\u0417\\u0423\\u041b\\u042c\\u0422\\u0410\\u0422.jpg\"}',3509,2481,NULL,'image/jpeg',2445395,NULL,NULL,'post',NULL,NULL,NULL,'2019-09-25 13:12:02','2019-09-25 13:12:02'),(947,'thumb_923_post_big.jpeg',NULL,0,'sonata.media.provider.image',1,'49ae0c3aa8817ed0e8ef8d42539f4bc1dc71078e.jpeg','{\"filename\":\"thumb_923_post_big.jpeg\"}',499,353,NULL,'image/jpeg',15422,NULL,NULL,'post',NULL,NULL,NULL,'2019-10-01 18:20:18','2019-10-01 18:20:18'),(948,'КОНКУРС.jpg',NULL,0,'sonata.media.provider.image',1,'990c3585e0306a80e890c4bd57a1ca784d4342d0.jpeg','{\"filename\":\"\\u041a\\u041e\\u041d\\u041a\\u0423\\u0420\\u0421.jpg\"}',210,148,NULL,'image/jpeg',1845652,NULL,NULL,'post',NULL,NULL,NULL,'2019-11-04 15:14:02','2019-11-04 15:14:02'),(949,'РЕЗУЛЬТАТ.jpg',NULL,0,'sonata.media.provider.image',1,'c457223d3b4dcb0ee62107279f0234363bd3fac5.jpeg','{\"filename\":\"\\u0420\\u0415\\u0417\\u0423\\u041b\\u042c\\u0422\\u0410\\u0422.jpg\"}',3509,2481,NULL,'image/jpeg',2445395,NULL,NULL,'post',NULL,NULL,NULL,'2019-11-21 14:18:23','2019-11-21 14:18:23'),(950,'РЕЗУЛЬТАТ.jpg',NULL,0,'sonata.media.provider.image',1,'f98cedc1b0335d7d1e17c4d637d09743999204da.jpeg','{\"filename\":\"\\u0420\\u0415\\u0417\\u0423\\u041b\\u042c\\u0422\\u0410\\u0422.jpg\"}',3509,2481,NULL,'image/jpeg',2445395,NULL,NULL,'post',NULL,NULL,NULL,'2019-11-21 14:18:26','2019-11-21 14:18:26'),(951,'афіша А4 сайт.jpg',NULL,0,'sonata.media.provider.image',1,'24bf308f3619399f82e602b9de5816fe453810bb.jpeg','{\"filename\":\"\\u0430\\u0444\\u0456\\u0448\\u0430 \\u04104 \\u0441\\u0430\\u0439\\u0442.jpg\"}',2480,3508,NULL,'image/jpeg',6467860,NULL,NULL,'performance',NULL,NULL,NULL,'2020-01-12 14:27:11','2020-01-12 14:27:11'),(952,'для сайту довга.jpg',NULL,0,'sonata.media.provider.image',1,'c28ccc250db30b91d75465c71af2f8e85e6e7497.jpeg','{\"filename\":\"\\u0434\\u043b\\u044f \\u0441\\u0430\\u0439\\u0442\\u0443 \\u0434\\u043e\\u0432\\u0433\\u0430.jpg\"}',3937,1181,NULL,'image/jpeg',2558889,NULL,NULL,'slider',NULL,NULL,NULL,'2020-01-12 14:27:28','2020-01-12 14:27:28'),(953,'79363351_2967029609974528_3030237055260033024_o.jpg',NULL,0,'sonata.media.provider.image',1,'0510f7efcd0d34f3b7328a8ba5a35567364f6280.jpeg','{\"filename\":\"79363351_2967029609974528_3030237055260033024_o.jpg\"}',637,960,NULL,'image/jpeg',98659,NULL,NULL,'performance',NULL,NULL,NULL,'2020-01-12 14:29:05','2020-01-12 14:29:05'),(954,'78810585_2967030453307777_8252934866497175552_o.jpg',NULL,0,'sonata.media.provider.image',1,'32b030227e9040702b63bd7b2ee40043116cda2d.jpeg','{\"filename\":\"78810585_2967030453307777_8252934866497175552_o.jpg\"}',2048,1365,NULL,'image/jpeg',440112,NULL,NULL,'performance',NULL,NULL,NULL,'2020-01-12 14:29:31','2020-01-12 14:29:31'),(955,'79097049_2967029566641199_4610037386640883712_o.jpg',NULL,0,'sonata.media.provider.image',1,'85973dd842f5f12c95bdfda7b9e0a24ba4528f70.jpeg','{\"filename\":\"79097049_2967029566641199_4610037386640883712_o.jpg\"}',637,960,NULL,'image/jpeg',69153,NULL,NULL,'performance',NULL,NULL,NULL,'2020-01-12 14:29:49','2020-01-12 14:29:49'),(956,'79138697_2967030869974402_7872630042310737920_o.jpg',NULL,0,'sonata.media.provider.image',1,'16723b4e77faed56996bb3f1250d851ba41cdc16.jpeg','{\"filename\":\"79138697_2967030869974402_7872630042310737920_o.jpg\"}',2048,1365,NULL,'image/jpeg',339775,NULL,NULL,'performance',NULL,NULL,NULL,'2020-01-12 14:30:10','2020-01-12 14:30:10'),(957,'78858942_2967032783307544_4732960351379783680_o.jpg',NULL,0,'sonata.media.provider.image',1,'c9adeab91a10b933d417ef880f25e78bf42b2d1e.jpeg','{\"filename\":\"78858942_2967032783307544_4732960351379783680_o.jpg\"}',2048,1365,NULL,'image/jpeg',401030,NULL,NULL,'performance',NULL,NULL,NULL,'2020-01-12 14:30:27','2020-01-12 14:30:27'),(958,'79100512_2967031259974363_4969546228288192512_o.jpg',NULL,0,'sonata.media.provider.image',1,'5979b19c16b84b6548ea1285b855a6380775c937.jpeg','{\"filename\":\"79100512_2967031259974363_4969546228288192512_o.jpg\"}',637,960,NULL,'image/jpeg',83819,NULL,NULL,'performance',NULL,NULL,NULL,'2020-01-12 14:30:50','2020-01-12 14:30:50'),(959,'афіша на аракал ОРЕГІНАЛ А4.jpg',NULL,0,'sonata.media.provider.image',1,'62875439849c8e514b496f6262e191338db50a4a.jpeg','{\"filename\":\"\\u0430\\u0444\\u0456\\u0448\\u0430 \\u043d\\u0430 \\u0430\\u0440\\u0430\\u043a\\u0430\\u043b \\u041e\\u0420\\u0415\\u0413\\u0406\\u041d\\u0410\\u041b \\u04104.jpg\"}',2480,3507,NULL,'image/jpeg',7357838,NULL,NULL,'performance',NULL,NULL,NULL,'2020-01-15 16:45:51','2020-01-15 16:45:51'),(960,'для сайту довга (1).jpg',NULL,0,'sonata.media.provider.image',1,'3120e2d357dda3ca7ec0891f7c8202e4dcbd2cf8.jpeg','{\"filename\":\"\\u0434\\u043b\\u044f \\u0441\\u0430\\u0439\\u0442\\u0443 \\u0434\\u043e\\u0432\\u0433\\u0430 (1).jpg\"}',3937,1181,NULL,'image/jpeg',5345830,NULL,NULL,'slider',NULL,NULL,NULL,'2020-01-15 16:46:25','2020-01-15 16:46:25');
/*!40000 ALTER TABLE `media__media` ENABLE KEYS */;
UNLOCK TABLES;

--
-- Table structure for table `migration_versions`
--

DROP TABLE IF EXISTS `migration_versions`;
/*!40101 SET @saved_cs_client     = @@character_set_client */;
/*!40101 SET character_set_client = utf8 */;
CREATE TABLE `migration_versions` (
  `version` varchar(255) COLLATE utf8_unicode_ci NOT NULL,
  PRIMARY KEY (`version`)
) ENGINE=InnoDB DEFAULT CHARSET=utf8 COLLATE=utf8_unicode_ci;
/*!40101 SET character_set_client = @saved_cs_client */;

--
-- Dumping data for table `migration_versions`
--

LOCK TABLES `migration_versions` WRITE;
/*!40000 ALTER TABLE `migration_versions` DISABLE KEYS */;
INSERT INTO `migration_versions` VALUES ('20150421173032'),('20150531150000'),('20150614010455'),('20150614110515'),('20150917142245'),('20160503093009');
/*!40000 ALTER TABLE `migration_versions` ENABLE KEYS */;
UNLOCK TABLES;

--
-- Table structure for table `performance_galleryHasMedia`
--

DROP TABLE IF EXISTS `performance_galleryHasMedia`;
/*!40101 SET @saved_cs_client     = @@character_set_client */;
/*!40101 SET character_set_client = utf8 */;
CREATE TABLE `performance_galleryHasMedia` (
  `performance_id` int(11) NOT NULL,
  `galleryHasMedia_id` int(11) NOT NULL,
  PRIMARY KEY (`performance_id`,`galleryHasMedia_id`),
  KEY `IDX_B802D923B91ADEEE` (`performance_id`),
  KEY `IDX_B802D9238A6BB82C` (`galleryHasMedia_id`),
  CONSTRAINT `FK_B802D9238A6BB82C` FOREIGN KEY (`galleryHasMedia_id`) REFERENCES `media__gallery_media` (`id`),
  CONSTRAINT `FK_B802D923B91ADEEE` FOREIGN KEY (`performance_id`) REFERENCES `performances` (`id`)
) ENGINE=InnoDB DEFAULT CHARSET=utf8 COLLATE=utf8_unicode_ci;
/*!40101 SET character_set_client = @saved_cs_client */;

--
-- Dumping data for table `performance_galleryHasMedia`
--

LOCK TABLES `performance_galleryHasMedia` WRITE;
/*!40000 ALTER TABLE `performance_galleryHasMedia` DISABLE KEYS */;
INSERT INTO `performance_galleryHasMedia` VALUES (1,1),(1,2),(1,3),(1,4),(1,137),(2,5),(2,6),(2,7),(2,8),(3,9),(3,10),(3,11),(3,12),(4,47),(4,48),(4,49),(4,50),(5,324),(5,325),(5,326),(5,327),(5,328),(6,17),(6,18),(6,19),(6,20),(7,21),(7,22),(8,23),(8,24),(9,25),(9,26),(9,27),(9,28),(9,29),(9,30),(9,31),(10,32),(10,33),(10,34),(10,35),(11,36),(11,37),(11,38),(11,138),(11,139),(12,40),(12,41),(13,42),(13,43),(13,196),(13,197),(14,44),(14,45),(14,181),(14,182),(14,183),(15,46),(15,114),(15,115),(15,116),(15,117),(15,118),(15,119),(16,39),(16,126),(16,127),(16,128),(16,129),(16,130),(16,131),(17,101),(17,102),(17,103),(17,104),(17,105),(17,106),(17,107),(18,108),(18,109),(18,110),(18,111),(18,112),(18,113),(19,120),(19,121),(19,122),(19,123),(19,124),(19,125),(20,132),(20,133),(20,134),(22,135),(22,136),(23,140),(23,141),(23,142),(23,143),(23,144),(24,145),(24,146),(24,147),(24,148),(24,149),(25,153),(25,154),(25,155),(25,156),(25,157),(25,329),(25,330),(25,331),(26,158),(27,159),(28,160),(28,161),(28,162),(28,163),(29,164),(29,165),(29,166),(30,167),(30,168),(30,169),(30,170),(30,171),(30,172),(32,173),(32,174),(32,175),(32,176),(32,177),(33,178),(33,179),(33,180),(34,184),(35,185),(35,186),(35,187),(35,188),(35,189),(35,190),(36,191),(36,192),(36,193),(36,194),(36,195),(37,198),(37,199),(37,200),(37,201),(37,202),(37,203),(37,204),(37,205),(37,206),(37,207),(38,252),(38,253),(38,254),(38,255),(38,256),(38,257),(38,258),(39,209),(39,210),(39,211),(39,212),(39,213),(39,214),(39,215),(39,216),(40,217),(40,218),(40,219),(40,220),(40,221),(40,222),(40,223),(40,224),(40,225),(41,226),(41,227),(41,228),(41,229),(41,230),(41,231),(41,232),(43,233),(43,234),(43,235),(43,236),(44,237),(44,238),(44,239),(44,240),(45,241),(45,242),(45,243),(45,244),(45,245),(45,246),(45,247),(45,248),(45,249),(45,250),(46,251),(47,332),(47,333),(47,334),(47,335),(47,336),(47,337),(47,338),(47,339),(47,340),(47,341),(52,307),(52,308),(52,309),(52,310),(55,356),(56,342),(56,343),(56,344),(56,345),(56,346),(56,347),(56,348),(57,349),(57,350),(57,351),(57,352),(57,353),(70,361),(70,362),(70,363),(70,364),(70,365),(70,366),(70,367),(70,368),(89,370),(89,371),(89,372),(89,373),(89,374);
/*!40000 ALTER TABLE `performance_galleryHasMedia` ENABLE KEYS */;
UNLOCK TABLES;

--
-- Table structure for table `performance_schedule`
--

DROP TABLE IF EXISTS `performance_schedule`;
/*!40101 SET @saved_cs_client     = @@character_set_client */;
/*!40101 SET character_set_client = utf8 */;
CREATE TABLE `performance_schedule` (
  `id` int(11) NOT NULL AUTO_INCREMENT,
  `performance_id` int(11) DEFAULT NULL,
  `dateTime` datetime NOT NULL,
  `createdAt` datetime NOT NULL,
  `updatedAt` datetime DEFAULT NULL,
  `deletedAt` datetime DEFAULT NULL,
  `createdBy` varchar(255) COLLATE utf8_unicode_ci DEFAULT NULL,
  `updatedBy` varchar(255) COLLATE utf8_unicode_ci DEFAULT NULL,
  `deletedBy` varchar(255) COLLATE utf8_unicode_ci DEFAULT NULL,
  `venue` varchar(255) COLLATE utf8_unicode_ci NOT NULL,
  PRIMARY KEY (`id`),
  KEY `IDX_D12575F9B91ADEEE` (`performance_id`),
  CONSTRAINT `FK_D12575F9B91ADEEE` FOREIGN KEY (`performance_id`) REFERENCES `performances` (`id`)
) ENGINE=InnoDB AUTO_INCREMENT=630 DEFAULT CHARSET=utf8 COLLATE=utf8_unicode_ci;
/*!40101 SET character_set_client = @saved_cs_client */;

--
-- Dumping data for table `performance_schedule`
--

LOCK TABLES `performance_schedule` WRITE;
/*!40000 ALTER TABLE `performance_schedule` DISABLE KEYS */;
INSERT INTO `performance_schedule` VALUES (1,1,'2015-02-21 11:29:55','2015-02-28 08:28:25','2015-03-24 21:02:27',NULL,NULL,NULL,NULL,'venue-theatre'),(2,2,'2015-02-20 14:03:30','2015-02-09 03:34:43','2015-03-12 15:09:32','2016-01-14 17:25:25',NULL,NULL,'roman','venue-theatre'),(3,3,'2015-02-13 15:47:10','2014-09-29 22:26:29','2015-03-31 17:43:14',NULL,NULL,NULL,NULL,'venue-theatre'),(4,4,'2015-02-21 23:16:57','2014-11-02 22:34:15','2014-11-07 05:29:45',NULL,NULL,NULL,NULL,'venue-theatre'),(5,5,'2015-03-01 02:01:42','2014-11-25 12:03:25','2015-01-07 09:00:08','2015-05-27 11:46:16',NULL,NULL,NULL,'venue-theatre'),(6,6,'2015-03-04 10:51:47','2014-12-14 12:39:21','2015-02-23 05:38:48',NULL,NULL,NULL,NULL,'venue-theatre'),(7,7,'2015-02-20 03:13:10','2014-11-09 08:48:27','2015-04-02 01:06:37','2015-05-27 11:45:26',NULL,NULL,NULL,'venue-theatre'),(8,8,'2015-02-06 04:09:31','2015-01-24 21:47:48','2015-03-05 01:30:01',NULL,NULL,NULL,NULL,'venue-theatre'),(9,9,'2015-02-11 21:59:02','2015-03-30 05:12:41','2015-04-03 04:21:04','2015-05-27 11:46:31',NULL,NULL,NULL,'venue-theatre'),(10,10,'2015-02-19 07:29:19','2015-02-15 19:50:44','2015-04-05 12:29:41',NULL,NULL,NULL,NULL,'venue-theatre'),(11,11,'2015-02-14 21:16:50','2015-03-27 01:24:14','2015-04-05 21:31:16',NULL,NULL,NULL,NULL,'venue-theatre'),(12,12,'2015-02-21 10:58:20','2014-12-03 10:50:13','2015-02-08 17:07:41',NULL,NULL,NULL,NULL,'venue-theatre'),(13,13,'2015-02-14 20:25:16','2015-02-21 03:32:42','2015-03-26 16:40:03',NULL,NULL,NULL,NULL,'venue-theatre'),(14,14,'2015-02-05 08:52:47','2015-01-08 18:22:59','2015-02-27 23:19:06','2015-05-27 11:46:55',NULL,NULL,NULL,'venue-theatre'),(15,15,'2015-03-01 12:23:41','2015-01-31 22:32:42','2015-03-28 12:37:32','2015-05-27 11:47:37',NULL,NULL,NULL,'venue-theatre'),(16,16,'2015-02-23 20:20:09','2015-01-31 08:25:26','2015-02-06 16:39:01','2015-05-27 11:47:20',NULL,NULL,NULL,'venue-theatre'),(17,1,'2015-02-11 12:26:25','2015-01-04 17:33:34','2015-02-07 01:55:43',NULL,NULL,NULL,NULL,'venue-theatre'),(18,2,'2015-02-06 09:13:21','2015-01-06 15:12:25','2015-01-08 16:16:02','2016-01-14 17:25:25',NULL,NULL,'roman','venue-theatre'),(19,3,'2015-02-12 02:12:32','2014-10-04 16:06:58','2014-11-03 09:06:56',NULL,NULL,NULL,NULL,'venue-theatre'),(20,4,'2015-02-16 19:47:46','2015-02-11 06:30:28','2015-03-06 20:39:44',NULL,NULL,NULL,NULL,'venue-theatre'),(21,5,'2015-03-10 06:58:49','2014-11-26 08:04:39','2014-12-20 00:20:37','2015-05-27 11:46:16',NULL,NULL,NULL,'venue-theatre'),(22,6,'2015-03-11 11:50:30','2015-02-18 15:14:42','2015-03-08 16:27:51',NULL,NULL,NULL,NULL,'venue-theatre'),(23,7,'2015-03-23 16:56:23','2015-01-11 08:01:45','2015-01-21 22:31:36','2015-05-27 11:45:26',NULL,NULL,NULL,'venue-theatre'),(24,8,'2015-03-23 11:44:12','2014-10-05 09:03:16','2014-10-17 15:38:12',NULL,NULL,NULL,NULL,'venue-theatre'),(25,9,'2015-03-28 06:09:47','2015-03-26 06:19:42','2015-03-28 03:55:17','2015-05-27 11:46:31',NULL,NULL,NULL,'venue-theatre'),(26,10,'2015-03-11 17:31:58','2014-11-30 11:48:38','2014-12-04 01:01:31',NULL,NULL,NULL,NULL,'venue-theatre'),(27,11,'2015-04-01 00:19:39','2015-02-11 19:19:08','2015-02-26 17:58:45','2015-04-08 22:06:31',NULL,NULL,NULL,'venue-theatre'),(28,12,'2015-03-26 13:18:12','2015-01-20 08:58:39','2015-02-27 21:50:32',NULL,NULL,NULL,NULL,'venue-theatre'),(29,13,'2015-03-28 15:45:38','2014-11-01 23:03:36','2015-03-01 16:50:01',NULL,NULL,NULL,NULL,'venue-theatre'),(30,14,'2015-03-14 19:09:07','2014-12-12 02:54:57','2015-02-10 10:54:43','2015-05-27 11:46:55',NULL,NULL,NULL,'venue-theatre'),(31,15,'2015-03-25 18:10:52','2014-09-21 00:03:51','2015-01-13 14:48:38','2015-05-27 11:47:37',NULL,NULL,NULL,'venue-theatre'),(32,16,'2015-03-22 06:39:25','2015-02-18 10:11:34','2015-03-31 21:37:18','2015-05-27 11:47:20',NULL,NULL,NULL,'venue-theatre'),(33,1,'2015-04-06 12:09:48','2015-01-19 20:45:34','2015-03-01 09:01:19','2015-04-08 22:06:31',NULL,NULL,NULL,'venue-theatre'),(34,2,'2015-03-17 09:46:19','2014-11-28 10:54:03','2015-04-03 23:42:35','2016-01-14 17:25:25',NULL,NULL,'roman','venue-theatre'),(35,3,'2015-03-29 07:29:10','2014-10-14 11:00:19','2015-01-14 21:31:59',NULL,NULL,NULL,NULL,'venue-theatre'),(36,4,'2015-03-12 15:23:10','2015-02-03 21:53:02','2015-04-06 09:39:02',NULL,NULL,NULL,NULL,'venue-theatre'),(37,5,'2015-03-18 21:40:21','2015-03-27 21:05:05','2015-03-31 19:26:42','2015-05-27 11:46:16',NULL,NULL,NULL,'venue-theatre'),(38,6,'2015-03-30 04:02:34','2015-02-11 01:19:31','2015-02-21 22:13:46',NULL,NULL,NULL,NULL,'venue-theatre'),(39,7,'2015-03-23 15:38:23','2015-03-19 09:51:24','2015-04-05 06:03:17','2015-05-27 11:45:26',NULL,NULL,NULL,'venue-theatre'),(40,8,'2015-04-06 00:06:47','2014-09-25 01:59:43','2014-12-18 18:06:14','2015-04-08 22:06:31',NULL,NULL,NULL,'venue-theatre'),(41,9,'2015-05-01 06:26:03','2015-01-22 04:20:31','2015-01-28 00:32:41','2015-04-16 22:52:51',NULL,NULL,NULL,'venue-theatre'),(42,10,'2015-05-02 12:30:59','2014-12-05 16:36:16','2015-03-31 14:04:40','2015-04-16 22:52:51',NULL,NULL,NULL,'venue-theatre'),(43,11,'2015-04-17 02:58:02','2015-03-16 13:50:06','2015-03-21 07:35:13','2015-04-08 22:06:31',NULL,NULL,NULL,'venue-theatre'),(44,12,'2015-04-18 06:51:39','2014-12-16 05:27:07','2015-01-11 17:37:44','2015-04-08 22:06:31',NULL,NULL,NULL,'venue-theatre'),(45,13,'2015-04-17 19:58:04','2015-02-26 18:54:08','2015-02-27 10:54:35','2015-04-08 22:06:31',NULL,NULL,NULL,'venue-theatre'),(46,14,'2015-04-15 12:06:22','2014-12-30 03:01:50','2015-02-24 18:33:26','2015-04-08 22:06:31',NULL,NULL,NULL,'venue-theatre'),(47,15,'2015-04-29 08:35:52','2014-11-28 12:57:19','2015-03-26 23:34:55','2015-04-08 22:06:31',NULL,NULL,NULL,'venue-theatre'),(48,16,'2015-04-29 03:22:35','2014-10-19 08:50:31','2015-02-08 21:32:00','2015-04-08 22:06:31',NULL,NULL,NULL,'venue-theatre'),(49,1,'2015-04-14 01:10:18','2015-03-13 08:10:16','2015-04-03 21:35:03','2015-04-08 22:06:31',NULL,NULL,NULL,'venue-theatre'),(50,2,'2015-04-17 09:35:15','2015-01-25 21:55:03','2015-02-22 03:04:17','2015-04-08 22:06:31',NULL,NULL,NULL,'venue-theatre'),(51,3,'2015-05-04 08:10:11','2014-11-02 16:30:14','2014-11-21 17:12:24','2015-04-16 22:52:51',NULL,NULL,NULL,'venue-theatre'),(52,4,'2015-05-05 07:42:51','2015-03-02 06:06:49','2015-03-27 05:19:55','2015-04-16 22:52:21',NULL,NULL,NULL,'venue-theatre'),(53,5,'2015-04-28 17:13:54','2015-02-19 10:48:10','2015-03-13 11:40:27','2015-04-08 22:06:31',NULL,NULL,NULL,'venue-theatre'),(54,6,'2015-05-07 04:44:10','2014-09-29 17:54:59','2015-03-29 08:32:57','2015-04-16 22:52:21',NULL,NULL,NULL,'venue-theatre'),(55,7,'2015-04-07 23:24:03','2015-03-21 05:42:10','2015-04-06 23:31:40','2015-04-08 22:06:31',NULL,NULL,NULL,'venue-theatre'),(56,8,'2015-04-27 14:50:46','2015-03-11 22:11:51','2015-04-04 18:44:55','2015-04-08 22:06:31',NULL,NULL,NULL,'venue-theatre'),(57,9,'2015-05-04 23:03:35','2015-02-03 02:14:48','2015-03-10 07:54:18','2015-04-16 22:52:51',NULL,NULL,NULL,'venue-theatre'),(58,10,'2015-04-08 03:03:59','2014-11-09 19:57:11','2014-12-23 04:35:37','2015-04-08 22:06:31',NULL,NULL,NULL,'venue-theatre'),(59,11,'2015-05-02 14:31:01','2015-02-21 00:35:35','2015-04-05 07:45:26','2015-04-16 22:52:51',NULL,NULL,NULL,'venue-theatre'),(60,12,'2015-04-23 09:04:32','2015-02-17 08:57:56','2015-03-31 08:12:55','2015-04-08 22:06:31',NULL,NULL,NULL,'venue-theatre'),(61,13,'2015-05-12 11:47:45','2014-11-10 14:19:25','2015-03-16 14:01:34','2015-04-16 22:52:21',NULL,NULL,NULL,'venue-theatre'),(62,14,'2015-05-30 05:21:08','2014-09-27 08:10:35','2014-12-17 07:05:36','2015-04-16 22:52:21',NULL,NULL,NULL,'venue-theatre'),(63,15,'2015-05-18 19:51:06','2015-03-10 05:28:32','2015-03-13 11:31:28','2015-04-16 22:52:21',NULL,NULL,NULL,'venue-theatre'),(64,16,'2015-05-25 02:03:31','2014-11-09 20:54:34','2015-03-08 00:42:24','2015-04-16 22:52:21',NULL,NULL,NULL,'venue-theatre'),(65,1,'2015-05-08 08:53:27','2015-01-07 19:36:09','2015-03-26 12:07:33','2015-04-16 22:52:21',NULL,NULL,NULL,'venue-theatre'),(66,2,'2015-05-11 09:50:00','2014-12-27 21:14:48','2015-02-20 15:31:29','2015-04-16 22:52:21',NULL,NULL,NULL,'venue-theatre'),(67,3,'2015-06-05 10:15:53','2015-04-04 22:44:37','2015-04-05 06:59:19','2015-05-29 12:36:15',NULL,NULL,NULL,'venue-theatre'),(68,4,'2015-05-10 22:39:30','2015-02-05 02:46:03','2015-02-07 21:51:34','2015-04-16 22:52:21',NULL,NULL,NULL,'venue-theatre'),(69,5,'2015-06-05 07:07:26','2015-02-16 14:13:48','2015-03-30 07:42:33','2015-05-27 11:46:16',NULL,NULL,NULL,'venue-theatre'),(70,6,'2015-05-10 16:20:08','2014-12-24 14:01:10','2015-01-26 22:38:07','2015-04-16 22:52:21',NULL,NULL,NULL,'venue-theatre'),(71,7,'2015-05-21 03:51:38','2014-09-19 10:21:02','2015-02-09 06:17:55','2015-04-16 22:52:21',NULL,NULL,NULL,'venue-theatre'),(72,8,'2015-05-19 11:15:29','2014-10-01 05:16:56','2015-03-04 11:18:07','2015-04-16 22:52:21',NULL,NULL,NULL,'venue-theatre'),(73,9,'2015-05-20 09:54:03','2014-11-24 22:03:04','2015-02-09 12:27:20','2015-04-16 22:52:21',NULL,NULL,NULL,'venue-theatre'),(74,10,'2015-06-04 10:31:05','2014-10-18 04:48:05','2015-03-09 12:29:07','2015-05-29 12:36:15',NULL,NULL,NULL,'venue-theatre'),(75,11,'2015-05-12 07:29:04','2015-02-16 01:57:11','2015-03-07 20:10:27','2015-04-16 22:52:21',NULL,NULL,NULL,'venue-theatre'),(76,12,'2015-05-13 03:25:52','2014-10-04 11:21:12','2015-01-05 08:29:16','2015-04-16 22:52:21',NULL,NULL,NULL,'venue-theatre'),(77,13,'2015-05-19 00:32:31','2015-01-11 00:54:27','2015-02-11 15:25:42','2015-04-16 22:52:21',NULL,NULL,NULL,'venue-theatre'),(78,14,'2015-05-18 14:44:10','2015-01-22 11:25:53','2015-02-01 09:36:27','2015-04-16 22:52:21',NULL,NULL,NULL,'venue-theatre'),(79,15,'2015-05-11 09:22:19','2014-12-11 00:08:29','2014-12-17 03:33:39','2015-04-16 22:52:21',NULL,NULL,NULL,'venue-theatre'),(80,16,'2015-06-01 19:41:59','2015-03-22 04:36:53','2015-03-27 11:50:55','2015-05-27 11:47:20',NULL,NULL,NULL,'venue-theatre'),(81,1,'2015-02-03 03:37:44','2014-09-26 12:19:36','2015-03-07 19:18:48',NULL,NULL,NULL,NULL,'venue-theatre'),(82,2,'2015-01-06 15:57:08','2014-12-07 04:24:23','2014-12-26 20:59:58','2016-01-14 17:25:25',NULL,NULL,'roman','venue-theatre'),(83,3,'2015-01-27 13:56:53','2015-03-10 18:46:06','2015-03-13 22:29:59',NULL,NULL,NULL,NULL,'venue-theatre'),(84,4,'2015-01-14 18:46:59','2015-01-03 01:41:32','2015-02-19 04:44:21',NULL,NULL,NULL,NULL,'venue-theatre'),(85,5,'2015-01-29 12:53:16','2014-10-02 07:27:07','2014-10-23 11:15:53','2015-05-27 11:46:16',NULL,NULL,NULL,'venue-theatre'),(86,6,'2015-02-03 17:19:06','2014-12-30 21:58:22','2015-01-26 06:03:01',NULL,NULL,NULL,NULL,'venue-theatre'),(87,7,'2015-01-18 07:03:45','2015-03-02 11:46:06','2015-03-26 07:50:02','2015-05-27 11:45:26',NULL,NULL,NULL,'venue-theatre'),(88,8,'2015-01-10 22:05:43','2015-03-23 22:55:16','2015-03-27 11:31:59',NULL,NULL,NULL,NULL,'venue-theatre'),(89,9,'2015-01-17 03:39:00','2014-10-02 14:39:15','2014-11-12 08:19:15','2015-05-27 11:46:31',NULL,NULL,NULL,'venue-theatre'),(90,10,'2015-01-25 06:56:27','2015-01-20 06:56:42','2015-03-21 02:09:17',NULL,NULL,NULL,NULL,'venue-theatre'),(91,11,'2015-01-07 10:52:05','2015-03-08 10:11:39','2015-03-24 06:19:31',NULL,NULL,NULL,NULL,'venue-theatre'),(92,12,'2015-01-17 23:46:06','2014-12-04 13:16:33','2015-02-11 00:27:23',NULL,NULL,NULL,NULL,'venue-theatre'),(93,13,'2015-02-02 17:53:18','2014-10-08 01:05:48','2014-10-18 15:09:26',NULL,NULL,NULL,NULL,'venue-theatre'),(94,14,'2015-01-18 12:52:34','2014-11-25 02:58:38','2015-01-24 06:41:37','2015-05-27 11:46:55',NULL,NULL,NULL,'venue-theatre'),(95,15,'2015-01-31 12:13:34','2015-03-17 23:49:26','2015-03-21 09:04:43','2015-05-27 11:47:37',NULL,NULL,NULL,'venue-theatre'),(96,16,'2015-01-13 22:35:12','2015-01-26 19:34:41','2015-03-07 21:40:22','2015-05-27 11:47:20',NULL,NULL,NULL,'venue-theatre'),(97,1,'2015-02-03 00:45:11','2015-04-01 21:18:26','2015-04-03 16:41:13',NULL,NULL,NULL,NULL,'venue-theatre'),(98,2,'2015-01-13 18:12:04','2015-01-04 02:33:08','2015-03-31 05:12:09','2016-01-14 17:25:25',NULL,NULL,'roman','venue-theatre'),(99,3,'2015-01-15 14:49:38','2015-03-18 00:03:52','2015-03-25 11:19:39',NULL,NULL,NULL,NULL,'venue-theatre'),(100,4,'2015-01-11 15:18:02','2015-02-07 15:59:50','2015-03-10 01:15:37',NULL,NULL,NULL,NULL,'venue-theatre'),(101,5,'2015-06-27 15:35:59','2014-09-21 22:58:52','2014-09-25 08:46:46','2015-05-27 11:46:16',NULL,NULL,NULL,'venue-theatre'),(102,6,'2015-06-25 23:20:32','2014-11-08 14:53:59','2015-04-02 16:45:44','2015-05-29 12:36:15',NULL,NULL,NULL,'venue-theatre'),(103,7,'2015-06-17 06:28:51','2015-02-17 13:02:02','2015-03-29 13:05:20','2015-05-29 12:36:15',NULL,NULL,NULL,'venue-theatre'),(104,8,'2015-06-21 22:05:31','2015-01-08 05:34:50','2015-02-25 18:46:33','2015-05-29 12:36:15',NULL,NULL,NULL,'venue-theatre'),(105,9,'2015-06-26 17:26:37','2015-01-17 07:33:11','2015-02-20 20:54:30','2015-05-29 12:36:15',NULL,NULL,NULL,'venue-theatre'),(106,10,'2015-06-16 08:17:40','2015-03-15 01:08:01','2015-03-15 09:50:26','2015-05-29 12:36:15',NULL,NULL,NULL,'venue-theatre'),(107,11,'2015-07-02 13:09:57','2015-03-22 06:56:08','2015-04-03 09:13:25','2015-06-04 11:35:52',NULL,NULL,NULL,''),(108,12,'2015-06-29 04:16:06','2015-03-22 08:58:56','2015-04-03 04:30:55','2015-05-29 12:36:15',NULL,NULL,NULL,'venue-theatre'),(109,13,'2015-06-14 01:19:47','2014-12-10 21:52:21','2015-03-26 17:47:08','2015-05-29 12:36:15',NULL,NULL,NULL,'venue-theatre'),(110,14,'2015-06-21 23:38:28','2015-02-23 00:26:25','2015-03-06 15:00:02','2015-05-27 11:46:55',NULL,NULL,NULL,'venue-theatre'),(111,15,'2015-06-08 21:09:53','2014-12-21 01:26:38','2015-01-03 14:20:10','2015-05-27 11:47:37',NULL,NULL,NULL,'venue-theatre'),(112,16,'2015-07-03 20:42:16','2015-03-11 02:41:42','2015-03-26 14:57:34','2015-06-04 11:35:52',NULL,NULL,NULL,''),(113,1,'2015-06-22 23:27:08','2014-11-04 22:38:23','2015-02-18 16:59:06','2015-05-29 12:36:15',NULL,NULL,NULL,'venue-theatre'),(114,2,'2015-06-25 02:11:10','2014-12-06 17:02:00','2015-04-04 15:40:13','2015-05-29 12:36:15',NULL,NULL,NULL,'venue-theatre'),(115,3,'2015-07-03 13:57:56','2015-01-25 23:15:45','2015-02-03 13:55:55','2015-06-04 11:35:52',NULL,NULL,NULL,''),(116,4,'2015-06-22 20:30:20','2015-01-16 18:29:38','2015-02-24 06:53:00','2015-05-29 12:36:15',NULL,NULL,NULL,'venue-theatre'),(117,5,'2015-07-02 02:29:01','2014-11-16 15:22:36','2014-11-21 02:53:45','2015-05-27 11:46:16',NULL,NULL,NULL,''),(118,6,'2015-06-16 09:29:22','2015-04-02 07:53:06','2015-04-04 11:21:28','2015-05-29 12:36:15',NULL,NULL,NULL,'venue-theatre'),(119,7,'2015-07-06 06:28:54','2015-02-03 15:36:22','2015-02-03 21:49:38','2015-05-27 11:45:26',NULL,NULL,NULL,''),(120,8,'2015-06-14 13:33:42','2015-02-01 03:26:44','2015-03-10 04:00:35','2015-05-29 12:36:15',NULL,NULL,NULL,'venue-theatre'),(121,18,'2015-04-01 18:30:00','2015-04-08 22:20:28','2015-04-08 22:20:28',NULL,NULL,NULL,NULL,'venue-theatre'),(122,22,'2015-04-03 18:30:00','2015-04-08 22:21:08','2015-04-08 22:21:08',NULL,NULL,NULL,NULL,'venue-theatre'),(123,17,'2015-04-04 18:00:00','2015-04-08 22:21:32','2015-04-08 22:21:32','2015-05-27 11:44:54',NULL,NULL,NULL,'venue-theatre'),(124,18,'2015-04-30 18:30:00','2015-04-08 22:22:01','2015-04-08 22:28:35',NULL,NULL,NULL,NULL,'venue-theatre'),(125,23,'2015-04-29 18:30:00','2015-04-08 22:30:52','2015-04-08 22:30:52',NULL,NULL,NULL,NULL,'venue-theatre'),(126,11,'2015-04-26 17:00:00','2015-04-08 22:31:25','2015-04-08 22:31:25',NULL,NULL,NULL,NULL,'venue-theatre'),(127,24,'2015-04-25 17:00:00','2015-04-08 22:31:52','2015-04-08 22:31:52',NULL,NULL,NULL,NULL,'venue-theatre'),(128,18,'2015-04-22 18:30:00','2015-04-08 22:32:14','2015-04-08 22:32:14',NULL,NULL,NULL,NULL,'venue-theatre'),(129,20,'2015-04-18 17:00:00','2015-04-08 22:32:34','2015-04-08 22:32:34',NULL,NULL,NULL,NULL,'venue-theatre'),(130,22,'2015-04-17 18:30:00','2015-04-08 22:32:59','2015-04-08 22:32:59',NULL,NULL,NULL,NULL,'venue-theatre'),(131,19,'2015-04-16 18:30:00','2015-04-08 22:33:19','2015-04-08 22:33:19',NULL,NULL,NULL,NULL,'venue-theatre'),(132,1,'2015-04-10 12:00:00','2015-04-08 22:34:12','2015-04-08 22:34:12','2015-04-09 09:53:03',NULL,NULL,NULL,'venue-theatre'),(133,1,'2015-04-09 12:00:00','2015-04-08 22:34:23','2015-04-08 22:34:23','2015-04-09 09:53:27',NULL,NULL,NULL,'venue-theatre'),(134,1,'2015-04-08 12:00:00','2015-04-08 22:34:34','2015-04-08 22:34:34','2015-04-09 09:53:03',NULL,NULL,NULL,'venue-theatre'),(135,1,'2015-04-07 12:00:00','2015-04-08 22:34:42','2015-04-08 22:34:42','2015-04-09 09:53:03',NULL,NULL,NULL,'venue-theatre'),(136,1,'2015-04-06 12:00:00','2015-04-08 22:34:52','2015-04-08 22:34:52','2015-04-09 09:53:03',NULL,NULL,NULL,'venue-theatre'),(137,21,'2015-04-05 17:00:00','2015-04-08 22:35:17','2015-04-08 22:35:17','2015-04-26 20:46:13',NULL,NULL,NULL,'venue-theatre'),(138,1,'2015-04-09 15:00:00','2015-04-09 09:53:47','2015-04-09 09:53:47',NULL,NULL,NULL,NULL,'venue-theatre'),(139,25,'2015-05-02 17:00:00','2015-04-17 01:43:24','2015-04-17 01:43:24',NULL,NULL,NULL,NULL,'venue-theatre'),(140,17,'2015-05-03 18:00:00','2015-04-17 01:43:48','2015-04-17 01:43:48',NULL,NULL,NULL,NULL,'venue-theatre'),(141,5,'2015-05-07 18:30:00','2015-04-17 01:44:52','2015-04-17 01:44:52',NULL,NULL,NULL,NULL,'venue-theatre'),(142,24,'2015-05-10 17:00:00','2015-04-17 01:45:53','2015-04-17 01:45:53',NULL,NULL,NULL,NULL,'venue-theatre'),(143,22,'2015-05-12 18:30:00','2015-04-17 01:46:18','2015-04-17 01:46:18',NULL,NULL,NULL,NULL,'venue-theatre'),(144,29,'2015-05-13 18:30:00','2015-04-17 01:46:42','2015-04-17 01:46:42',NULL,NULL,NULL,NULL,'venue-theatre'),(145,28,'2015-05-14 18:30:00','2015-04-17 01:47:48','2015-04-17 01:47:48',NULL,NULL,NULL,NULL,'venue-theatre'),(146,31,'2015-05-15 18:30:00','2015-04-17 01:48:07','2015-04-17 01:48:07',NULL,NULL,NULL,NULL,'venue-theatre'),(147,32,'2015-05-22 18:30:00','2015-04-17 01:48:30','2015-04-17 01:48:30',NULL,NULL,NULL,NULL,'venue-theatre'),(148,33,'2015-05-31 17:00:00','2015-04-17 01:48:56','2015-04-17 01:48:56',NULL,NULL,NULL,NULL,'venue-theatre'),(149,14,'2015-05-03 12:00:00','2015-04-17 01:49:26','2015-04-17 01:49:26',NULL,NULL,NULL,NULL,'venue-theatre'),(150,34,'2015-05-10 12:00:00','2015-04-17 01:49:44','2015-04-17 01:49:44',NULL,NULL,NULL,NULL,'venue-theatre'),(151,15,'2015-05-31 12:00:00','2015-04-17 01:50:08','2015-04-17 01:50:08',NULL,NULL,NULL,NULL,'venue-theatre'),(152,35,'2015-05-06 18:30:00','2015-04-17 01:56:43','2015-04-17 01:56:43',NULL,NULL,NULL,NULL,'venue-theatre'),(153,36,'2015-05-08 18:30:00','2015-04-17 02:02:06','2015-04-17 02:02:06',NULL,NULL,NULL,NULL,'venue-theatre'),(154,37,'2015-05-26 18:30:00','2015-05-08 08:54:11','2015-05-08 08:54:11','2015-05-08 21:26:53',NULL,NULL,NULL,'venue-theatre'),(155,37,'2015-05-26 18:30:00','2015-05-08 08:55:39','2015-05-08 08:55:39','2015-05-08 08:57:51',NULL,NULL,NULL,'venue-theatre'),(156,38,'2015-05-26 18:30:00','2015-05-08 21:50:44','2015-05-08 21:50:44',NULL,NULL,NULL,NULL,'venue-theatre'),(157,39,'2015-05-23 17:00:00','2015-05-12 19:49:41','2015-05-12 19:49:41',NULL,NULL,NULL,NULL,'venue-theatre'),(158,40,'2015-05-28 18:30:00','2015-05-12 19:50:39','2015-05-12 19:50:39',NULL,NULL,NULL,NULL,'venue-theatre'),(159,32,'2015-05-22 18:30:00','2015-05-12 19:52:32','2015-05-12 19:52:32',NULL,NULL,NULL,NULL,'venue-theatre'),(160,41,'2015-05-24 17:00:00','2015-05-12 20:14:40','2015-05-12 20:14:40',NULL,NULL,NULL,NULL,'venue-theatre'),(161,43,'2015-05-25 18:30:00','2015-05-16 09:56:26','2015-05-16 09:56:26',NULL,NULL,NULL,NULL,'venue-theatre'),(162,44,'2015-05-30 18:30:00','2015-05-16 10:10:07','2015-05-16 10:10:07','2015-05-28 09:54:57',NULL,NULL,NULL,'venue-theatre'),(163,22,'2015-06-03 11:32:00','2015-05-27 11:32:45','2015-05-27 11:32:45','2015-05-27 11:38:11',NULL,NULL,NULL,'venue-theatre'),(164,36,'2015-05-07 11:32:00','2015-05-27 11:33:04','2015-05-27 11:33:04','2015-05-27 11:44:34',NULL,NULL,NULL,'venue-theatre'),(165,17,'2015-06-07 11:33:00','2015-05-27 11:33:23','2015-05-27 11:33:23','2015-05-27 11:44:54',NULL,NULL,NULL,'venue-theatre'),(166,36,'2015-06-04 11:33:00','2015-05-27 11:33:47','2015-05-27 11:33:47','2015-05-27 11:44:34',NULL,NULL,NULL,'venue-theatre'),(167,7,'2015-06-11 11:33:00','2015-05-27 11:34:02','2015-05-27 11:34:02','2015-05-27 11:45:26',NULL,NULL,NULL,'venue-theatre'),(168,22,'2015-06-03 18:30:00','2015-05-27 11:38:44','2015-05-27 11:38:44',NULL,NULL,NULL,NULL,'venue-theatre'),(169,44,'2015-05-29 18:30:00','2015-05-28 09:55:25','2015-05-28 09:55:25',NULL,NULL,NULL,NULL,'venue-theatre'),(170,36,'2015-06-04 18:30:00','2015-05-29 12:37:06','2015-05-29 12:37:06',NULL,NULL,NULL,NULL,'venue-theatre'),(171,17,'2015-06-07 17:00:00','2015-05-29 12:37:57','2015-05-29 12:37:57',NULL,NULL,NULL,NULL,'venue-theatre'),(172,7,'2015-06-11 18:30:00','2015-05-29 12:38:27','2015-05-29 12:38:27',NULL,NULL,NULL,NULL,'venue-theatre'),(173,35,'2015-06-14 17:30:00','2015-05-29 12:41:22','2015-05-29 12:41:22',NULL,NULL,NULL,NULL,'venue-theatre'),(174,5,'2015-06-21 17:00:00','2015-05-29 12:41:50','2015-05-29 12:41:50',NULL,NULL,NULL,NULL,'venue-theatre'),(175,9,'2015-06-28 17:00:00','2015-05-29 12:42:10','2015-05-29 12:42:10',NULL,NULL,NULL,NULL,'venue-theatre'),(176,14,'2015-06-07 12:00:00','2015-05-29 12:42:29','2015-05-29 12:42:29',NULL,NULL,NULL,NULL,'venue-theatre'),(177,16,'2015-06-21 12:00:00','2015-05-29 12:43:02','2015-05-29 12:43:02',NULL,NULL,NULL,NULL,'venue-theatre'),(178,15,'2015-06-28 12:00:00','2015-05-29 12:43:17','2015-05-29 12:43:17',NULL,NULL,NULL,NULL,'venue-theatre'),(179,47,'2015-06-18 18:30:00','2015-06-05 13:46:56','2015-06-05 13:46:56',NULL,NULL,NULL,NULL,'venue-theatre'),(180,47,'2015-06-25 18:30:00','2015-06-05 13:47:13','2015-06-05 13:47:13',NULL,NULL,NULL,NULL,'venue-theatre'),(181,46,'2015-06-14 12:00:00','2015-06-05 18:21:21','2015-06-05 18:21:21',NULL,NULL,NULL,NULL,'venue-theatre'),(182,8,'2015-07-02 18:30:00','2015-06-30 16:00:35','2015-09-22 10:28:19',NULL,'nazarcom','sergey',NULL,'venue-kilic-house'),(183,17,'2015-07-05 17:00:00','2015-06-30 16:05:41','2015-06-30 16:05:41','2015-07-03 20:10:30','nazarcom','nazarcom','nazarcom',''),(184,47,'2015-07-07 18:30:00','2015-06-30 16:07:11','2015-09-22 10:27:55',NULL,'nazarcom','sergey',NULL,'venue-kilic-house'),(185,47,'2015-07-08 18:30:00','2015-06-30 16:07:33','2015-09-22 10:27:37',NULL,'nazarcom','sergey',NULL,'venue-kilic-house'),(186,19,'2015-07-09 18:30:00','2015-06-30 16:08:24','2015-06-30 16:08:24','2015-07-03 20:10:09','nazarcom','nazarcom','nazarcom',''),(187,29,'2015-07-10 18:30:00','2015-06-30 16:11:50','2015-06-30 16:11:50','2015-07-03 20:10:20','nazarcom','nazarcom','nazarcom',''),(188,33,'2015-07-12 17:00:00','2015-06-30 16:12:15','2015-09-22 10:27:10',NULL,'nazarcom','sergey',NULL,'venue-kilic-house'),(189,7,'2015-07-16 18:30:00','2015-06-30 16:12:36','2015-09-22 10:26:20',NULL,'nazarcom','sergey',NULL,'venue-kilic-house'),(190,10,'2015-07-17 18:30:00','2015-06-30 16:13:03','2015-09-22 10:26:06',NULL,'nazarcom','sergey',NULL,'venue-kilic-house'),(191,35,'2015-07-19 17:00:00','2015-06-30 16:13:26','2015-09-22 10:24:24',NULL,'nazarcom','sergey',NULL,'venue-philharmonic'),(192,5,'2015-07-22 18:30:00','2015-06-30 16:13:59','2015-09-22 10:25:10',NULL,'nazarcom','sergey',NULL,'venue-kilic-house'),(193,16,'2015-07-05 12:00:00','2015-06-30 16:22:45','2015-09-22 10:28:08',NULL,'nazarcom','sergey',NULL,'venue-kilic-house'),(194,15,'2015-07-12 12:00:00','2015-06-30 16:23:05','2015-06-30 16:23:05','2015-07-03 20:10:54','nazarcom','nazarcom','nazarcom',''),(195,48,'2015-07-19 12:00:00','2015-06-30 16:41:52','2015-06-30 16:41:52','2015-07-06 17:27:58','nazarcom','nazarcom','nazarcom',''),(196,14,'2015-07-12 12:00:00','2015-07-03 20:11:16','2015-09-22 10:27:24',NULL,'nazarcom','sergey',NULL,'venue-kilic-house'),(197,52,'2015-07-19 12:00:00','2015-07-06 18:06:16','2015-09-22 10:25:28',NULL,'nazarcom','sergey',NULL,'venue-kilic-house'),(198,7,'2015-10-01 18:30:00','2015-09-09 13:33:57','2015-09-21 19:19:07',NULL,'roman','roman',NULL,'venue-kilic-house'),(199,47,'2015-10-02 18:30:00','2015-09-09 13:35:53','2015-09-21 19:19:24',NULL,'roman','roman',NULL,'venue-kilic-house'),(200,47,'2015-10-02 18:30:00','2015-09-09 13:38:30','2015-09-09 13:38:30','2015-09-09 13:40:56','roman','roman','roman',''),(201,35,'2015-10-07 18:30:00','2015-09-09 13:39:34','2015-09-21 19:18:49',NULL,'roman','roman',NULL,'venue-philharmonic'),(202,8,'2015-10-09 18:30:00','2015-09-09 13:42:48','2015-09-09 13:42:48','2015-09-14 12:37:19','roman','roman','roman',''),(203,35,'2015-10-10 17:00:00','2015-09-09 13:43:40','2015-09-09 13:43:40','2015-09-09 17:25:16','roman','roman','roman',''),(204,33,'2015-10-15 18:30:00','2015-09-09 13:44:28','2015-09-09 13:44:28','2015-09-09 17:25:58','roman','roman','roman',''),(205,17,'2015-10-17 17:00:00','2015-09-09 13:45:03','2015-09-21 19:20:02',NULL,'roman','roman',NULL,'venue-kilic-house'),(206,29,'2015-10-21 18:30:00','2015-09-09 13:45:48','2015-09-21 19:20:23','2015-10-09 12:34:39','roman','roman','roman','venue-kilic-house'),(207,20,'2015-10-22 18:30:00','2015-09-09 13:46:36','2015-09-21 19:20:44',NULL,'roman','roman',NULL,'venue-kilic-house'),(208,4,'2015-10-24 17:00:00','2015-09-09 13:47:00','2015-09-21 19:20:56',NULL,'roman','roman',NULL,'venue-kilic-house'),(209,16,'2015-10-18 12:00:00','2015-09-09 13:48:10','2015-09-21 19:20:13',NULL,'roman','roman',NULL,'venue-kilic-house'),(210,33,'2015-10-10 17:00:00','2015-09-09 17:27:06','2015-09-21 19:19:52','2015-10-09 12:33:45','roman','roman','roman','venue-kilic-house'),(211,10,'2015-10-15 18:30:00','2015-09-09 17:27:55','2015-09-09 17:27:55','2015-09-14 12:37:19','roman','roman','roman',''),(212,46,'2015-10-04 12:00:00','2015-09-09 17:28:31','2015-09-09 17:28:31','2015-09-14 12:37:19','roman','roman','roman',''),(213,48,'2015-10-04 12:00:00','2015-09-14 12:38:15','2015-09-21 19:19:41',NULL,'roman','roman',NULL,'venue-kilic-house'),(214,9,'2015-11-04 18:30:00','2015-10-09 12:37:42','2015-10-09 12:37:42',NULL,'roman','roman',NULL,'venue-philharmonic'),(215,47,'2015-11-05 18:30:00','2015-10-09 12:39:05','2015-10-09 12:39:05',NULL,'roman','roman',NULL,'venue-kilic-house'),(216,17,'2015-11-08 17:00:00','2015-10-09 12:40:45','2015-10-21 13:21:39',NULL,'roman','roman',NULL,'venue-kilic-house'),(217,35,'2015-11-11 18:30:00','2015-10-09 12:41:54','2015-10-09 12:41:54',NULL,'roman','roman',NULL,'venue-kilic-house'),(218,20,'2015-11-12 18:30:00','2015-10-09 12:42:31','2015-10-09 12:42:31',NULL,'roman','roman',NULL,'venue-kilic-house'),(219,5,'2015-11-13 18:30:00','2015-10-09 12:44:25','2015-10-21 13:21:04',NULL,'roman','roman',NULL,'venue-kilic-house'),(220,4,'2015-11-21 17:00:00','2015-10-09 12:45:19','2015-10-09 12:45:19',NULL,'roman','roman',NULL,'venue-kilic-house'),(221,12,'2015-11-25 18:30:00','2015-10-09 12:46:01','2015-10-09 12:46:01',NULL,'roman','roman',NULL,'venue-philharmonic'),(222,3,'2015-11-26 18:30:00','2015-10-09 12:46:38','2015-10-09 12:46:38',NULL,'roman','roman',NULL,'venue-kilic-house'),(223,15,'2015-11-01 12:00:00','2015-10-09 12:47:48','2015-10-09 12:47:48','2015-10-21 13:20:31','roman','roman','roman','venue-kilic-house'),(224,14,'2015-11-08 12:00:00','2015-10-09 12:48:20','2015-10-09 12:48:20',NULL,'roman','roman',NULL,'venue-kilic-house'),(225,48,'2015-11-15 12:00:00','2015-10-09 12:48:58','2015-10-09 12:48:58','2015-10-21 13:20:31','roman','roman','roman','venue-kilic-house'),(226,52,'2015-11-22 12:00:00','2015-10-09 12:49:28','2015-10-09 12:49:28',NULL,'roman','roman',NULL,'venue-kilic-house'),(227,13,'2015-11-29 12:00:00','2015-10-09 12:50:02','2015-10-09 12:50:02',NULL,'roman','roman',NULL,'venue-kilic-house'),(228,17,'2016-01-28 18:30:00','2015-12-22 15:36:21','2015-12-22 15:40:03',NULL,'roman','roman',NULL,'venue-philharmonic'),(229,4,'2016-01-14 18:30:00','2015-12-22 16:12:21','2015-12-22 16:12:21',NULL,'roman','roman',NULL,'venue-kilic-house'),(230,29,'2016-01-20 18:30:00','2015-12-22 16:12:54','2015-12-22 16:12:54',NULL,'roman','roman',NULL,'venue-kilic-house'),(231,7,'2016-01-23 17:30:00','2015-12-22 16:13:37','2015-12-22 16:13:37',NULL,'roman','roman',NULL,'venue-philharmonic'),(232,47,'2016-02-03 18:30:00','2016-01-21 18:20:43','2016-01-21 18:20:43',NULL,'roman','roman',NULL,'venue-kilic-house'),(233,8,'2016-02-05 18:30:00','2016-01-21 18:21:32','2016-01-21 18:21:32',NULL,'roman','roman',NULL,'venue-kilic-house'),(234,33,'2016-02-10 18:30:00','2016-01-21 18:22:06','2016-01-21 18:22:06',NULL,'roman','roman',NULL,'venue-kilic-house'),(235,12,'2016-02-17 18:30:00','2016-01-21 18:22:52','2016-01-21 18:22:52',NULL,'roman','roman',NULL,'venue-philharmonic'),(236,3,'2016-02-18 18:30:00','2016-01-21 18:23:22','2016-01-21 18:23:22',NULL,'roman','roman',NULL,'venue-kilic-house'),(237,28,'2016-02-24 18:30:00','2016-01-21 18:24:00','2016-01-21 18:24:00',NULL,'roman','roman',NULL,'venue-philharmonic'),(238,20,'2016-02-25 18:30:00','2016-01-21 18:24:30','2016-01-21 18:24:30',NULL,'roman','roman',NULL,'venue-kilic-house'),(239,22,'2016-02-26 18:30:00','2016-01-21 18:24:53','2016-01-21 18:30:20',NULL,'roman','roman',NULL,'venue-kilic-house'),(240,4,'2016-02-28 17:00:00','2016-01-21 18:25:43','2016-01-21 18:25:43',NULL,'roman','roman',NULL,'venue-kilic-house'),(241,13,'2016-02-07 12:00:00','2016-01-21 18:26:20','2016-01-21 18:26:20',NULL,'roman','roman',NULL,'venue-kilic-house'),(242,15,'2016-02-21 12:00:00','2016-01-21 18:27:22','2016-02-17 09:49:31',NULL,'roman','roman',NULL,'venue-kilic-house'),(243,16,'2016-02-28 12:00:00','2016-01-21 18:27:59','2016-01-21 18:27:59',NULL,'roman','roman',NULL,'venue-kilic-house'),(244,8,'2016-03-03 18:30:00','2016-02-20 10:50:17','2016-02-20 10:50:17',NULL,'roman','roman',NULL,'venue-kilic-house'),(245,4,'2016-03-05 17:00:00','2016-02-20 10:51:02','2016-02-20 11:00:07',NULL,'roman','roman',NULL,'venue-philharmonic'),(246,5,'2016-03-06 17:00:00','2016-02-20 10:52:03','2016-02-20 10:52:03',NULL,'roman','roman',NULL,'venue-philharmonic'),(247,12,'2016-03-10 18:30:00','2016-02-20 10:53:22','2016-02-20 10:53:22',NULL,'roman','roman',NULL,'venue-kilic-house'),(248,17,'2016-03-13 17:00:00','2016-02-20 10:54:00','2016-02-20 10:54:00',NULL,'roman','roman',NULL,'venue-kilic-house'),(249,35,'2016-03-16 18:30:00','2016-02-20 10:54:50','2016-02-20 10:54:50',NULL,'roman','roman',NULL,'venue-philharmonic'),(250,20,'2016-03-30 18:30:00','2016-02-20 10:56:50','2016-02-20 10:56:50',NULL,'roman','roman',NULL,'venue-kilic-house'),(251,7,'2016-03-31 18:30:00','2016-02-20 10:57:34','2016-02-20 10:57:34',NULL,'roman','roman',NULL,'venue-kilic-house'),(252,48,'2016-03-06 12:00:00','2016-02-20 10:58:10','2016-02-20 10:58:10',NULL,'roman','roman',NULL,'venue-philharmonic'),(253,55,'2016-03-13 12:00:00','2016-02-20 10:58:57','2016-02-20 10:58:57',NULL,'roman','roman',NULL,'venue-kilic-house'),(254,57,'2016-03-27 17:00:00','2016-02-22 17:17:28','2016-02-22 17:17:28',NULL,'roman','roman',NULL,'venue-philharmonic'),(255,56,'2016-03-20 12:00:00','2016-02-22 17:18:11','2016-02-22 17:18:11',NULL,'roman','roman',NULL,'venue-kilic-house'),(256,58,'2016-03-09 18:30:00','2016-03-09 10:09:07','2016-03-09 10:09:07',NULL,'roman','roman',NULL,'venue-kilic-house'),(257,5,'2016-04-02 17:00:00','2016-03-17 10:13:40','2016-03-17 10:13:40',NULL,'roman','roman',NULL,'venue-philharmonic'),(258,22,'2016-04-06 18:30:00','2016-03-17 10:14:44','2016-03-17 10:14:44',NULL,'roman','roman',NULL,'venue-kilic-house'),(259,47,'2016-04-07 18:30:00','2016-03-17 10:15:29','2016-03-17 10:15:29',NULL,'roman','roman',NULL,'venue-kilic-house'),(260,35,'2016-04-10 17:00:00','2016-03-17 10:16:13','2016-03-17 10:16:13',NULL,'roman','roman',NULL,'venue-philharmonic'),(261,33,'2016-04-13 18:30:00','2016-03-17 10:17:05','2016-03-30 12:04:22',NULL,'roman','roman',NULL,'venue-kilic-house'),(262,57,'2016-04-14 18:30:00','2016-03-17 10:17:52','2016-03-17 10:17:52','2016-03-30 14:34:21','roman','roman','roman','venue-philharmonic'),(263,28,'2016-04-16 17:00:00','2016-03-17 10:18:31','2016-03-17 10:18:31',NULL,'roman','roman',NULL,'venue-philharmonic'),(264,57,'2016-04-17 17:00:00','2016-03-17 10:19:27','2016-03-30 14:33:15',NULL,'roman','roman',NULL,'venue-philharmonic'),(265,29,'2016-04-20 18:30:00','2016-03-17 10:20:08','2016-03-17 10:20:08',NULL,'roman','roman',NULL,'venue-kilic-house'),(266,17,'2016-04-21 18:30:00','2016-03-17 10:20:43','2016-03-30 14:33:59',NULL,'roman','roman',NULL,'venue-kilic-house'),(267,20,'2016-04-27 18:30:00','2016-03-17 10:21:18','2016-03-17 10:21:18',NULL,'roman','roman',NULL,'venue-kilic-house'),(268,55,'2016-04-03 12:00:00','2016-03-17 10:21:51','2016-03-17 10:21:51',NULL,'roman','roman',NULL,'venue-kilic-house'),(269,16,'2016-04-10 12:00:00','2016-03-17 10:22:24','2016-03-29 18:41:14',NULL,'roman','roman',NULL,'venue-philharmonic'),(270,56,'2016-04-17 12:00:00','2016-03-17 10:22:54','2016-03-17 10:22:54',NULL,'roman','roman',NULL,'venue-philharmonic'),(271,15,'2016-04-24 12:00:00','2016-03-17 10:23:38','2016-03-17 10:23:38',NULL,'roman','roman',NULL,'venue-kilic-house'),(272,59,'2016-10-11 18:30:00','2016-09-02 11:51:43','2016-09-02 11:51:43',NULL,'roman','roman',NULL,'venue-philharmonic'),(273,57,'2016-10-12 18:30:00','2016-09-02 11:52:41','2016-09-02 11:52:41',NULL,'roman','roman',NULL,'venue-philharmonic'),(274,35,'2016-10-22 17:00:00','2016-09-02 11:53:18','2016-09-02 11:53:18',NULL,'roman','roman',NULL,'venue-philharmonic'),(275,5,'2016-10-26 18:30:00','2016-09-02 11:53:52','2016-09-02 11:53:52',NULL,'roman','roman',NULL,'venue-philharmonic'),(276,33,'2016-10-27 18:30:00','2016-09-02 11:54:15','2016-09-02 11:57:59',NULL,'roman','roman',NULL,'venue-philharmonic'),(277,17,'2016-11-02 18:30:00','2016-10-21 12:12:36','2016-10-21 12:12:36',NULL,'roman','roman',NULL,'venue-philharmonic'),(278,28,'2016-11-12 17:00:00','2016-10-21 12:13:28','2016-10-21 12:13:28',NULL,'roman','roman',NULL,'venue-philharmonic'),(279,20,'2016-11-29 18:30:00','2016-10-21 12:15:26','2016-10-21 12:15:26',NULL,'roman','roman',NULL,'venue-philharmonic'),(280,56,'2016-11-27 12:00:00','2016-10-21 12:15:57','2016-10-21 12:15:57',NULL,'roman','roman',NULL,'venue-philharmonic'),(281,60,'2016-11-23 18:30:00','2016-10-21 12:41:54','2016-10-21 12:41:54',NULL,'roman','roman',NULL,'venue-philharmonic'),(282,60,'2016-11-27 17:00:00','2016-10-21 12:43:06','2016-10-21 12:43:06',NULL,'roman','roman',NULL,'venue-philharmonic'),(283,60,'2016-12-03 17:00:00','2016-11-22 08:34:06','2016-11-22 08:34:06',NULL,'roman','roman',NULL,'venue-philharmonic'),(284,61,'2016-12-21 11:00:00','2016-11-22 10:03:38','2016-11-22 10:03:38',NULL,'roman','roman',NULL,'venue-philharmonic'),(285,61,'2016-12-21 13:00:00','2016-11-22 10:04:35','2016-11-22 10:04:35',NULL,'roman','roman',NULL,'venue-philharmonic'),(286,61,'2016-12-23 11:00:00','2016-11-22 10:05:04','2016-11-22 10:05:04',NULL,'roman','roman',NULL,'venue-philharmonic'),(287,61,'2016-12-23 13:00:00','2016-11-22 10:05:33','2016-11-22 10:05:33',NULL,'roman','roman',NULL,'venue-philharmonic'),(288,61,'2016-12-28 11:00:00','2016-11-22 10:06:08','2016-11-22 10:06:08',NULL,'roman','roman',NULL,'venue-philharmonic'),(289,61,'2016-12-28 13:00:00','2016-11-22 10:06:34','2016-11-22 10:06:34',NULL,'roman','roman',NULL,'venue-philharmonic'),(290,61,'2016-12-29 13:00:00','2016-11-22 10:07:02','2016-11-22 10:09:23',NULL,'roman','roman',NULL,'venue-philharmonic'),(291,61,'2016-12-29 11:00:00','2016-11-22 10:07:37','2016-11-22 10:07:37',NULL,'roman','roman',NULL,'venue-philharmonic'),(292,61,'2016-12-30 11:00:00','2016-11-22 10:10:08','2016-11-22 10:10:08',NULL,'roman','roman',NULL,'venue-philharmonic'),(293,61,'2016-12-30 13:00:00','2016-11-22 10:10:45','2016-11-22 10:10:45',NULL,'roman','roman',NULL,'venue-philharmonic'),(294,60,'2016-12-15 18:30:00','2016-11-22 10:12:07','2016-11-22 10:12:07',NULL,'roman','roman',NULL,'venue-kilic-house'),(295,17,'2016-12-17 17:00:00','2016-11-22 10:13:14','2016-11-22 10:13:14',NULL,'roman','roman',NULL,'venue-kilic-house'),(296,29,'2016-12-18 17:00:00','2016-11-22 10:14:13','2016-11-22 10:14:13',NULL,'roman','roman',NULL,'venue-kilic-house'),(297,13,'2016-12-18 12:00:00','2016-11-22 10:15:19','2016-11-22 10:15:19',NULL,'roman','roman',NULL,'venue-kilic-house'),(298,57,'2017-01-17 18:30:00','2016-12-30 11:36:39','2016-12-30 11:36:39','2017-01-14 12:23:42','roman','roman','roman','venue-philharmonic'),(299,35,'2017-01-18 18:30:00','2016-12-30 11:38:04','2016-12-30 11:38:04',NULL,'roman','roman',NULL,'venue-philharmonic'),(300,12,'2017-01-19 18:30:00','2016-12-30 11:38:53','2016-12-30 11:38:53','2017-01-14 12:23:42','roman','roman','roman','venue-philharmonic'),(301,7,'2017-01-11 18:30:00','2016-12-30 11:39:40','2016-12-30 11:39:40',NULL,'roman','roman',NULL,'venue-kilic-house'),(302,33,'2017-01-12 18:30:00','2016-12-30 11:41:06','2016-12-30 11:41:06',NULL,'roman','roman',NULL,'venue-kilic-house'),(303,5,'2017-01-14 17:00:00','2016-12-30 11:41:47','2016-12-30 11:41:47',NULL,'roman','roman',NULL,'venue-kilic-house'),(304,59,'2017-01-15 17:00:00','2016-12-30 11:42:26','2016-12-30 11:42:26',NULL,'roman','roman',NULL,'venue-kilic-house'),(305,60,'2017-01-21 17:00:00','2016-12-30 11:43:39','2016-12-30 11:43:39',NULL,'roman','roman',NULL,'venue-kilic-house'),(306,47,'2017-01-22 17:00:00','2016-12-30 11:44:45','2016-12-30 11:44:45',NULL,'roman','roman',NULL,'venue-kilic-house'),(307,22,'2017-01-26 18:30:00','2016-12-30 11:45:14','2016-12-30 11:45:14',NULL,'roman','roman',NULL,'venue-kilic-house'),(308,4,'2017-01-28 17:00:00','2016-12-30 11:45:40','2016-12-30 11:45:40',NULL,'roman','roman',NULL,'venue-kilic-house'),(309,61,'2017-01-03 11:00:00','2016-12-30 11:46:38','2016-12-30 11:46:38',NULL,'roman','roman',NULL,'venue-philharmonic'),(310,61,'2017-01-03 13:00:00','2016-12-30 11:47:05','2016-12-30 11:47:05',NULL,'roman','roman',NULL,'venue-philharmonic'),(311,61,'2017-01-04 11:00:00','2016-12-30 11:47:34','2016-12-30 11:47:34',NULL,'roman','roman',NULL,'venue-philharmonic'),(312,61,'2017-01-04 13:00:00','2016-12-30 11:48:09','2016-12-30 11:48:09',NULL,'roman','roman',NULL,'venue-philharmonic'),(313,61,'2017-01-06 11:00:00','2016-12-30 11:49:56','2016-12-30 11:49:56',NULL,'roman','roman',NULL,'venue-philharmonic'),(314,61,'2017-01-06 13:00:00','2016-12-30 11:50:28','2016-12-30 11:50:28',NULL,'roman','roman',NULL,'venue-philharmonic'),(315,56,'2017-01-22 12:00:00','2016-12-30 11:51:05','2016-12-30 11:51:05',NULL,'roman','roman',NULL,'venue-kilic-house'),(316,15,'2017-01-29 12:00:00','2016-12-30 11:51:36','2016-12-30 11:51:36',NULL,'roman','roman',NULL,'venue-kilic-house'),(317,12,'2017-02-09 18:30:00','2017-01-24 17:29:36','2017-01-24 17:29:36',NULL,'roman','roman',NULL,'venue-philharmonic'),(318,17,'2017-02-12 17:00:00','2017-01-24 17:30:11','2017-01-24 17:30:11',NULL,'roman','roman',NULL,'venue-philharmonic'),(319,57,'2017-02-19 17:00:00','2017-01-24 17:30:53','2017-01-24 17:30:53',NULL,'roman','roman',NULL,'venue-philharmonic'),(320,9,'2017-02-25 17:00:00','2017-01-24 17:31:29','2017-01-24 17:31:29',NULL,'roman','roman',NULL,'venue-philharmonic'),(321,22,'2017-02-14 18:30:00','2017-01-24 17:32:10','2017-01-24 17:32:10',NULL,'roman','roman',NULL,'venue-kilic-house'),(322,60,'2017-02-16 18:30:00','2017-01-24 17:32:38','2017-01-24 17:32:38',NULL,'roman','roman',NULL,'venue-kilic-house'),(323,33,'2017-02-28 18:30:00','2017-01-24 17:33:15','2017-01-24 17:33:15',NULL,'roman','roman',NULL,'venue-kilic-house'),(324,56,'2017-02-12 12:00:00','2017-01-24 17:34:06','2017-01-24 17:34:06',NULL,'roman','roman',NULL,'venue-philharmonic'),(325,55,'2017-02-19 12:00:00','2017-01-24 17:34:35','2017-01-24 17:34:35',NULL,'roman','roman',NULL,'venue-philharmonic'),(326,15,'2017-02-26 12:00:00','2017-01-24 17:34:59','2017-01-24 17:34:59',NULL,'roman','roman',NULL,'venue-kilic-house'),(327,28,'2017-02-05 17:00:00','2017-01-24 17:37:14','2017-01-24 17:37:14',NULL,'roman','roman',NULL,'venue-philharmonic'),(328,12,'2017-03-14 18:30:00','2017-02-24 09:40:03','2017-02-24 09:40:03',NULL,'roman','roman',NULL,'venue-philharmonic'),(329,29,'2017-03-18 17:00:00','2017-02-24 09:40:59','2017-02-24 09:40:59',NULL,'roman','roman',NULL,'venue-philharmonic'),(330,35,'2017-03-19 17:00:00','2017-02-24 09:41:41','2017-02-24 09:41:41',NULL,'roman','roman',NULL,'venue-philharmonic'),(331,5,'2017-03-16 18:30:00','2017-02-24 09:42:46','2017-02-24 09:42:46',NULL,'roman','roman',NULL,'venue-palac_molodi'),(332,7,'2017-03-23 18:30:00','2017-02-24 09:45:14','2017-02-24 09:45:14',NULL,'roman','roman',NULL,'venue-palac_molodi'),(333,60,'2017-03-26 17:00:00','2017-02-24 09:46:26','2017-02-24 09:46:26',NULL,'roman','roman',NULL,'venue-palac_molodi'),(334,55,'2017-03-11 12:00:00','2017-02-24 09:47:21','2017-02-24 09:47:21',NULL,'roman','roman',NULL,'venue-center_of_kids_arts'),(335,48,'2017-03-12 12:00:00','2017-02-24 09:48:24','2017-02-24 09:48:24',NULL,'roman','roman',NULL,'venue-center_of_kids_arts'),(336,61,'2017-03-25 12:00:00','2017-02-24 09:49:14','2017-02-24 09:49:14',NULL,'roman','roman',NULL,'venue-center_of_kids_arts'),(337,62,'2017-03-22 18:30:00','2017-03-01 13:01:47','2017-03-01 13:01:47',NULL,'roman','roman',NULL,'venue-cherkasy-art-museum'),(338,14,'2017-04-02 12:00:00','2017-03-17 14:10:54','2017-03-17 14:10:54',NULL,'roman','roman',NULL,'venue-center_of_kids_arts'),(339,20,'2017-04-08 17:00:00','2017-03-17 14:11:49','2017-03-17 14:11:49',NULL,'roman','roman',NULL,'venue-philharmonic'),(340,4,'2017-04-09 17:00:00','2017-03-17 14:12:37','2017-03-17 14:12:37',NULL,'roman','roman',NULL,'venue-philharmonic'),(341,59,'2017-04-12 18:30:00','2017-03-17 14:13:27','2017-03-17 14:13:27',NULL,'roman','roman',NULL,'venue-philharmonic'),(342,22,'2017-04-26 18:30:00','2017-03-17 14:15:06','2017-03-17 14:15:06',NULL,'roman','roman',NULL,'venue-center_of_kids_arts'),(343,63,'2017-04-19 18:30:00','2017-04-10 18:33:12','2017-04-10 18:33:12',NULL,'roman','roman',NULL,'venue-cherkasy-art-museum'),(344,66,'2017-05-24 18:30:00','2017-05-20 17:58:40','2017-05-20 17:58:40',NULL,'roman','roman',NULL,'venue-kilic-house'),(345,60,'2017-05-04 18:30:00','2017-05-20 18:00:10','2017-05-20 18:00:10',NULL,'roman','roman',NULL,'venue-center_of_kids_arts'),(346,56,'2017-05-07 12:00:00','2017-05-20 18:00:53','2017-05-20 18:00:53',NULL,'roman','roman',NULL,'venue-center_of_kids_arts'),(347,52,'2017-05-14 12:00:00','2017-05-20 18:01:21','2017-05-20 18:01:21',NULL,'roman','roman',NULL,'venue-center_of_kids_arts'),(348,48,'2017-05-21 12:00:00','2017-05-20 18:01:52','2017-05-20 18:01:52',NULL,'roman','roman',NULL,'venue-center_of_kids_arts'),(349,61,'2017-05-28 12:00:00','2017-05-20 18:02:24','2017-05-20 18:02:24',NULL,'roman','roman',NULL,'venue-center_of_kids_arts'),(350,65,'2017-05-11 18:30:00','2017-05-20 18:02:54','2017-05-20 18:02:54',NULL,'roman','roman',NULL,'venue-philharmonic'),(351,65,'2017-05-16 18:30:00','2017-05-20 18:03:31','2017-05-20 18:03:31',NULL,'roman','roman',NULL,'venue-kilic-house'),(352,47,'2017-05-19 18:30:00','2017-05-20 18:04:05','2017-05-20 18:04:05',NULL,'roman','roman',NULL,'venue-kilic-house'),(353,66,'2017-06-06 18:30:00','2017-05-21 14:25:30','2017-05-21 14:25:30',NULL,'roman','roman',NULL,'venue-philharmonic'),(354,65,'2017-06-08 18:30:00','2017-05-21 22:01:30','2017-05-21 22:01:30',NULL,'roman','roman',NULL,'venue-kilic-house'),(355,66,'2017-06-22 18:30:00','2017-05-21 22:02:07','2017-05-21 22:02:07',NULL,'roman','roman',NULL,'venue-kilic-house'),(356,35,'2017-06-27 18:30:00','2017-05-21 22:02:38','2017-05-21 22:02:38',NULL,'roman','roman',NULL,'venue-kilic-house'),(357,65,'2017-06-29 18:30:00','2017-05-21 22:03:14','2017-05-21 22:03:14',NULL,'roman','roman',NULL,'venue-kilic-house'),(358,60,'2017-06-15 18:30:00','2017-05-21 22:04:01','2017-06-13 13:55:05',NULL,'roman','roman',NULL,'venue-center_of_kids_arts'),(359,5,'2017-06-21 18:30:00','2017-05-21 22:04:36','2017-05-21 22:04:36',NULL,'roman','roman',NULL,'venue-center_of_kids_arts'),(360,55,'2017-06-11 12:00:00','2017-05-21 22:05:09','2017-05-21 22:05:09',NULL,'roman','roman',NULL,'venue-center_of_kids_arts'),(361,56,'2017-06-18 12:00:00','2017-05-21 22:05:42','2017-05-21 22:05:42',NULL,'roman','roman',NULL,'venue-center_of_kids_arts'),(362,14,'2017-06-25 12:00:00','2017-05-21 22:06:04','2017-05-21 22:06:04',NULL,'roman','roman',NULL,'venue-center_of_kids_arts'),(363,7,'2017-06-13 18:30:00','2017-05-21 22:12:18','2017-06-14 11:30:04',NULL,'roman','roman',NULL,'venue-kilic-house'),(364,4,'2017-07-06 18:30:00','2017-07-03 12:01:05','2017-07-03 12:01:05',NULL,'roman','roman',NULL,'venue-kilic-house'),(365,33,'2017-07-11 18:30:00','2017-07-03 12:01:31','2017-07-03 12:01:31',NULL,'roman','roman',NULL,'venue-kilic-house'),(366,68,'2017-07-13 18:30:00','2017-07-05 10:42:24','2017-07-05 10:42:24',NULL,'roman','roman',NULL,'venue-kilic-house'),(367,68,'2017-09-28 18:30:00','2017-08-27 17:56:29','2017-08-27 17:56:29',NULL,'roman','roman',NULL,'venue-kilic-house'),(368,69,'2017-10-01 17:00:00','2017-08-27 17:56:59','2017-08-27 17:56:59',NULL,'roman','roman',NULL,'venue-kilic-house'),(369,61,'2017-10-01 12:00:00','2017-08-27 17:57:29','2017-08-27 17:57:29',NULL,'roman','roman',NULL,'venue-center_of_kids_arts'),(370,69,'2017-10-05 18:30:00','2017-08-27 17:58:06','2017-09-03 21:58:32',NULL,'roman','roman',NULL,'venue-kilic-house'),(371,7,'2017-10-07 18:30:00','2017-08-27 17:58:45','2017-08-27 17:58:45',NULL,'roman','roman',NULL,'venue-kilic-house'),(372,56,'2017-10-08 12:00:00','2017-08-27 17:59:16','2017-08-27 17:59:16',NULL,'roman','roman',NULL,'venue-center_of_kids_arts'),(373,66,'2017-10-08 17:00:00','2017-08-27 18:00:04','2017-08-27 18:00:04',NULL,'roman','roman',NULL,'venue-kilic-house'),(374,65,'2017-10-12 18:30:00','2017-08-27 18:01:27','2017-08-27 18:01:27',NULL,'roman','roman',NULL,'venue-kilic-house'),(375,55,'2017-10-15 12:00:00','2017-08-27 18:02:09','2017-08-27 19:23:18',NULL,'roman','roman',NULL,'venue-center_of_kids_arts'),(376,69,'2017-10-15 17:00:00','2017-08-27 18:02:49','2017-08-27 18:02:49',NULL,'roman','roman',NULL,'venue-kilic-house'),(377,4,'2017-10-19 18:30:00','2017-08-27 18:03:22','2017-08-27 18:03:22',NULL,'roman','roman',NULL,'venue-kilic-house'),(378,66,'2017-10-21 17:00:00','2017-08-27 18:04:19','2017-08-27 18:04:19',NULL,'roman','roman',NULL,'venue-center_of_kids_arts'),(379,20,'2017-10-22 17:00:00','2017-08-27 18:04:55','2017-08-27 18:04:55',NULL,'roman','roman',NULL,'venue-kilic-house'),(380,5,'2017-10-26 18:30:00','2017-08-27 18:05:19','2017-08-27 18:05:19',NULL,'roman','roman',NULL,'venue-kilic-house'),(381,35,'2017-10-28 17:00:00','2017-08-27 18:05:55','2017-08-27 18:05:55',NULL,'roman','roman',NULL,'venue-center_of_kids_arts'),(382,69,'2017-10-29 17:00:00','2017-08-27 18:06:23','2017-08-27 18:06:23',NULL,'roman','roman',NULL,'venue-kilic-house'),(383,71,'2017-10-13 18:30:00','2017-08-27 19:24:18','2017-09-03 22:00:41',NULL,'roman','roman',NULL,'venue-center_of_kids_arts'),(384,70,'2017-10-22 12:00:00','2017-08-27 19:24:53','2017-08-27 19:24:53',NULL,'roman','roman',NULL,'venue-center_of_kids_arts'),(385,70,'2017-10-29 12:00:00','2017-08-27 19:25:22','2017-08-27 19:25:22',NULL,'roman','roman',NULL,'venue-center_of_kids_arts'),(386,68,'2017-10-17 18:30:00','2017-09-03 22:00:15','2017-09-03 22:00:15',NULL,'roman','roman',NULL,'venue-kilic-house'),(387,68,'2017-11-01 18:00:00','2017-11-01 23:41:38','2017-11-01 23:41:38',NULL,'roman','roman',NULL,'venue-kilic-house'),(388,33,'2017-11-02 18:00:00','2017-11-01 23:42:22','2017-11-01 23:42:22',NULL,'roman','roman',NULL,'venue-kilic-house'),(389,5,'2017-11-07 18:00:00','2017-11-01 23:42:53','2017-11-01 23:42:53',NULL,'roman','roman',NULL,'venue-kilic-house'),(390,29,'2017-11-09 18:00:00','2017-11-01 23:43:21','2017-11-01 23:43:21',NULL,'roman','roman',NULL,'venue-kilic-house'),(391,7,'2017-11-19 17:00:00','2017-11-01 23:43:56','2017-11-01 23:43:56',NULL,'roman','roman',NULL,'venue-kilic-house'),(392,69,'2017-11-23 18:00:00','2017-11-01 23:44:36','2017-11-01 23:44:36',NULL,'roman','roman',NULL,'venue-kilic-house'),(393,66,'2017-11-26 17:00:00','2017-11-01 23:45:05','2017-11-01 23:45:05',NULL,'roman','roman',NULL,'venue-kilic-house'),(394,65,'2017-11-30 18:00:00','2017-11-01 23:45:33','2017-11-01 23:45:33',NULL,'roman','roman',NULL,'venue-kilic-house'),(395,8,'2017-11-04 17:00:00','2017-11-01 23:46:12','2017-11-01 23:46:12',NULL,'roman','roman',NULL,'venue-center_of_kids_arts'),(396,22,'2017-11-25 17:00:00','2017-11-01 23:46:37','2017-11-01 23:46:37',NULL,'roman','roman',NULL,'venue-center_of_kids_arts'),(397,52,'2017-11-05 12:00:00','2017-11-01 23:47:14','2017-11-01 23:47:14',NULL,'roman','roman',NULL,'venue-center_of_kids_arts'),(398,14,'2017-11-12 12:00:00','2017-11-01 23:47:44','2017-11-01 23:47:44',NULL,'roman','roman',NULL,'venue-center_of_kids_arts'),(399,48,'2017-11-26 12:00:00','2017-11-01 23:48:25','2017-11-01 23:48:25',NULL,'roman','roman',NULL,'venue-center_of_kids_arts'),(400,72,'2017-11-12 17:00:00','2017-11-08 21:09:24','2017-11-08 21:09:24',NULL,'roman','roman',NULL,'venue-kilic-house'),(401,72,'2017-11-16 18:00:00','2017-11-08 21:09:51','2017-11-08 21:09:51',NULL,'roman','roman',NULL,'venue-kilic-house'),(402,72,'2017-11-21 18:00:00','2017-11-08 21:10:25','2017-11-08 21:10:25',NULL,'roman','roman',NULL,'venue-kilic-house'),(403,35,'2017-12-03 17:00:00','2017-12-01 11:59:52','2017-12-01 11:59:52',NULL,'roman','roman',NULL,'venue-kilic-house'),(404,72,'2017-12-07 18:00:00','2017-12-01 12:00:36','2017-12-01 12:00:36',NULL,'roman','roman',NULL,'venue-kilic-house'),(405,61,'2017-12-10 12:00:00','2017-12-11 11:28:57','2017-12-11 11:28:57',NULL,'roman','roman',NULL,'venue-center_of_kids_arts'),(406,69,'2017-12-12 18:00:00','2017-12-11 11:29:37','2017-12-11 11:29:37',NULL,'roman','roman',NULL,'venue-kilic-house'),(407,13,'2017-12-30 11:00:00','2017-12-11 11:30:41','2017-12-12 08:23:51',NULL,'roman','roman',NULL,'venue-kilic-house'),(408,65,'2018-01-16 18:00:00','2017-12-11 11:32:14','2017-12-11 11:32:14',NULL,'roman','roman',NULL,'venue-kilic-house'),(409,35,'2018-01-21 17:00:00','2017-12-11 11:32:53','2017-12-11 11:32:53',NULL,'roman','roman',NULL,'venue-kilic-house'),(410,14,'2018-01-21 12:00:00','2017-12-11 11:34:45','2017-12-11 11:34:45',NULL,'roman','roman',NULL,'venue-kilic-house'),(411,66,'2018-01-23 18:00:00','2017-12-11 11:35:29','2017-12-11 11:35:29',NULL,'roman','roman',NULL,'venue-kilic-house'),(412,69,'2018-01-25 18:00:00','2017-12-11 11:36:58','2017-12-11 11:36:58',NULL,'roman','roman',NULL,'venue-kilic-house'),(413,56,'2018-01-28 12:00:00','2017-12-11 11:47:06','2017-12-11 11:47:06',NULL,'roman','roman',NULL,'venue-center_of_kids_arts'),(414,72,'2018-01-30 18:00:00','2017-12-11 11:47:46','2017-12-11 11:47:46',NULL,'roman','roman',NULL,'venue-kilic-house'),(415,74,'2017-12-17 12:00:00','2017-12-12 08:12:53','2017-12-12 08:12:53',NULL,'roman','roman',NULL,'venue-kilic-house'),(416,73,'2017-12-19 11:00:00','2017-12-12 08:14:41','2017-12-12 08:14:41',NULL,'roman','roman',NULL,'venue-kilic-house'),(417,73,'2017-12-20 11:00:00','2017-12-12 08:15:02','2017-12-12 08:15:02',NULL,'roman','roman',NULL,'venue-kilic-house'),(418,73,'2017-12-20 13:00:00','2017-12-12 08:15:27','2017-12-12 08:15:27',NULL,'roman','roman',NULL,'venue-kilic-house'),(419,73,'2017-12-21 11:00:00','2017-12-12 08:16:01','2017-12-12 08:16:01',NULL,'roman','roman',NULL,'venue-kilic-house'),(420,74,'2017-12-29 11:00:00','2017-12-12 08:20:21','2017-12-12 08:20:21','2017-12-12 08:21:55','roman','roman','roman','venue-kilic-house'),(421,73,'2017-12-29 11:00:00','2017-12-12 08:20:52','2017-12-12 08:20:52',NULL,'roman','roman',NULL,'venue-kilic-house'),(422,73,'2017-12-29 13:00:00','2017-12-12 08:22:29','2017-12-12 08:22:29',NULL,'roman','roman',NULL,'venue-kilic-house'),(423,13,'2017-12-30 13:00:00','2017-12-12 08:24:28','2017-12-12 08:24:28',NULL,'roman','roman',NULL,'venue-kilic-house'),(424,73,'2018-01-02 11:00:00','2017-12-12 08:25:06','2017-12-12 08:25:06',NULL,'roman','roman',NULL,'venue-kilic-house'),(425,73,'2018-01-03 11:00:00','2017-12-12 08:25:39','2017-12-12 08:25:39',NULL,'roman','roman',NULL,'venue-kilic-house'),(426,73,'2018-01-03 13:00:00','2017-12-12 08:26:03','2017-12-12 08:26:03',NULL,'roman','roman',NULL,'venue-kilic-house'),(427,73,'2018-01-04 11:00:00','2017-12-12 08:26:28','2017-12-12 08:26:28',NULL,'roman','roman',NULL,'venue-kilic-house'),(428,75,'2018-01-09 18:00:00','2017-12-12 08:26:54','2017-12-12 08:26:54',NULL,'roman','roman',NULL,'venue-kilic-house'),(429,75,'2018-01-10 18:00:00','2017-12-12 08:27:15','2017-12-12 08:27:15',NULL,'roman','roman',NULL,'venue-kilic-house'),(430,75,'2018-01-14 17:00:00','2017-12-12 08:27:38','2017-12-12 08:27:38',NULL,'roman','roman',NULL,'venue-kilic-house'),(431,75,'2018-01-19 18:00:00','2017-12-12 08:28:04','2017-12-12 08:28:04',NULL,'roman','roman',NULL,'venue-kilic-house'),(432,74,'2017-12-23 11:00:00','2017-12-12 13:26:33','2017-12-12 13:26:33',NULL,'roman','roman',NULL,'venue-nations-friendship'),(433,74,'2017-12-23 13:00:00','2017-12-12 13:27:52','2017-12-12 13:27:52',NULL,'roman','roman',NULL,'venue-nations-friendship'),(434,69,'2018-02-01 18:00:00','2018-01-18 16:29:15','2018-01-18 16:29:15',NULL,'roman','roman',NULL,'venue-kilic-house'),(435,74,'2018-02-04 12:00:00','2018-01-18 16:29:49','2018-02-02 15:41:50',NULL,'roman','roman',NULL,'venue-center_of_kids_arts'),(436,7,'2018-02-04 17:00:00','2018-01-18 16:30:20','2018-02-02 15:40:41',NULL,'roman','roman',NULL,'venue-kilic-house'),(437,70,'2018-02-11 12:00:00','2018-01-18 16:30:58','2018-02-02 15:42:07',NULL,'roman','roman',NULL,'venue-kilic-house'),(438,72,'2018-02-11 17:00:00','2018-01-18 16:31:27','2018-01-18 16:31:27',NULL,'roman','roman',NULL,'venue-kilic-house'),(439,61,'2018-02-18 12:00:00','2018-01-18 16:32:19','2018-01-18 16:36:34',NULL,'roman','roman',NULL,'venue-center_of_kids_arts'),(440,65,'2018-02-18 17:00:00','2018-01-18 16:33:13','2018-01-18 16:33:13',NULL,'roman','roman',NULL,'venue-kilic-house'),(441,22,'2018-02-20 18:00:00','2018-01-18 16:33:51','2018-01-18 16:33:51',NULL,'roman','roman',NULL,'venue-kilic-house'),(442,66,'2018-02-23 18:00:00','2018-01-18 16:34:36','2018-01-18 16:34:36',NULL,'roman','roman',NULL,'venue-kilic-house'),(443,14,'2018-02-25 12:00:00','2018-01-18 16:35:09','2018-02-02 15:42:38',NULL,'roman','roman',NULL,'venue-kilic-house'),(444,8,'2018-02-27 18:00:00','2018-01-18 16:35:53','2018-01-18 16:35:53',NULL,'roman','roman',NULL,'venue-kilic-house'),(445,76,'2018-02-13 18:00:00','2018-02-10 16:26:48','2018-02-10 16:26:48',NULL,'roman','roman',NULL,'venue-kilic-house'),(446,55,'2018-03-04 12:00:00','2018-02-28 13:28:12','2018-02-28 13:28:12',NULL,'roman','roman',NULL,'venue-center_of_kids_arts'),(447,77,'2018-03-04 17:00:00','2018-02-28 13:28:51','2018-02-28 13:28:51',NULL,'roman','roman',NULL,'venue-kilic-house'),(448,52,'2018-03-11 12:00:00','2018-02-28 13:29:36','2018-02-28 13:29:36',NULL,'roman','roman',NULL,'venue-center_of_kids_arts'),(449,77,'2018-03-11 17:00:00','2018-02-28 13:30:09','2018-02-28 13:30:09',NULL,'roman','roman',NULL,'venue-kilic-house'),(450,35,'2018-03-13 18:00:00','2018-02-28 13:30:48','2018-02-28 13:30:48',NULL,'roman','roman',NULL,'venue-kilic-house'),(451,77,'2018-03-15 18:00:00','2018-02-28 13:31:23','2018-02-28 13:31:23',NULL,'roman','roman',NULL,'venue-kilic-house'),(452,7,'2018-03-16 18:00:00','2018-02-28 13:31:53','2018-02-28 13:31:53',NULL,'roman','roman',NULL,'venue-kilic-house'),(453,72,'2018-03-23 18:00:00','2018-02-28 13:34:39','2018-02-28 13:34:39',NULL,'roman','roman',NULL,'venue-kilic-house'),(454,14,'2018-03-25 12:00:00','2018-02-28 13:35:13','2018-02-28 13:35:13',NULL,'roman','roman',NULL,'venue-center_of_kids_arts'),(455,17,'2018-03-25 17:00:00','2018-02-28 13:36:05','2018-02-28 13:36:05',NULL,'roman','roman',NULL,'venue-center_of_kids_arts'),(456,77,'2018-04-03 18:00:00','2018-04-12 08:15:07','2018-04-12 08:15:07',NULL,'roman','roman',NULL,'venue-kilic-house'),(457,8,'2018-04-05 18:00:00','2018-04-12 08:15:34','2018-04-12 08:15:34',NULL,'roman','roman',NULL,'venue-kilic-house'),(458,66,'2018-04-10 18:00:00','2018-04-12 08:15:59','2018-04-12 08:15:59',NULL,'roman','roman',NULL,'venue-kilic-house'),(459,78,'2018-04-12 18:00:00','2018-04-12 08:20:03','2018-04-12 08:20:03',NULL,'roman','roman',NULL,'venue-kilic-house'),(460,78,'2018-04-13 18:00:00','2018-04-12 08:20:27','2018-04-12 08:20:27',NULL,'roman','roman',NULL,'venue-kilic-house'),(461,78,'2018-04-17 18:00:00','2018-04-12 08:20:51','2018-04-12 08:20:51',NULL,'roman','roman',NULL,'venue-kilic-house'),(462,70,'2018-04-22 12:00:00','2018-04-12 08:21:20','2018-04-12 08:21:20',NULL,'roman','roman',NULL,'venue-center_of_kids_arts'),(463,74,'2018-04-29 12:00:00','2018-04-12 08:21:44','2018-04-12 08:21:44',NULL,'roman','roman',NULL,'venue-center_of_kids_arts'),(464,79,'2018-06-07 18:00:00','2018-05-18 18:42:01','2018-05-18 18:42:01',NULL,'roman','roman',NULL,'venue-kilic-house'),(465,79,'2018-06-13 18:00:00','2018-05-18 18:42:24','2018-05-18 18:42:24',NULL,'roman','roman',NULL,'venue-kilic-house'),(466,79,'2018-06-21 18:00:00','2018-05-18 18:42:58','2018-05-18 18:42:58',NULL,'roman','roman',NULL,'venue-kilic-house'),(467,77,'2018-06-14 18:00:00','2018-05-18 18:43:39','2018-05-18 18:43:39',NULL,'roman','roman',NULL,'venue-kilic-house'),(468,72,'2018-06-19 18:00:00','2018-05-18 18:44:07','2018-05-18 18:44:07',NULL,'roman','roman',NULL,'venue-kilic-house'),(469,66,'2018-06-20 18:00:00','2018-05-18 18:44:35','2018-05-18 18:44:35',NULL,'roman','roman',NULL,'venue-kilic-house'),(470,80,'2018-06-26 18:00:00','2018-05-18 18:45:54','2018-05-20 11:13:09',NULL,'roman','roman',NULL,'venue-cherkasy-art-museum'),(471,77,'2018-09-25 18:30:00','2018-09-03 07:08:36','2018-09-03 07:08:36','2018-09-03 07:10:22','roman','roman','roman','venue-kilic-house'),(472,77,'2018-09-25 18:30:00','2018-09-03 07:08:57','2018-09-03 07:08:57',NULL,'roman','roman',NULL,'venue-kilic-house'),(473,35,'2018-09-27 18:30:00','2018-09-03 07:09:39','2018-09-03 07:09:39',NULL,'roman','roman',NULL,'venue-kilic-house'),(474,78,'2018-09-28 18:30:00','2018-09-03 07:11:43','2018-09-03 07:11:43',NULL,'roman','roman',NULL,'venue-kilic-house'),(475,70,'2018-09-23 12:00:00','2018-09-03 07:13:05','2018-09-03 07:13:05',NULL,'roman','roman',NULL,'venue-center_of_kids_arts'),(476,14,'2018-09-30 12:00:00','2018-09-03 07:13:55','2018-09-03 07:13:55',NULL,'roman','roman',NULL,'venue-center_of_kids_arts'),(477,7,'2018-10-11 18:30:00','2018-09-03 09:07:21','2018-09-03 09:07:21',NULL,'roman','roman',NULL,'venue-kilic-house'),(478,33,'2018-10-12 18:30:00','2018-09-03 09:08:04','2018-09-03 09:08:04',NULL,'roman','roman',NULL,'venue-kilic-house'),(479,72,'2018-10-16 18:30:00','2018-09-03 09:08:42','2018-09-03 09:08:42',NULL,'roman','roman',NULL,'venue-kilic-house'),(480,65,'2018-10-23 18:30:00','2018-09-03 09:09:21','2018-10-05 12:12:16',NULL,'roman','roman',NULL,'venue-kilic-house'),(481,79,'2018-10-27 18:30:00','2018-09-03 09:09:49','2018-10-29 10:29:26',NULL,'roman','roman',NULL,'venue-kilic-house'),(482,78,'2018-10-21 17:00:00','2018-09-03 09:10:25','2018-09-03 09:10:25',NULL,'roman','roman',NULL,'venue-kilic-house'),(483,69,'2018-10-18 18:30:00','2018-09-03 09:11:00','2018-10-05 12:11:55',NULL,'roman','roman',NULL,'venue-kilic-house'),(484,77,'2018-10-25 18:30:00','2018-09-03 09:11:34','2018-09-03 09:11:34',NULL,'roman','roman',NULL,'venue-kilic-house'),(485,35,'2018-10-26 18:30:00','2018-09-03 09:12:09','2018-09-03 09:12:09',NULL,'roman','roman',NULL,'venue-kilic-house'),(486,29,'2018-10-30 18:30:00','2018-09-03 09:12:45','2018-09-03 09:12:45',NULL,'roman','roman',NULL,'venue-kilic-house'),(487,68,'2018-10-03 15:00:00','2018-09-03 09:13:32','2018-10-01 09:07:35',NULL,'roman','roman',NULL,'venue-nations-friendship'),(488,80,'2018-10-10 18:30:00','2018-09-03 09:14:17','2018-09-03 09:14:17',NULL,'roman','roman',NULL,'venue-cherkasy-art-museum'),(489,56,'2018-10-07 12:00:00','2018-09-03 09:14:48','2018-09-03 09:14:48',NULL,'roman','roman',NULL,'venue-center_of_kids_arts'),(490,74,'2018-10-14 12:00:00','2018-09-03 09:15:32','2018-09-03 09:15:32',NULL,'roman','roman',NULL,'venue-center_of_kids_arts'),(491,55,'2018-10-21 12:00:00','2018-09-03 09:16:00','2018-09-03 09:16:00',NULL,'roman','roman',NULL,'venue-center_of_kids_arts'),(492,81,'2018-09-23 17:00:00','2018-09-03 11:12:57','2018-09-03 11:12:57',NULL,'roman','roman',NULL,'venue-kilic-house'),(493,81,'2018-09-30 17:00:00','2018-09-03 11:13:28','2018-09-03 11:13:28',NULL,'roman','roman',NULL,'venue-kilic-house'),(494,81,'2018-10-09 18:30:00','2018-09-03 11:14:38','2018-09-03 11:14:38',NULL,'roman','roman',NULL,'venue-kilic-house'),(495,81,'2018-10-28 17:00:00','2018-09-03 11:15:14','2018-09-03 11:15:14',NULL,'roman','roman',NULL,'venue-kilic-house'),(496,52,'2018-10-28 12:00:00','2018-09-03 12:48:52','2018-10-01 09:05:49',NULL,'roman','roman',NULL,'venue-center_of_kids_arts'),(497,33,'2018-11-01 18:30:00','2018-10-29 10:30:28','2018-10-29 10:30:28',NULL,'roman','roman',NULL,'venue-kilic-house'),(498,77,'2018-11-02 18:30:00','2018-10-29 10:30:51','2018-10-29 10:39:19',NULL,'roman','roman',NULL,'venue-kilic-house'),(499,74,'2018-11-03 12:00:00','2018-10-29 10:31:20','2018-10-29 10:31:20',NULL,'roman','roman',NULL,'venue-center_of_kids_arts'),(500,79,'2018-11-04 17:00:00','2018-10-29 10:31:50','2018-10-29 10:31:50',NULL,'roman','roman',NULL,'venue-kilic-house'),(501,55,'2018-11-11 12:00:00','2018-10-29 10:32:22','2018-10-29 10:32:22',NULL,'roman','roman',NULL,'venue-center_of_kids_arts'),(502,35,'2018-11-11 17:00:00','2018-10-29 10:32:47','2018-10-29 10:32:47',NULL,'roman','roman',NULL,'venue-kilic-house'),(503,61,'2018-11-18 12:00:00','2018-10-29 10:33:21','2018-11-06 15:50:07',NULL,'roman','roman',NULL,'venue-center_of_kids_arts'),(504,81,'2018-11-20 18:30:00','2018-10-29 10:33:53','2018-10-29 10:33:53',NULL,'roman','roman',NULL,'venue-kilic-house'),(505,72,'2018-11-22 18:30:00','2018-10-29 10:34:26','2018-10-29 10:34:26',NULL,'roman','roman',NULL,'venue-kilic-house'),(506,66,'2018-11-23 18:30:00','2018-10-29 10:34:53','2018-10-29 10:34:53',NULL,'roman','roman',NULL,'venue-kilic-house'),(507,48,'2018-11-25 12:00:00','2018-10-29 10:35:24','2018-10-29 10:35:24',NULL,'roman','roman',NULL,'venue-center_of_kids_arts'),(508,80,'2018-11-28 18:30:00','2018-10-29 10:36:07','2018-10-29 10:36:07',NULL,'roman','roman',NULL,'venue-cherkasy-art-museum'),(509,5,'2018-11-29 18:30:00','2018-10-29 10:36:34','2018-10-29 10:36:34',NULL,'roman','roman',NULL,'venue-kilic-house'),(510,78,'2018-11-30 18:30:00','2018-10-29 10:38:47','2018-10-29 10:38:47',NULL,'roman','roman',NULL,'venue-kilic-house'),(511,79,'2018-12-01 17:00:00','2018-11-27 22:13:42','2018-11-27 22:13:42',NULL,'roman','roman',NULL,'venue-kilic-house'),(512,74,'2018-12-02 12:00:00','2018-11-27 22:14:32','2018-11-27 22:14:32',NULL,'roman','roman',NULL,'venue-center_of_kids_arts'),(513,68,'2018-12-04 18:30:00','2018-11-27 22:15:21','2018-11-27 22:15:21',NULL,'roman','roman',NULL,'venue-kilic-house'),(514,7,'2018-12-11 18:30:00','2018-11-27 22:16:02','2018-11-27 22:16:02',NULL,'roman','roman',NULL,'venue-kilic-house'),(515,35,'2018-12-16 17:00:00','2018-11-27 22:16:34','2018-11-27 22:16:34',NULL,'roman','roman',NULL,'venue-kilic-house'),(516,70,'2018-12-16 12:00:00','2018-11-27 22:17:27','2018-11-27 22:17:27',NULL,'roman','roman',NULL,'venue-center_of_kids_arts'),(517,75,'2018-12-25 17:00:00','2018-11-27 22:18:03','2018-11-27 22:18:03',NULL,'roman','roman',NULL,'venue-kilic-house'),(518,75,'2019-01-10 18:30:00','2019-01-13 20:16:39','2019-01-13 20:16:39',NULL,'roman','roman',NULL,'venue-kilic-house'),(519,75,'2019-01-15 18:30:00','2019-01-13 20:17:23','2019-01-13 20:17:23',NULL,'roman','roman',NULL,'venue-kilic-house'),(520,61,'2019-01-13 12:00:00','2019-01-13 20:17:59','2019-01-13 20:17:59',NULL,'roman','roman',NULL,'venue-center_of_kids_arts'),(521,79,'2019-01-17 18:30:00','2019-01-13 20:18:51','2019-01-13 20:18:51',NULL,'roman','roman',NULL,'venue-kilic-house'),(522,75,'2019-01-20 17:00:00','2019-01-13 20:19:32','2019-01-13 20:19:32',NULL,'roman','roman',NULL,'venue-kilic-house'),(523,29,'2019-01-23 18:30:00','2019-01-13 20:20:23','2019-01-13 20:20:23',NULL,'roman','roman',NULL,'venue-kilic-house'),(524,55,'2019-01-20 12:00:00','2019-01-13 20:20:49','2019-01-13 20:20:49',NULL,'roman','roman',NULL,'venue-center_of_kids_arts'),(525,72,'2019-01-24 18:30:00','2019-01-13 20:21:14','2019-01-13 20:21:14',NULL,'roman','roman',NULL,'venue-kilic-house'),(526,5,'2019-01-25 18:30:00','2019-01-13 20:21:51','2019-01-13 20:21:51',NULL,'roman','roman',NULL,'venue-kilic-house'),(527,14,'2019-01-27 12:00:00','2019-01-13 20:22:30','2019-01-13 20:22:30',NULL,'roman','roman',NULL,'venue-center_of_kids_arts'),(528,81,'2019-01-29 18:30:00','2019-01-13 20:23:07','2019-01-13 20:23:07',NULL,'roman','roman',NULL,'venue-kilic-house'),(529,33,'2019-01-31 18:30:00','2019-01-13 20:23:32','2019-01-13 20:23:32',NULL,'roman','roman',NULL,'venue-kilic-house'),(530,78,'2019-02-01 18:30:00','2019-01-13 20:24:38','2019-01-13 20:24:38',NULL,'roman','roman',NULL,'venue-kilic-house'),(531,35,'2019-02-03 17:00:00','2019-01-13 20:25:11','2019-01-13 20:25:11',NULL,'roman','roman',NULL,'venue-kilic-house'),(532,29,'2019-02-05 18:30:00','2019-01-13 20:25:39','2019-01-13 20:25:39',NULL,'roman','roman',NULL,'venue-kilic-house'),(533,7,'2019-02-07 18:30:00','2019-01-13 20:26:05','2019-01-13 20:26:05',NULL,'roman','roman',NULL,'venue-kilic-house'),(534,4,'2019-02-08 18:30:00','2019-01-13 20:26:36','2019-01-13 20:26:36',NULL,'roman','roman',NULL,'venue-kilic-house'),(535,76,'2019-02-12 18:30:00','2019-01-13 20:27:11','2019-01-13 20:27:11',NULL,'roman','roman',NULL,'venue-kilic-house'),(536,79,'2019-02-15 18:30:00','2019-01-13 20:27:33','2019-01-13 20:27:33',NULL,'roman','roman',NULL,'venue-kilic-house'),(537,72,'2019-02-17 17:00:00','2019-01-13 20:28:11','2019-01-13 20:28:11',NULL,'roman','roman',NULL,'venue-kilic-house'),(538,81,'2019-02-19 18:30:00','2019-01-13 20:28:37','2019-01-13 20:28:37',NULL,'roman','roman',NULL,'venue-kilic-house'),(539,3,'2019-02-26 18:30:00','2019-01-13 20:28:59','2019-01-13 20:55:55',NULL,'roman','roman',NULL,'venue-kilic-house'),(540,33,'2019-02-28 18:30:00','2019-01-13 20:29:34','2019-01-13 20:29:34',NULL,'roman','roman',NULL,'venue-kilic-house'),(541,74,'2019-02-03 12:00:00','2019-01-13 20:30:45','2019-01-13 20:30:45',NULL,'roman','roman',NULL,'venue-center_of_kids_arts'),(542,52,'2019-02-17 12:00:00','2019-01-13 20:31:22','2019-01-13 20:31:22',NULL,'roman','roman',NULL,'venue-center_of_kids_arts'),(543,83,'2019-02-10 12:00:00','2019-01-13 20:48:06','2019-01-13 20:48:06',NULL,'roman','roman',NULL,'venue-center_of_kids_arts'),(544,83,'2019-02-24 12:00:00','2019-01-13 20:48:31','2019-01-13 20:48:31',NULL,'roman','roman',NULL,'venue-center_of_kids_arts'),(545,84,'2019-03-01 18:30:00','2019-03-17 10:32:29','2019-03-17 10:32:29',NULL,'roman','roman',NULL,'venue-kilic-house'),(546,84,'2019-03-03 17:00:00','2019-03-17 10:33:04','2019-03-17 10:33:04',NULL,'roman','roman',NULL,'venue-kilic-house'),(547,72,'2019-03-10 17:00:00','2019-03-17 10:33:55','2019-03-17 10:33:55',NULL,'roman','roman',NULL,'venue-kilic-house'),(548,79,'2019-03-21 18:30:00','2019-03-17 10:34:29','2019-03-17 10:34:29',NULL,'roman','roman',NULL,'venue-kilic-house'),(549,79,'2019-03-21 18:30:00','2019-03-17 10:34:29','2019-03-17 10:34:29',NULL,'roman','roman',NULL,'venue-kilic-house'),(550,78,'2019-03-22 18:30:00','2019-03-17 10:34:58','2019-03-17 10:34:58',NULL,'roman','roman',NULL,'venue-kilic-house'),(551,84,'2019-03-28 18:30:00','2019-03-17 10:35:32','2019-03-17 10:35:32',NULL,'roman','roman',NULL,'venue-kilic-house'),(552,70,'2019-03-03 11:00:00','2019-03-17 10:36:11','2019-03-17 10:36:11',NULL,'roman','roman',NULL,'venue-center_of_kids_arts'),(553,83,'2019-03-10 12:00:00','2019-03-17 10:36:46','2019-03-17 10:36:46',NULL,'roman','roman',NULL,'venue-center_of_kids_arts'),(554,83,'2019-03-31 12:00:00','2019-03-17 10:37:51','2019-03-17 10:37:51',NULL,'roman','roman',NULL,'venue-center_of_kids_arts'),(555,48,'2019-03-17 12:00:00','2019-03-17 10:38:36','2019-03-17 10:38:36',NULL,'roman','roman',NULL,'venue-center_of_kids_arts'),(556,55,'2019-04-07 12:00:00','2019-03-17 10:39:30','2019-03-17 10:39:30',NULL,'roman','roman',NULL,'venue-center_of_kids_arts'),(557,83,'2019-04-14 12:00:00','2019-03-17 10:39:55','2019-03-17 10:39:55',NULL,'roman','roman',NULL,'venue-center_of_kids_arts'),(558,14,'2019-04-21 12:00:00','2019-03-17 10:40:21','2019-03-17 10:40:21',NULL,'roman','roman',NULL,'venue-center_of_kids_arts'),(559,85,'2019-04-09 18:30:00','2019-03-17 10:40:48','2019-03-17 10:40:48',NULL,'roman','roman',NULL,'venue-kilic-house'),(560,85,'2019-04-23 18:30:00','2019-03-17 10:41:30','2019-03-17 10:41:30',NULL,'roman','roman',NULL,'venue-kilic-house'),(561,7,'2019-04-25 18:00:00','2019-03-17 10:42:18','2019-03-17 10:42:18',NULL,'roman','roman',NULL,'venue-kilic-house'),(562,65,'2019-05-07 18:30:00','2019-05-05 19:18:46','2019-05-05 19:18:46',NULL,'roman','roman',NULL,'venue-kilic-house'),(563,79,'2019-05-10 18:30:00','2019-05-05 19:19:26','2019-05-05 19:19:26',NULL,'roman','roman',NULL,'venue-kilic-house'),(564,48,'2019-05-12 12:00:00','2019-05-05 19:19:55','2019-05-05 19:19:55',NULL,'roman','roman',NULL,'venue-center_of_kids_arts'),(565,72,'2019-05-17 18:30:00','2019-05-05 19:21:06','2019-05-05 19:21:06',NULL,'roman','roman',NULL,'venue-kilic-house'),(566,70,'2019-05-19 12:00:00','2019-05-05 19:21:42','2019-05-05 19:21:42',NULL,'roman','roman',NULL,'venue-center_of_kids_arts'),(567,84,'2019-05-28 18:30:00','2019-05-05 19:22:31','2019-05-05 19:22:31',NULL,'roman','roman',NULL,'venue-kilic-house'),(568,69,'2019-05-30 18:30:00','2019-05-05 19:23:09','2019-05-05 19:23:09',NULL,'roman','roman',NULL,'venue-kilic-house'),(569,85,'2019-05-31 18:30:00','2019-05-05 19:23:34','2019-05-05 19:23:34',NULL,'roman','roman',NULL,'venue-kilic-house'),(570,78,'2019-06-04 18:30:00','2019-05-05 19:24:19','2019-05-05 19:24:19',NULL,'roman','roman',NULL,'venue-kilic-house'),(571,85,'2019-06-06 18:30:00','2019-05-05 19:24:58','2019-05-05 19:24:58',NULL,'roman','roman',NULL,'venue-kilic-house'),(572,52,'2019-06-09 12:00:00','2019-05-05 19:25:33','2019-05-05 19:25:33',NULL,'roman','roman',NULL,'venue-center_of_kids_arts'),(573,77,'2019-06-12 18:30:00','2019-05-05 19:26:14','2019-05-05 19:26:14',NULL,'roman','roman',NULL,'venue-kilic-house'),(574,84,'2019-06-18 18:30:00','2019-05-05 19:26:47','2019-05-05 19:26:47',NULL,'roman','roman',NULL,'venue-kilic-house'),(575,72,'2019-06-19 18:30:00','2019-05-05 19:27:16','2019-05-05 19:27:16',NULL,'roman','roman',NULL,'venue-kilic-house'),(576,79,'2019-06-20 18:30:00','2019-05-05 19:27:46','2019-05-05 19:27:46',NULL,'roman','roman',NULL,'venue-kilic-house'),(577,74,'2019-06-23 12:00:00','2019-05-05 19:28:28','2019-05-05 19:28:28',NULL,'roman','roman',NULL,'venue-center_of_kids_arts'),(578,35,'2019-06-23 18:00:00','2019-05-05 19:29:14','2019-06-24 10:28:15',NULL,'roman','sergey',NULL,'venue-kilic-house'),(579,86,'2019-05-26 12:00:00','2019-05-05 21:20:43','2019-05-05 21:20:43',NULL,'roman','roman',NULL,'venue-center_of_kids_arts'),(580,86,'2019-06-02 12:00:00','2019-05-05 21:21:09','2019-05-05 21:21:09',NULL,'roman','roman',NULL,'venue-center_of_kids_arts'),(581,87,'2019-06-11 18:30:00','2019-05-05 23:21:20','2019-05-05 23:21:20',NULL,'roman','roman',NULL,'venue-kilic-house'),(582,87,'2019-06-13 18:30:00','2019-05-05 23:21:45','2019-05-05 23:21:45',NULL,'roman','roman',NULL,'venue-kilic-house'),(583,88,'2019-06-25 18:30:00','2019-05-06 08:52:22','2019-05-06 08:52:22',NULL,'roman','roman',NULL,'venue-kilic-house'),(584,84,'2019-09-28 17:00:00','2019-09-25 13:14:56','2019-09-25 13:14:56',NULL,'roman','roman',NULL,'venue-kilic-house'),(585,83,'2019-09-29 12:00:00','2019-09-25 13:15:34','2019-09-25 13:15:34',NULL,'roman','roman',NULL,'venue-center_of_kids_arts'),(586,81,'2019-09-29 17:00:00','2019-09-25 13:16:03','2019-09-25 13:16:03',NULL,'roman','roman',NULL,'venue-kilic-house'),(587,55,'2019-10-06 12:00:00','2019-09-25 13:16:53','2019-09-25 13:16:53',NULL,'roman','roman',NULL,'venue-center_of_kids_arts'),(588,35,'2019-10-06 17:00:00','2019-09-25 13:17:40','2019-09-25 13:17:40',NULL,'roman','roman',NULL,'venue-kilic-house'),(589,72,'2019-10-08 18:30:00','2019-09-25 13:18:37','2019-09-25 13:18:37',NULL,'roman','roman',NULL,'venue-kilic-house'),(590,87,'2019-10-10 18:30:00','2019-09-25 13:19:25','2019-09-25 13:19:25',NULL,'roman','roman',NULL,'venue-kilic-house'),(591,86,'2019-10-13 12:00:00','2019-09-25 13:20:01','2019-09-25 13:20:01',NULL,'roman','roman',NULL,'venue-center_of_kids_arts'),(592,69,'2019-10-15 18:30:00','2019-09-25 13:20:35','2019-09-25 13:20:35',NULL,'roman','roman',NULL,'venue-kilic-house'),(593,78,'2019-10-18 18:30:00','2019-09-25 13:21:22','2019-09-25 13:21:22',NULL,'roman','roman',NULL,'venue-kilic-house'),(594,52,'2019-10-20 12:00:00','2019-09-25 13:21:59','2019-09-25 13:21:59',NULL,'roman','roman',NULL,'venue-center_of_kids_arts'),(595,65,'2019-10-22 18:30:00','2019-09-25 13:24:34','2019-09-25 13:24:34',NULL,'roman','roman',NULL,'venue-kilic-house'),(596,7,'2019-10-24 18:30:00','2019-09-25 13:25:12','2019-09-25 13:25:12',NULL,'roman','roman',NULL,'venue-kilic-house'),(597,14,'2019-10-27 12:00:00','2019-09-25 13:25:42','2019-09-25 13:25:42',NULL,'roman','roman',NULL,'venue-center_of_kids_arts'),(598,79,'2019-10-27 17:00:00','2019-09-25 13:26:28','2019-09-25 13:26:28',NULL,'roman','roman',NULL,'venue-kilic-house'),(599,29,'2019-10-29 18:30:00','2019-09-25 13:27:07','2019-09-25 13:27:07',NULL,'roman','roman',NULL,'venue-kilic-house'),(600,84,'2019-10-31 18:30:00','2019-09-25 13:27:46','2019-09-25 13:27:46',NULL,'roman','roman',NULL,'venue-kilic-house'),(601,89,'2020-01-02 11:00:00','2020-01-12 14:32:05','2020-01-12 14:32:05',NULL,'roman','roman',NULL,'venue-kilic-house'),(602,89,'2020-01-02 13:00:00','2020-01-12 14:32:28','2020-01-12 14:32:28',NULL,'roman','roman',NULL,'venue-kilic-house'),(603,89,'2020-01-03 13:00:00','2020-01-12 14:33:00','2020-01-12 14:34:30',NULL,'roman','roman',NULL,'venue-kilic-house'),(604,89,'2020-01-03 11:00:00','2020-01-12 14:33:37','2020-01-12 14:33:37',NULL,'roman','roman',NULL,'venue-kilic-house'),(605,13,'2020-01-05 12:00:00','2020-01-12 14:35:17','2020-01-12 14:35:17',NULL,'roman','roman',NULL,'venue-center_of_kids_arts'),(606,14,'2020-01-12 12:00:00','2020-01-12 14:36:00','2020-01-12 14:36:00',NULL,'roman','roman',NULL,'venue-center_of_kids_arts'),(607,33,'2020-01-17 18:30:00','2020-01-12 14:55:50','2020-01-12 14:55:50',NULL,'roman','roman',NULL,'venue-kilic-house'),(608,84,'2020-01-16 18:30:00','2020-01-12 14:57:19','2020-01-12 14:57:19',NULL,'roman','roman',NULL,'venue-kilic-house'),(609,61,'2020-01-19 12:00:00','2020-01-12 14:58:09','2020-01-12 14:58:09',NULL,'roman','roman',NULL,'venue-center_of_kids_arts'),(610,79,'2020-01-21 18:30:00','2020-01-12 14:58:46','2020-01-12 14:58:46',NULL,'roman','roman',NULL,'venue-kilic-house'),(611,65,'2020-01-23 18:30:00','2020-01-12 14:59:14','2020-01-12 14:59:14',NULL,'roman','roman',NULL,'venue-kilic-house'),(612,52,'2020-01-26 12:00:00','2020-01-12 14:59:45','2020-01-12 14:59:45',NULL,'roman','roman',NULL,'venue-center_of_kids_arts'),(613,29,'2020-01-28 18:30:00','2020-01-12 15:00:09','2020-01-12 15:00:09',NULL,'roman','roman',NULL,'venue-kilic-house'),(614,78,'2020-01-30 18:30:00','2020-01-12 15:00:45','2020-01-12 15:00:45',NULL,'roman','roman',NULL,'venue-kilic-house'),(615,13,'2020-02-02 12:00:00','2020-01-12 15:01:20','2020-01-12 15:01:20',NULL,'roman','roman',NULL,'venue-center_of_kids_arts'),(616,7,'2020-02-04 18:30:00','2020-01-12 15:01:48','2020-01-12 15:01:48',NULL,'roman','roman',NULL,'venue-kilic-house'),(617,87,'2020-02-06 18:30:00','2020-01-12 15:02:20','2020-01-12 15:02:20',NULL,'roman','roman',NULL,'venue-kilic-house'),(618,61,'2020-02-09 12:00:00','2020-01-12 15:02:44','2020-01-12 15:02:44',NULL,'roman','roman',NULL,'venue-center_of_kids_arts'),(619,77,'2020-02-11 18:30:00','2020-01-12 15:03:13','2020-01-12 15:03:13',NULL,'roman','roman',NULL,'venue-kilic-house'),(620,74,'2020-02-16 12:00:00','2020-01-12 15:04:06','2020-01-12 15:04:06',NULL,'roman','roman',NULL,'venue-center_of_kids_arts'),(621,72,'2020-02-16 17:00:00','2020-01-12 15:04:45','2020-01-12 15:04:45',NULL,'roman','roman',NULL,'venue-kilic-house'),(622,3,'2020-02-18 18:30:00','2020-01-12 15:05:37','2020-01-12 15:05:37',NULL,'roman','roman',NULL,'venue-kilic-house'),(623,83,'2020-02-23 12:00:00','2020-01-12 15:06:12','2020-01-12 15:06:12',NULL,'roman','roman',NULL,'venue-center_of_kids_arts'),(624,35,'2020-02-23 17:00:00','2020-01-12 15:06:49','2020-01-12 15:06:49',NULL,'roman','roman',NULL,'venue-kilic-house'),(625,79,'2020-02-25 18:30:00','2020-01-12 15:07:41','2020-01-12 15:07:41',NULL,'roman','roman',NULL,'venue-kilic-house'),(626,5,'2020-02-27 18:30:00','2020-01-12 15:08:07','2020-01-12 15:08:07',NULL,'roman','roman',NULL,'venue-kilic-house'),(627,69,'2020-02-28 18:30:00','2020-01-12 15:08:43','2020-01-12 15:08:43',NULL,'roman','roman',NULL,'venue-kilic-house'),(628,90,'2020-01-14 18:30:00','2020-01-15 16:48:20','2020-01-15 16:48:20',NULL,'roman','roman',NULL,'venue-kilic-house'),(629,90,'2020-01-19 17:00:00','2020-01-15 16:48:43','2020-01-15 16:48:43',NULL,'roman','roman',NULL,'venue-kilic-house');
/*!40000 ALTER TABLE `performance_schedule` ENABLE KEYS */;
UNLOCK TABLES;

--
-- Table structure for table `performance_schedule_translation`
--

DROP TABLE IF EXISTS `performance_schedule_translation`;
/*!40101 SET @saved_cs_client     = @@character_set_client */;
/*!40101 SET character_set_client = utf8 */;
CREATE TABLE `performance_schedule_translation` (
  `id` int(11) NOT NULL AUTO_INCREMENT,
  `object_id` int(11) DEFAULT NULL,
  `locale` varchar(8) COLLATE utf8_unicode_ci NOT NULL,
  `field` varchar(32) COLLATE utf8_unicode_ci NOT NULL,
  `content` longtext COLLATE utf8_unicode_ci,
  PRIMARY KEY (`id`),
  UNIQUE KEY `lookup_unique_performance_schedule_translation_idx` (`locale`,`object_id`,`field`),
  KEY `IDX_168D404B232D562B` (`object_id`),
  CONSTRAINT `FK_168D404B232D562B` FOREIGN KEY (`object_id`) REFERENCES `performance_schedule` (`id`) ON DELETE CASCADE
) ENGINE=InnoDB DEFAULT CHARSET=utf8 COLLATE=utf8_unicode_ci;
/*!40101 SET character_set_client = @saved_cs_client */;

--
-- Dumping data for table `performance_schedule_translation`
--

LOCK TABLES `performance_schedule_translation` WRITE;
/*!40000 ALTER TABLE `performance_schedule_translation` DISABLE KEYS */;
/*!40000 ALTER TABLE `performance_schedule_translation` ENABLE KEYS */;
UNLOCK TABLES;

--
-- Table structure for table `performance_translation`
--

DROP TABLE IF EXISTS `performance_translation`;
/*!40101 SET @saved_cs_client     = @@character_set_client */;
/*!40101 SET character_set_client = utf8 */;
CREATE TABLE `performance_translation` (
  `id` int(11) NOT NULL AUTO_INCREMENT,
  `object_id` int(11) DEFAULT NULL,
  `locale` varchar(8) COLLATE utf8_unicode_ci NOT NULL,
  `field` varchar(32) COLLATE utf8_unicode_ci NOT NULL,
  `content` longtext COLLATE utf8_unicode_ci,
  PRIMARY KEY (`id`),
  UNIQUE KEY `lookup_unique_performance_translation_idx` (`locale`,`object_id`,`field`),
  KEY `IDX_D57A53F0232D562B` (`object_id`),
  CONSTRAINT `FK_D57A53F0232D562B` FOREIGN KEY (`object_id`) REFERENCES `performances` (`id`) ON DELETE CASCADE
) ENGINE=InnoDB AUTO_INCREMENT=61 DEFAULT CHARSET=utf8 COLLATE=utf8_unicode_ci;
/*!40101 SET character_set_client = @saved_cs_client */;

--
-- Dumping data for table `performance_translation`
--

LOCK TABLES `performance_translation` WRITE;
/*!40000 ALTER TABLE `performance_translation` DISABLE KEYS */;
INSERT INTO `performance_translation` VALUES (1,1,'en','title','Among the Thunder and Silence'),(2,1,'en','type','Documentary History'),(3,1,'en','description','The show is dedicated to the 80th anniversary of the birth of Vasyl Symonenko. Sergey Proskurnia. Documentary history.'),(4,2,'en','title','Twelfth Night, or Whatever You Want'),(5,2,'en','type','Comedy'),(6,2,'en','description','Twelfth Night, or Whatever You Want is named in honor of twelfth night fest in the Christmas season. This is a comedy about love. It is the Shakespeares  play that is get up most often in the world. The action of the comedy takes place in a fictional country - Illyria. The governor Duke of Illyria Orsyno is fallen in love with the Countess Olivia. Countess is in mourn over the death of her brother. Gemini - brother and sister Viola and Sebastian found themselves in Illyria after the shipwreck, having lost each other. Viola, dressed in mens clothing, appears at court of Orsyno. Duke liked guy named Caesar (it was the name that Viola took) and makes him a close assosiate. Viola falls in love with the Duke. Orsyno does not notice this and gives his new page an assignment to go to Olivia and try to woo her. At the court of Olivia lives her uncle Sir Toby - a drunkard and humorist. He passes time in festivities with Sir Andrew, who is also unsuccessfully seeking Olivias attention. Caesar seeks an audience with Olivia and passes her messages from Orsyno. The case ends unexpectedly: Olivia politely gives due consideration to the Duke, but falls in love at a first sight with Dukes messenger. In the city meanwhile appears Sebastian, who mourns his sister, believing her to be dead. It starts with a number of misunderstandings. Brother and sister, extremely similar to one another, are confused by everyone...'),(7,3,'en','title','Garden of Gethsemane'),(8,3,'en','type','People tragedy'),(9,3,'en','description','People tragedy in 2 acts. Duration: 2 hours. 20 min.'),(10,4,'en','title','Shelmenko-servant'),(11,4,'en','type','Musical comedy'),(12,4,'en','description','Gregory Kvitka-Osnovyanenko. Music by Vasily Solovyov-Sedoy. Musical comedy in 3 acts.'),(13,5,'en','title','Whos the Boss at Home?'),(14,5,'en','type','Musical comedy'),(15,5,'en','description','On the comedy \"Pharaohs\" of Alex Kolomiiets about the realities of life in a small town with its collective farm,  problems and desire to improvement as well as hope for the mechanization of production process. Musical performance, where it is not clear at some points – whether actors are joking with you or completely seriously reciting ideological slogans from the stage. The story of how men and women have changed their \"professional\" duties and have understood all the \"advantages\" of the opposite sex life, turned out to be only a dream of the protagonist Nikolai Taran. Dream, but not without morality. Men understand that they need to take care of their wives, because household chores appear to be not so easy. Men are also angry about new roles because of the fact that women assumed their mission to go somewhere late at night and drink vodka. All event turned into a kaleidoscope of married couples where one determines its place not only in the family, but also in the society of collective farm. In this whirlwind, that in the eyes of the audience becomes a musical where everyone is singing and dancing, get all the participants of the performance. Songs that sound throughout the whole play were popular during the writing of the play. Director - Oles Pavlyutin. Duration - 2 hours 5 minutes'),(16,6,'en','title','Lena'),(17,6,'en','type','Ukrainian new drama'),(18,6,'en','description','Village Panske is remains of the village, flooded by waters of Kremenchug reservoir. The village Panske is seventeen families. Several houses, between which the wind blows. Water is not delivered into houses, people get it from a single well or bring from Cherkassy. Even the postmen do not go here ... Though nobody writes letters now... In one of the huts lives Maxim with his mother. A good son. Will bring water, do everything. He loves Korean carrots. To do that, one should wash, clean up and finely grate carrots. Peel and finely chop garlic. Sprinkle carrots with red and black pepper, salt and sugar, add vegetable oil, chopped nuts, garlic and mix well. Add citric acid to carrots and mix again. Put the mixture into the refrigerate to cool down. Maxim has an old motorbike that remained from his father. And where is the father? Gone ... Max goes from the well, while he sees three persons approaching him - woman, man and LENA. Yuriy Berlinskiy, Natalia Vigran, Michael Kondratskyy, Tatiana Kryzhanivska, Nadiya Korbut, Oleg Telyatnyk, Anna Kurylenko, Oleksandr Gumennuy, Svetlana Tereshchenko star in the play. Artists - Natalka and Serhiy Rydvanetski. Video - NadiyaKorbut'),(19,7,'en','title','Matchmaking in Goncharivka'),(20,7,'en','type','Musical comedy'),(21,7,'en','description','Gregory Kvitka-Osnovyanenko. Music by Cyril Stetsenko. Musical comedy in 2 acts. Duration: 2 hours.'),(22,8,'en','title','Still Life with Thick Nephew'),(23,8,'en','type','Tragicomedy'),(24,8,'en','description','Tragicomedy of beauty, love and monsters. Do you love or allow loving yourself? When hope fades whose love will save?.. Three restless aunts, a computer genius Kaban-Baraban, passion and love in the fantastic comedy by Ion Sapdaru. With subtle humor are written characters of three elderly aunts, who sacrificed their personal lives to bringing up their nephew. Possessed by blind love, they raised him as helpless creature that suffers from stifling care. What will save him: love, food, or maybe - ghosts? Performed by Nataliya Panekina, Maria Maruschak, Oleksiy Klimenko and Honored Artists of Ukraine Nataliya Vigran, Lydia Popova, Lyubov Skobel, Lydmula Talah.'),(25,9,'en','title','Misanthrope'),(26,9,'en','type','Vaudeville'),(27,9,'en','description','All the educated public and critics from the time of writing till today unanimously put Molieres \"Misanthrope\" in the first place for the perfection and beauty of the composition of poetry. In numerous European and American modern productions of this work has the honor to participate such stars like Keira Knightley, Fabrice Luchini and Lambert Wilson. However, modern critic doesnt find information on setting \"Misanthrope\" on Ukrainian stage and theater performance in Cherkasy thus can be a pioneer in Ukraine. This is beyond that skilful Ukrainian translation was published in 1931 by the classic Maxim Rilskyi. First of all - this is a farce about courtship of four gentlemen to one of the most outstanding beauties of high society. So, of course, we are talking about love. However, in the center of the plot turns man, organically incapable of lies and hypocrisy, what sometimes is so essential in human communication (especially in the so-called \"higher circles\"). In this lays undying, timeless relevance of Misanthrope. Moliere is the author of the highest cohort playwrights of all time. His perfect construction of dramatic collisions was so self-sufficient that it did not need help of his famous contemporary and favorite of the Sun King Louis XIV-th - composer Jean-Baptiste Lully. We can not afford to refuse to play in great dedication of friendship, stunning all-consuming passion of love, ups and downs in a desperate competition - sounded live music, which underlined and emphasized so cute and exciting feelings …'),(28,10,'en','title','The Story of the Person with Whom a Story Happened'),(29,10,'en','type','Absurd Comedy'),(30,10,'en','description','The play of \"Cherkasy Theatre Lab\" (CTL). Playwright - Cyra Malinina (Kharkiv), donor of plot - actor Pavel Goncharov. Genre - Comedy rehearsal. Directed by Anton Romanov (Crimea), artists - Natalia and Serhiy Rydvanetski. In the play sound recordings of Hauschka and Thomas Newman. Small Stage (Duration 65 minutes). Pavol Goncharov, Angelina Ivanova, Petro Holubchenko, Serhiy Kovalenko, Nadiya Korbut, Oleksander Kuzmin, Honored Artist of Ukraine, Maria Maruschak, Oleg Telyatnyk star in the play. Assistant director - Angelina Ivanova. \" The Story of the Person with Whom a Story Happened \" - is an absurd comedy about how once in the house of not too successful director a chaos as constantly changing each other  visitors burst. Such a wheel, in which the hero runs as a squirrel, opening and closing the doors for visitors.'),(31,11,'en','title','Skanning'),(32,11,'en','type','Fantasy play'),(33,11,'en','description','Fantasy play in Cyberpunk style (the analogue of \"The Matrix\", \"The Beginning,\" \"It’s Hard to Be a God\"). The future, about 300 years after, when people are in the system that controls them on the level of their thoughts and feelings. People in the system believe that they are living in a free country, working 16 hours a day, seven days a week, with no time for art, for feelings. Women are subsedient to monthly rotations: they go from man to man, knowing nothing about what happens to them ... But nature takes its rights and the System fails. The performance of the future-past, distorted society where nature makes its way through this distortion.'),(34,12,'en','title','Nazar Stodolya'),(35,12,'en','type','Mystery-burlesque'),(36,12,'en','description','Taras Shevchenko. Christmas mystery-burlesque. Duration: 2 hours.'),(37,13,'en','title','Twelve Months or Guardians of the Year'),(38,13,'en','type','Musical tale'),(39,13,'en','description','Samuil Marshak. The musical tale. Duration: 1 hour.'),(40,14,'en','title','Golden Chicken'),(41,14,'en','type','Musical tale'),(42,14,'en','description','Vladimir Orlov. Musical tale for 1 action. Duration: 50 minutes.'),(43,15,'en','title','Hero Periwinkle'),(44,15,'en','type','Electro-Musical'),(45,15,'en','description','Bogdan Chalyi, music by Olena Belkina, electro-musical. Proven by time and generations Ukrainian authors tale (or real graphic novel, series!) by Bogdan Chalyi and artists Kira and Victor Hryhoryev, awarded in 1974 by the international prize n.a. Hans Christian Andersen, is put on the theatrical stage in the genre of epic musical for children and parents. The play is recommended for family viewing as it is riddled with sincerity and love for native land, the tale of hardening strength and faith in victory of flower boy Periwinkle who fearlessly enters the fight with a whole army of enemies. The courage and intelligence help him defeat the enemies without losing life values. The tale of hero Periwinkle has not lost its relevance for the public and political significance. With the immortal idea and ​​morality the play aims both in the present and in the future. Flight to Vyriy, battle with predatory eagles, meeting with the natives and the victory over the evil forces - call to the imagination by songs accompanied by orchestra and compositions of DJ, who himself dreams of a long journey and loyal friends.'),(46,16,'en','title','Road to the Sun'),(47,16,'en','type','Musical tale'),(48,16,'en','description','Arkady Gorin, Edward Jaworski. Musical tale for 1 action. Duration: 1 hour. 15 min.'),(49,18,'en','title','Laughter Academy'),(50,18,'en','type','Playing the theatre'),(51,18,'en','description','The action takes place during the World War II in Japan. In these difficult times citizens must help their motherland.&nbsp;'),(52,22,'en','title','\"Che\" Sity'),(53,22,'en','type','Experimental-documentary play in verbatim genres'),(54,22,'en','description','Director - Andriy May<br>Stage designer - Serhiy Rydvanetskiy&nbsp;<br>Costume designer - Nataliya&nbsp;Rydvanetska&nbsp;<br><span><br><br><br><br></span><br>'),(55,23,'en','title','Such a Love'),(56,23,'en','type','Life drama'),(57,23,'en','description','There are 3 generations of one family: granny, mother and daughter. Each of them has her own lifestory and love. But Olena\'s love is special, not rough...'),(58,17,'en','title','Boeing-Boeing'),(59,17,'en','type','Comic fantasy from stewardesses\' life in two acts'),(60,17,'en','description','<p>\'Boeing-Boeing\' is a legend of french theatre of the 20th century.</p><p>The plot of the&nbsp;\'Boeing-Boeing\' comedy is set in the house of a parisian&nbsp;</p>');
/*!40000 ALTER TABLE `performance_translation` ENABLE KEYS */;
UNLOCK TABLES;

--
-- Table structure for table `performances`
--

DROP TABLE IF EXISTS `performances`;
/*!40101 SET @saved_cs_client     = @@character_set_client */;
/*!40101 SET character_set_client = utf8 */;
CREATE TABLE `performances` (
  `id` int(11) NOT NULL AUTO_INCREMENT,
  `title` varchar(255) COLLATE utf8_unicode_ci NOT NULL,
  `type` tinytext COLLATE utf8_unicode_ci,
  `description` longtext COLLATE utf8_unicode_ci,
  `premiere` datetime NOT NULL,
  `slug` varchar(255) COLLATE utf8_unicode_ci NOT NULL,
  `createdAt` datetime NOT NULL,
  `updatedAt` datetime DEFAULT NULL,
  `deletedAt` datetime DEFAULT NULL,
  `mainPicture_id` int(11) DEFAULT NULL,
  `sliderImage_id` int(11) DEFAULT NULL,
  `createdBy` varchar(255) COLLATE utf8_unicode_ci DEFAULT NULL,
  `updatedBy` varchar(255) COLLATE utf8_unicode_ci DEFAULT NULL,
  `deletedBy` varchar(255) COLLATE utf8_unicode_ci DEFAULT NULL,
  `festival_id` int(11) DEFAULT NULL,
  PRIMARY KEY (`id`),
  UNIQUE KEY `UNIQ_8133AB2BCC32B8D0` (`mainPicture_id`),
  UNIQUE KEY `UNIQ_8133AB2BCE6083EA` (`sliderImage_id`),
  KEY `IDX_8133AB2B8AEBAF57` (`festival_id`),
  CONSTRAINT `FK_8133AB2B8AEBAF57` FOREIGN KEY (`festival_id`) REFERENCES `history` (`id`),
  CONSTRAINT `FK_8133AB2BCC32B8D0` FOREIGN KEY (`mainPicture_id`) REFERENCES `media__media` (`id`),
  CONSTRAINT `FK_8133AB2BCE6083EA` FOREIGN KEY (`sliderImage_id`) REFERENCES `media__media` (`id`)
) ENGINE=InnoDB AUTO_INCREMENT=91 DEFAULT CHARSET=utf8 COLLATE=utf8_unicode_ci;
/*!40101 SET character_set_client = @saved_cs_client */;

--
-- Dumping data for table `performances`
--

LOCK TABLES `performances` WRITE;
/*!40000 ALTER TABLE `performances` DISABLE KEYS */;
INSERT INTO `performances` VALUES (1,'Серед грому і тиші','Документальна історія','<p>Одне із завдань нашого театру – створення низки вистав\r\nпро славетних наших земляків.</p><p>Йдеться не про формальне вшанування пам’яті чи ювілейної дати (колись такі вистави називали «датськими»), а про наближення нас,\r\nсучасних, до постаті, масштаб якої на відстані часу стає особливим.</p><p>Василь Симоненко – поет-шістдесятник, трагічна доля якого\r\nсьогодні потребує «розшифровки».</p><p>У документальну історію об’єднані тексти Василя Андрійовича за\r\nхронологічним принципом. І тексти ці – поетичні,\r\nпрозові, публіцистичні, епістолярні – звучать на тлі інформаційних повідомлень\r\nепохи. </p><p>Після засудження «культу особи», багатьом здавалось, що\r\nкомпартія демократизується, що комуністом може стати й національний патріот, що\r\nнастала свобода слова і свобода зібрань, що у минулому залишились часи\r\nдеспотизму і тепер кожен має шанс на самовираження.</p><p>Саме Симоненко став першою жертвою таких помилкових\r\nуявлень.</p><p>Працюючи над виставою, ми зустрічались з живими ще\r\nдрузями і колегами Василя Симоненка – у виставі використані ці спогади.</p><p>Особливо важливо для нас було включення у виставу\r\nфрагментів з Симоненкової «п’єси без назви», яку Василь створював на\r\n4-му курсі університету. Неймовірної сили психологічна драма сьогодні звучить,\r\nяк дисидентський текст.</p><p>\r\n\r\n\r\n\r\n\r\n\r\n\r\n\r\n\r\n\r\n\r\n\r\n\r\n\r\n\r\n\r\n</p><p>Усі тексти Василя Симоненка автобіографічні, у кожному\r\nслові – його дух, думка, його позиція. Він знав, що таке бути людиною! Він був\r\nЛюдиною!</p>','2015-01-08 16:00:00','sieried-ghromu-i-tishi','2015-03-23 08:52:48','2015-04-26 21:30:49',NULL,272,273,NULL,NULL,NULL,NULL),(2,'Дванадцята ніч, або що захочете','Комедія','<p><b><i>Вільям Шекспір&nbsp; - не лише кринолін</i></b><b><i>&nbsp;</i></b></p>\r\n\r\n<p><b><i>Черкаський </i></b><b><i>&nbsp;</i></b><b><i>музично - драматичний&nbsp; театр ім. Т.Шевченка не перестає дивувати\r\nглядача і цього сезону пропонує сучасну постановку знаменитого твору «&nbsp; Дванадцята ніч або Що захочете ».</i></b></p>\r\n\r\n<p><b><i>&nbsp;</i></b><i>Чи потрібно трактувати Шекспіра на модерновий лад?&nbsp; Якими мають бути його п</i><i>’</i><i>єси сьогодні&nbsp; на сцені? В які костюми\r\nодягнути акторів?</i></p>\r\n\r\n<p><i>&nbsp;</i>Ці\r\nпитання хвилюють і&nbsp; ще більше розпалюють &nbsp;інтерес глядача.</p>\r\n\r\n<p>Та поки\r\nхтось вирішує « бути чи не бути » сучасному Шекспіру, твориться нова робота для\r\nЧеркаського театру. </p>\r\n\r\n<p><i>Юрій Андрухович</i><span> береться за переклад, а\r\nрежисерський задум приїздить втілювати з Німеччини <i>Андрій Крітенко.</i></span></p>\r\n\r\n<p>&nbsp;У цій\r\nпостановці ми не побачимо звичних костюмів епохи Відродження, бо їм на зміну\r\nприйшли речі from second hand . Власне і декорації були створені за тим самим принципом – « з миру по\r\nниточці », а точніше з вистави у виставу.</p>\r\n\r\n<p>&nbsp;У\r\nперекладі Андруховича текст Шекспіра зазвучав західно-манерними\r\nінтонаціями,&nbsp; що певною мірою додає виставі\r\n&nbsp;шарму.</p>\r\n\r\n<p>Та\r\nвідкидаючи усе сказане, головним &nbsp;залишається акторська гра, вільна та\r\nпереконлива. Складається враження тої самої розкутості, яку так уміло зобразив\r\nВ.Шекспір у своїй найтрагічнішій комедії. </p>\r\n\r\n<p>Режисер\r\nрозставляє акценти&nbsp; для головних героїв,\r\nсвідомо показує нам не молодих&nbsp; Орсіно та\r\nОлівію,&nbsp; які переживають драматичні події\r\nсвоїх стосунків. </p>\r\n\r\n<p>Хіба ж\r\nне цікавить нас чому ми все життя можемо любити іншу людину? Або захопитися\r\nмиттєво тим, хто так раптово з’явився в нашому житті? ,&nbsp; як після кораблетрощі викинута на берег\r\nІллірії – Віола раптом з’являється і закохується у князя Орсіно.</p>\r\n\r\n<p>&nbsp;У\r\nвиставі звучить музика Сергія Боброва у виконанні автора та варіації на тему «O\r\nSole Mio» Едуардо ді Капуа на слова Джованні Каппурро.</p>\r\n\r\n<p>&nbsp;Тут і\r\nпристрасті, і ворожнеча, зрада, помста. У вигаданих обставинах таке не вигадане\r\nжиття…</p>\r\n\r\n<p>&nbsp; &nbsp; &nbsp; &nbsp; &nbsp; &nbsp; &nbsp; &nbsp; &nbsp; &nbsp; &nbsp; &nbsp; &nbsp; &nbsp; &nbsp; &nbsp; &nbsp; &nbsp; &nbsp; &nbsp; &nbsp; &nbsp; &nbsp; &nbsp; &nbsp; &nbsp; &nbsp; &nbsp; &nbsp; &nbsp; &nbsp; &nbsp; &nbsp; &nbsp; &nbsp; &nbsp; &nbsp; &nbsp; &nbsp; &nbsp; &nbsp; &nbsp; &nbsp; &nbsp; &nbsp; &nbsp; &nbsp; &nbsp; &nbsp; &nbsp; &nbsp; &nbsp; &nbsp; &nbsp; &nbsp; &nbsp; &nbsp; &nbsp; &nbsp; &nbsp; &nbsp; &nbsp; &nbsp; &nbsp; &nbsp; &nbsp; &nbsp; &nbsp; &nbsp; &nbsp; &nbsp; &nbsp; &nbsp; &nbsp; &nbsp; &nbsp; &nbsp; &nbsp; &nbsp; &nbsp; &nbsp; &nbsp; &nbsp; &nbsp; &nbsp; &nbsp; &nbsp; &nbsp; &nbsp; &nbsp; &nbsp; &nbsp; &nbsp; &nbsp; &nbsp; &nbsp; &nbsp;Анна Куриленко</p>','2015-01-25 17:00:00','dvanadtsiata-nich-abo-shcho-zakhochietie','2014-10-30 00:46:09','2015-09-16 09:48:28','2016-01-14 17:25:25',170,171,NULL,'roman','roman',NULL),(3,'Сад Гетсиманський','Народна трагедія','Народна трагедія на 2 дії. Тривалість вистави 2 год. 20 хв. Тривалість вистави 1 год. 50 хв.<br>\r\n\r\n<p>Боже духів і всякої плоті, Ти </p>\r\n\r\n<p>смерть подолав і диявола знищив, </p>\r\n\r\n<p>і життя світові Твоєму дарував; </p>\r\n\r\n<p>Сам, Господи, упокой душі </p>\r\n\r\n<p>усопших рабів Твоїх, на місці </p>\r\n\r\n<p>світлім, на місці квітучім, на місці </p>\r\n\r\n<p>спокійнім, звідки втекла болінь, </p>\r\n\r\n<p>печаль і зідхання; </p>\r\n\r\n\r\n\r\n<p>Всяке &nbsp;прогрішення вчинене ними </p>\r\n\r\n<p>словом, або ділом, або помислом, </p>\r\n\r\n<p>як благий і чоловіколюбець Бог, </p>\r\n\r\n<p>прости, бо немає чоловіка, що </p>\r\n\r\n<p>жив би, а не згрішив; бо Ти один </p>\r\n\r\n<p>без гріха, правда Твоя – правда </p>\r\n\r\n<p>во віки, і слово Твоє – істина. </p>\r\n\r\nАмінь.<br><br><br>','2015-01-29 18:30:00','sad-gietsimans-kii','2015-04-04 16:19:04','2015-04-26 22:20:11',NULL,458,461,NULL,NULL,NULL,NULL),(4,'Шельменко-денщик','Музична комедія','<div><div>Драматичний твір «Шельменко-денщик» написаний Григорієм Квіткою-</div><div><br></div><div>Основ´яненком російською та &nbsp;українською мовами, за твердженням Наталі Ішиної&nbsp;</div><div><br></div><div>пов´язаний з його попередньою п´єсою «Дворянські вибори», тобто повторення схеми&nbsp;</div><div><br></div><div>створити такий твір, &nbsp;який відповідав би постановці його на сцені імператорських&nbsp;</div><div><br></div><div>театрів. І справді Григорій Квітка-Основ´яненко багаторазово клопотався про те, щоб&nbsp;</div><div><br></div><div>п´єса ставилася у театрах Петербурга, Москви та Харкова. &nbsp;Отже, російськомовний&nbsp;</div><div><br></div><div>глядач може зрозуміти твір своєю мовою, а україномовний текст виголошується лишень&nbsp;</div><div><br></div><div>Шельменком для подачі барвистості змісту.</div><div><br></div><div>Одна з найпопулярніших п’єс української драматургії, з моменту написання, не&nbsp;</div><div><br></div><div>сходить зі сцен українських театрів.&nbsp;</div><div><br></div><div>Драматург створив захоплюючий сюжет про те, як хитрий слуга втручається в&nbsp;</div><div><br></div><div>життя панів і пошиває їх у дурні.&nbsp;</div><div><br></div><div>&nbsp;Скворцов має намір одружитися з Прісінькою, дочкою Кирила Петровича Шпака&nbsp;</div><div><br></div><div>– поміщика села. Але батьки вже погодили зустріч Прісі з Лопуцьковським, щоб скоро&nbsp;</div><div><br></div><div>вони побралися. У цих обставинах розгортаються події любовного трикутника. Скворцов&nbsp;</div><div><br></div><div>знаючи відмову батьків, пропонує Прісі втечу, але вона відмовляється. Тоді на допомогу&nbsp;</div><div><br></div><div>приходить простакуватий, зате кмітливий денщик капітана Шельменко, якому&nbsp;</div><div><br></div><div>настільки набридла багаторічна служба, що він готовий на будь-які хитрощі, аби&nbsp;</div><div><br></div><div>догодити командиру і піти у відставку.<br><br></div></div>Музична комедія на 3 дії.','2015-01-31 17:00:00','shiel-mienko-dienshchik','2014-10-04 17:15:39','2016-01-13 13:34:36',NULL,459,460,NULL,'roman',NULL,NULL),(5,'Хто в домі господар?','Музична комедія','За комедією «Фараони» Олексія Коломійця про реалії життя в невеликому містечку з його колгоспом, проблемами і прагненням до покращення та сподіванням на механізацію процесу господарювання. Музична вистава, де не зрозуміло в деякі моменти – чи жартують із вами зі сцени, чи абсолютно серйозно виголошують ідеологічні лозунги. Історія про те, як чоловіки з жінками помінялися своїми «професійними» обов’язками, зрозуміли усі «переваги» життя протилежної статі, виявилася лише сном головного героя Миколи Тарана (Юрій Берлінський). Сном, але не без моралі. Чоловіки зрозуміли, що потрібно берегти своїх жінок, адже домашні справи, виявляється, переробити не так то й легко. Обурює чоловіків у нових амплуа і те, що жінки перебрали на себе їхню місію гуляти до пізньої ночі та пити горілку.<br>Все дійство перетворилося на калейдоскоп одружених пар, де кожен визначає своє місце не тільки в сім’ї, а й у колгоспному суспільстві. У цю круговерть, що на очах у глядачів перетворюється на мюзикл, де всі співають і танцюють,потрапляють усі учасники вистави. Пісні, що звучать протягом усієї дії, були популярними у час написання п’єси.<br>Як зізнався сам режисер постановки Олесь Павлютін, реакції на цю виставу діаметрально протилежні: «Якщо одні говорять, що ми пропагуємо повернення у минуле, хочемо знову всіх відправити у колгоспи, то інші цікавляться, як можна було так злісно, з таким сарказмом, жартувати над устоями тих часів. Нині є мода на твори 50-60 років, тому нам захотілося показати свій погляд на ту епоху. Це, звичайно, не реалізм. Це про наших бабусь, дідусів, про ту епоху, про тих, хто тоді творив. Не дивлячись на долю кон’юнктури, конформізму політичного, що є у драматичному матеріалі, там багато людського тепла. Це все вилилося у таку комедію з елементами мюзиклу, з музикою Шамо, Майбороди, Вагнера, Масканьї та інших.<br>«Хто в домі господар?» - це нова постановка шевченківців. Прем’єра відбулася у травні цього року. З виставою колектив вже побував на гастролях у Кіровограді, тепер у Полтаві. Далі її побачать любителі театрального мистецтва по всій Черкаській області.<br>Сучасному глядачу від театру потрібно те, що він не отримає з Інтернету - повинен бути реальний контакт, - переконаний режисер черкаського театру Олесь Павлютін. – Ми повинні знаходити такі теми, які хвилюють, пробуджують свідомість, оживляють почуття. Хочеться актуальності, тому ми зараз багато працюємо з сучасною драматургією.<br>','2015-01-18 17:00:00','khto-v-domi-ghospodar','2014-11-17 04:34:32','2015-09-16 09:37:22',NULL,176,470,NULL,'roman',NULL,NULL),(6,'Лєна','Українська нова драма','Село Панське - це рештки села, затопленого водами Кременчуцького водосховища. Село Панське - це сімнадцять сімей. Кілька хаток, між якими гуляє вітер. Вода до хат не підведена, набирають її з єдиної криниці або привозять з Черкас.&nbsp;Навіть поштарі до Панського не заглядають... Та й листів сьогодні вже ніхто не пише... В одній із хатин живе Максим із мамою. Хороший син. Води принесе, все зробить. Любить моркву по-корейськи. Це треба моркву вимити, очистити і дрібно натерти. Часник очистити і дрібно нарізати. Моркву посипати червоним і чорним меленим перцем, сіллю, цукром, додати рослинну олію, подрібнені горіхи, часник і все добре перемішати. Додати в моркву лимонну кислоту і знову перемішати. Моркву поставити в холодильник. Нехай охолоне. У Максима є старий мотоцикл, від батька лишився. А де батько? А нема... Іде Максим від криниці, дивиться наближаються троє - жінка, чоловік і ЛЄНА.','2015-01-11 17:00:00','liena','2014-10-22 17:17:17','2015-04-26 21:08:17',NULL,178,437,NULL,NULL,NULL,NULL),(7,'Сватання на Гончарівці','Музична комедія','<p>«Сватання на Гончарівці» Г.Квітки-Основ’яненка найвідоміша комедія в\r\nукраїнській класиці після п’єси «За двома зайцями» М.Старицького.</p>\r\n\r\n<p>Побутова історія, що трапилася з героями в селі Гончарівці переносить\r\nглядача в середину ХУІІІ століття. Жив в українському мальовничому селі молодий\r\nпарубок Олексій і кохав він, дуже, дівчину Уляну єдину дочку Прокопа та Одарки Шкурат.\r\nАле незаможні батьки вирішили віддати свою дочку заміж за багатого Стецька, де\r\nвсього у дворі було вдосталь, окрім розуму у молодого хазяїна. Хотілося батькам\r\nУляни, щоб їхня дочка стала багатою господинею, тому й дали слово старому\r\nКандзюбенку, батькові Стецька, що згодні на весілля молодих. Та у відчаї\r\nОлексій і Уляна, що ж їм робити, на допомогу бідним коханим приходить дядько\r\nОлексія – сват &nbsp;Скорик. І, як йому, як\r\nсватові вдалося перехитрувати Одарку дізнаєтеся, якщо прийдете на\r\nвиставу в театр.</p>\r\n\r\n<br><br><br>','2015-01-14 18:30:00','svatannia-na-goncharivtsi','2015-04-01 15:43:18','2015-04-26 19:31:09',NULL,420,415,NULL,NULL,NULL,NULL),(8,'Натюрморт з товстим небожем','Трагікомедія','Трагікомедія про красу, чудовиськ і любов. Любиш чи дозволяєш себе любити? Коли зникає надія, чия любов врятує?..Три невгамовні тітоньки, комп\'ютерний геній Кабан-Барабан, пристрасті і любов - у фантастичній трагікомедії Іона Сапдару з тонким гумором виписані характери трьох тіточок похилого віку, які пожертвували особистим життям заради виховання племінника. Одержимі сліпою любов\'ю, вони виростили з нього безвольну істоту, яка страждає від задушливої ​​опіки. Що його врятує: любов, їжа, а може - привиди? ...','2015-01-16 18:30:00','natiurmort-z-tovstim-niebozhiem','2015-01-07 13:07:39','2015-06-30 16:49:47',NULL,182,433,NULL,'nazarcom',NULL,NULL),(9,'Мізантроп','Водевіль','Маніакальна комедія за твором Жана-Батіста Мольєра – історія про палку пристрасть, безтурботну красуню, сватання кавалерів до однієї з визнаних красунь вищого світу – історія зі шквалом емоцій, у сучасних постановках якої мають честь взяти участь такі світові зірки як Кіра Найтлі, Фабріс Лукіні і Ламберт Уїлсон.<span><br><br></span>','2015-01-17 17:00:00','mizantrop','2015-02-27 22:56:50','2015-04-26 21:14:27',NULL,184,443,NULL,NULL,NULL,NULL),(10,'Історія про людину, з якою трапилася історія','Абсурдна комедія','Вистава  «Черкаської Театральної Лабораторії» (ЧТЛ). Драматург – Кіра Малініна (Харків), донор сюжету – актор Павло Гончаров.&nbsp;','2015-01-24 17:00:00','istoriia-pro-liudinu-z-iakoiu-trapilasia-istoriia','2014-12-01 23:07:48','2015-07-16 14:53:51',NULL,186,632,NULL,'nazarcom',NULL,NULL),(11,'Сканінг','Футуристична антиутопія','<p>Вистава-фантазія у стилі\r\nкіберпанк, (аналог «Матриці», «Початку», «Важко бути Богом»).</p><p>\r\n\r\n</p><p>&nbsp;Майбутнє, десь через 300 років, коли люди\r\nзнаходяться у Системі, яка їх контролює на рівні думок і почуттів. Люди у\r\nСистемі переконані, що живуть у вільній країні, працюючи 16 годин на добу, без\r\nвихідних, без часу на творчість, на почуття. Щомісяця відбувається ротація\r\nжінок: вони переходять від чоловіка до чоловіка, не розуміючи, що з ними\r\nвідбувається… Але природа бере своє і Система дає збій. Вистава про майбутнє-минуле,\r\nспотворене суспільством, де природа пробивається через це спотворення.</p><p>… Сторіччя минули після омріяного\r\nПодолання. Проте, роки справжньої Свободи ще далеко попереду. Тому вільним\r\nблагонадійним треба прикладати всі зусилля, щоб\r\nдень за днем, рік за роком безухильно виконувати\r\nсвій обов’язок. До тогож, все ще триває героїчна,\r\nале дуже важка війна з Ворогом. За таких обставин\r\nзвичайний благонадійний виконувач обов’язку\r\nЗлатохрест сумлінно намагається бути\r\nпо-справжньому корисним своїй вільній громаді. Але в певний момент світ навколо\r\nнього дивовижним чином змінюється й летить шкереберть…</p>','2015-01-28 18:30:00','skaningh','2014-12-07 11:55:45','2015-04-26 21:32:37',NULL,188,279,NULL,NULL,NULL,NULL),(12,'Назар Стодоля','Містерія-бурлеск','<p>Хома Кичатий\r\n– в &nbsp;минулому\r\nкозак, а нині сотник, живе\r\nна своєму багатому хуторі із\r\nдочкою Галею та ключницею Стехою, мріє про полковницький пернач і заради цього\r\nладен віддати Галю за старого полковника. Але на перешкоді давня клятва козаку Назару\r\nСтодолі віддати за нього дочку в\r\nподяку за врятоване в бою життя. Сьогодні Назар йому не підходить, занадто\r\nбідний... Хома розробляє підступний план усунення\r\nНазара... Хома із\r\nсвящеником домовились сватів підкупити... Галя певна, до\r\nнеї сватається її коханий Назар і пов’язує сватам рушники. Раптом з’являється\r\nіз колядниками Назар та його товариш Гнат Карий... Подальші події сповнені\r\nсильних пристрастей, відчайдушних вчинків у яких тісно переплетені неймовірна\r\nсила кохання та високе відчуття лицарської честі...</p>','2015-01-30 18:30:00','nazar-stodolia','2014-09-26 07:11:26','2015-04-26 21:23:41',NULL,444,445,NULL,NULL,NULL,NULL),(13,'Дванадцять місяців або хранителі року','Музична казка','Самуіл Маршак. Музична казка. Тривалість вистави 1 год.','2015-01-06 13:00:00','dvanadtsiat-misiatsiv-abo-khranitieli-roku','2015-01-25 15:57:44','2015-04-26 22:15:56',NULL,452,453,NULL,NULL,NULL,NULL),(14,'Золоте курча','Музична казка на 1 дію','<p><b>&nbsp; &nbsp; &nbsp; &nbsp; &nbsp; &nbsp; &nbsp; &nbsp; &nbsp; &nbsp; &nbsp; &nbsp; &nbsp; &nbsp; &nbsp; &nbsp; &nbsp; &nbsp; &nbsp; &nbsp; &nbsp; &nbsp; &nbsp; &nbsp; &nbsp; &nbsp; &nbsp; &nbsp; &nbsp; &nbsp; &nbsp; &nbsp; &nbsp; &nbsp; &nbsp; &nbsp; &nbsp; &nbsp; &nbsp; &nbsp; &nbsp; &nbsp; &nbsp; &nbsp; &nbsp; &nbsp; &nbsp; &nbsp; &nbsp; &nbsp; &nbsp; &nbsp; &nbsp; &nbsp; &nbsp; « </b><b>Золоте</b><b> Курча »</b><b></b></p>\r\n\r\n<p><b>&nbsp;</b></p>\r\n\r\n<p><b>&nbsp; &nbsp; &nbsp; &nbsp; &nbsp; &nbsp; &nbsp; &nbsp; &nbsp; &nbsp; &nbsp; &nbsp; &nbsp; &nbsp; &nbsp; &nbsp; &nbsp; &nbsp; &nbsp; &nbsp; &nbsp; &nbsp; &nbsp; &nbsp; &nbsp; &nbsp; &nbsp; &nbsp; &nbsp; &nbsp; &nbsp; &nbsp; &nbsp; &nbsp; &nbsp; &nbsp; &nbsp; &nbsp; &nbsp; &nbsp; &nbsp; &nbsp; &nbsp; &nbsp; &nbsp; &nbsp;&nbsp; &nbsp;За\r\nодно</b><b>іменною&nbsp; п</b><b>\'</b><b>єсою В.Орлова</b></p>\r\n\r\n<p><b>&nbsp; &nbsp; &nbsp; &nbsp; &nbsp; &nbsp; &nbsp; &nbsp; &nbsp; &nbsp; &nbsp; &nbsp; &nbsp; &nbsp; &nbsp; &nbsp; &nbsp; &nbsp; &nbsp; &nbsp; &nbsp; &nbsp; &nbsp; &nbsp; &nbsp; &nbsp; &nbsp; &nbsp; &nbsp; &nbsp; &nbsp; &nbsp; &nbsp; &nbsp; &nbsp; &nbsp; &nbsp; &nbsp; &nbsp; &nbsp; &nbsp; &nbsp; &nbsp; &nbsp; &nbsp; &nbsp; &nbsp; &nbsp;&nbsp; &nbsp; &nbsp;&nbsp;Музика\r\n—&nbsp; Валентин Талах </b><b></b></p>\r\n\r\n<p><b>&nbsp;</b></p>\r\n\r\n<p><b>&nbsp;&nbsp;&nbsp;&nbsp;&nbsp;&nbsp;&nbsp;&nbsp; </b>Казка про маленьке Курча, яке з\'явилося на світ з яйця, що викрали Вовк та Лисиця у Курочки\r\nРяби.</p>\r\n\r\n<p>&nbsp;&nbsp;&nbsp;&nbsp;&nbsp;&nbsp;&nbsp;&nbsp; У суперечці про те, хто\r\nвисиджуватиме Курча, роль випадає Вовку.</p>\r\n\r\n<p>&nbsp;&nbsp;&nbsp;&nbsp;&nbsp;&nbsp;&nbsp;&nbsp; Коли на світ з\'являється маленьке створіння\r\nі своєю любов\'ю\r\nзачаровує Вовка, то де й дівається, у голодного звіра, бажання з\'їсти малечу. </p>\r\n\r\n<p>&nbsp;&nbsp;&nbsp;&nbsp;&nbsp;&nbsp;&nbsp;&nbsp; Курча співає пісні для Тата,\r\nяк &nbsp;його любить та воліє стати схожим на нього. Тепер серце Вовка стало&nbsp; добрим і він не уявляє свого життя без\r\nсиночка.<b></b></p>\r\n\r\n<p><b>&nbsp;</b></p>\r\n\r\n<p>&nbsp;&nbsp;&nbsp;&nbsp;&nbsp;&nbsp;&nbsp;&nbsp; Казка про те, які дивовижні\r\nдіти. Як своїми чистими серцями роблять світ кращим, теплішим.&nbsp; Як по — справжньому щиро вони люблять своїх\r\nмам і татусів. <b></b></p>\r\n\r\n<p><b>&nbsp;</b></p>\r\n\r\n<p><span>&nbsp;&nbsp;&nbsp;&nbsp;&nbsp;&nbsp;&nbsp;&nbsp; <b>&nbsp;&nbsp;&nbsp;&nbsp;&nbsp;&nbsp;&nbsp;&nbsp; &nbsp;У супроводі оркестру під керівництвом Олени\r\nБєлкіної , казку творять артисти :</b></span><b></b></p>\r\n\r\n<p><b>&nbsp;</b></p>\r\n\r\n<p><b>&nbsp;&nbsp;&nbsp;&nbsp;&nbsp;&nbsp;&nbsp;&nbsp; Вовк — Олексій Клименко,\r\nзасл.арт. Олександр Кузьмин</b></p>\r\n\r\n<p><b>&nbsp;&nbsp;&nbsp;&nbsp;&nbsp;&nbsp;&nbsp;&nbsp; Лисиця —&nbsp; засл. арт. Наталя Вігран</b></p>\r\n\r\n<p><b>&nbsp;&nbsp;&nbsp;&nbsp;&nbsp;&nbsp;&nbsp;&nbsp; Курча — Анна Куриленко </b></p>\r\n\r\n<p><b>&nbsp;&nbsp;&nbsp;&nbsp;&nbsp;&nbsp;&nbsp;&nbsp; Сороки — Марія Марущак та\r\nКатерина Шакалова</b></p>','2015-01-18 12:00:00','zolotie-kurcha','2014-10-05 00:49:05','2016-04-04 15:21:25',NULL,384,385,NULL,'roman',NULL,NULL),(15,'Барвінок герой','Електро-мюзикл','<p><span>Вітаємо Вас на виставі, яка стала сценічним\r\nвтіленням перевіреної часом та улюбленої поколіннями авторської казки\r\nукраїнського поета <b>Богдана Чалого</b>\r\nпро пригоди хлопчика-квітки, маленького козачка <b><i>Барвінка</i></b>. </span></p><p>&nbsp;Вперше книжка про Барвінка побачила світ&nbsp; 1966-го року і викликала таку цікавість\r\nмаленьких і дорослих читачів, що одне за одним стали з’являтися продовження\r\nцієї захопливої історії. Проілюстрована художниками <b>Кірою та Віктором Григорьєвими</b>, 1974-го року&nbsp; казка отримала почесний диплом Міжнародної премії імені Ганса Хрістіана Андерсена.</p><p>&nbsp;І от, майже через 50 років після написання, ця\r\nдавня історія стає для нас поемою про таємницю збереження у дні випробувань\r\nнародної сили і мудрості, які мають чарівну властивість – передаватися з\r\nпокоління в покоління.</p><p>&nbsp;</p><p>\r\n\r\n\r\n\r\n\r\n\r\n\r\n\r\n\r\n\r\n\r\n\r\n</p><p><span>А ми запрошуємо Вас разом з героями казки\r\nспробувати знайти відповідь на питання:&nbsp;\r\nде ж ховається та <b><i>насінинка</i></b>, у якій, як дитинка в\r\nкожушинці, зберігається наша сила, віра в перемогу і життєва наснага?.. Може та\r\nнасінинка десь зовсім поруч?..</span></p>','2015-02-07 00:00:00','barvinok-ghieroi','2014-11-20 16:50:05','2015-04-26 20:44:15',NULL,196,233,NULL,NULL,NULL,NULL),(16,'Дорога до сонця','казка','<p>Режисер – нар. арт. України Алім Ситник</p>\r\n\r\n<p>Художник – засл. художник України Надія Нікіфорова</p>\r\n\r\n<p>Балетмейстер – засл. арт. України Володимир Татарінов</p>\r\n\r\n<p>Помічник режисера – нар. арт. України Юрій Берлінський</p>\r\n\r\n<br><br><br>','1982-12-23 00:00:00','dorogha-do-sontsia','2015-04-05 15:24:16','2015-10-09 13:04:25',NULL,247,248,NULL,'roman',NULL,NULL),(17,'Боїнг-Боїнг','Комедійна фантазія з життя стюардес на дві дії','<p>«Боїнг-Боїнг» – легенда\r\nфранцузького театру ХХ століття. </p>\r\n\r\n<p>Сюжет комедії\r\n“Боїнг-Боїнг” розгортається у будинку паризького ловеласа Бернара і розповідає\r\nпро його роман з трьома чарівними стюардесами. Обраниці літають на різних\r\nавіалініях,&nbsp; і це змушує винахідливого жениха підладжувати своє життя під\r\nрозклад “прильоту-відльоту” усіх “наречених”. Та рано чи пізно навіть\r\nнайнадійніша схема може зруйнуватися через незаплановану затримку авіарейсу. І\r\nтоді починається найцікавіше..! </p>\r\n\r\n<br><br><br>','2011-04-28 00:00:00','boeing-boeing','2015-04-08 16:49:44','2015-04-26 20:46:07',NULL,219,220,NULL,NULL,NULL,NULL),(18,'Академія сміху','Гра в театр','Вистава за мотивами п\'єси японського драматурга Кокі Мітані «Академія сміху» у постановці молодого кримського режисера А. Романова вкотре майже повністю задовольнила вимогливого черкаського глядача.&nbsp;<br>Блискавична, легка, іронічна гра молодих акторів, багатогранна сюжетна палітра, вишуканий гумор змушували аудиторію не тільки сміятися і радіти, а й замислитися. Основні проблеми, порушені у виставі, – це вічний конфлікт творчої особистості і держави, закони війни і життя людини.<br>Дія вистави відбувається у 40-х роках минулого століття у Японії під час Другої світової війни. Місце дії – кабінет цензора.<br>Драматург Цубаки (актор – Олег Телятник) – догідливий, з пластичною ходою й нестримною енергією митець, приходить до поліції для того, щоб отримати дозвіл на постановку своєї п’єси. Втім, у країні іде війна, і упертий цензор Сакісакі (актор – Павло Гончаров), вважає, що зараз не час грати комедію та любовні історії. Цензор висловлює Драматургові безліч зауважень, однак сила мистецтва так його зачаровує, що він починає відчувати себе актором, творцем. Адже комедія – це не так вже і погано, тому що на сцені все, як у житті.&nbsp;<br><br>Погодження на постановку п’єси з нетерпінням чекає театральна трупа. Чотири актори (виконавці – С. Коваленко, П. Голубченко, М Рижевол, Д. Потапчук) у яскравих костюмах розважають відвідувачів різноманітними репризами і номерами. Клоунада у виконанні акторів трупи гармонічно вклинюється у сюжет між діалогами головних героїв п’єси, демонструє багатство яскравого мовлення комедійних масок, образів, загострену увагу до актуальної тематики, синтез жартівливого і серйозного. І навіть під час антракту актори не залишають сцени, а пропонують аудиторії концерт. Мають же актори якимось чином заробляти собі на каву та морозиво, якщо не має дозволу на постановку п’єси?! Але дослуховуючись до слів пісень, розумієш, що чудові, дотепні витівки акторів – це не просто жарти…<br>Автори вистави соковитими мазками осучаснили сюжет п’єси, прив’язали його до проблем сьогодення. Тут згадується і російський острів, який «нещодавно став російським», і актуальний у сьогоденні лозунг, котрий потрібно повторювати три рази. Проте, на думку Цензора, який упродовж суперечки з Драматургом дещо змінює свій світогляд, лозунг мав би звучати як «Людина понад усе».&nbsp;<br>І, безумовно, кульмінацією вистави стає звістка про те, що Драматург отримує повістку до лав армії. «Повертайтесь живими! Не смійте гинути!», – спрямовує месседж у далечінь Цензор, звертаючись, таким чином, до всіх воїнів, які обороняють свою Батьківщину від ворога.<br><br>Дійство супроводжується музикою одного з найяскравіших композиторів ХХ століття Альфреда Шнітке – великого майстра музичного театру абсурду, і це ще одна із вдалих знахідок авторів.<br>Вистава залишає відчуття добра, порозуміння і, водночас, тривоги за майбутнє держави і людини. Глядач розуміє, що криза є у кожному із нас. І виплескуючись із особистості, вона створює інший порядок у світі. Утім, змінюючи себе ми навіть іноді не помічаємо, як світ починає змінюватися навкруги нас.','2015-01-01 00:00:00','laughter-academy','2015-04-08 16:56:16','2015-04-26 20:41:39',NULL,229,230,NULL,NULL,NULL,NULL),(19,'Вишневий сад','Комедія на 4 дії','<p></p><p>\r\n\r\n</p><p></p><p>\r\n\r\n</p>\r\n\r\n<p>Вистава про зміну епох, яка\r\nвідзивається біллю в кожному серці.</p>\r\n\r\n<p>Йде покоління Раневської і Гаєва,\r\nстарих російських дворян, сентиментальних і непрактичних. Вони повинні дати\r\nдорогу діловому натиску Лопахіних.</p>\r\n\r\n<p>П’єса Антона Чехова виявилась\r\nяскравою ілюстрацією сьогоднішнього життя на&nbsp;\r\nпереломі епох 20-21 століття. Створюється відчуття помираючого і відходячого\r\nв минуле старого побуту. А що попереду? Завтра:</p>\r\n\r\n<p>Приходять нові люди – які вони ці\r\nгосподарі життя? Вони інші… Є готовність наших героїв вступити в нове невідоме\r\nжиття. У кожного з них свій шлях.</p>\r\n\r\n<p>Продаж вишневого саду це не\r\nтільки страждання і спогади про минуле, це і визволення, розтавання з цим\r\nминулим, яке йде безповоротно.</p>\r\n\r\n<p>&nbsp;</p>\r\n\r\n<br><br><br>','2002-11-06 00:00:00','vishnievii-sad','2015-04-08 17:19:41','2015-04-23 23:38:50',NULL,241,242,NULL,NULL,NULL,NULL),(20,'Дуже проста історія','Притча','<p>Сучасний\r\nросійський драматург Марія Ладо в театральному світі пострадянських країн —\r\nособа знана. її найвідомішу п\'єсу «Дуже проста історія» до постановки взяли\r\nтеатри Москви, Санкт-Петербурга, Єкатеринбурга, Омська та багатьох інших міст\r\nРосії, а в Україні цю історію показували в Луганську та Черкасах.</p>\r\n\r\n<p>Хоча сама\r\nназва, «Дуже проста історія», вже налаштовувала глядачів скептично, її основна\r\nсюжетна лінія банальна й невигадлива — Дарина кохає Олексія, вагітніє, молоді\r\nлюди готові одружитися, але батько дівчини не любить бідного хлопця, батько\r\nякого — п\'яничка, котрий до того ж колись «забрав» у нього кохану. Не було б у\r\nцьому нічого, гідного увага публіки, якби не «родзинка» самої п\'єси — героями\r\nвистави автор робить також свійських тварин, які є свідками подій, (а\r\nвідбувається все у хліву) і їх «коментаторами». Свиня, Кобила, Корова, Пес і\r\nПівень все побачене й почуте сприймають на своєму рівні — а це вже перетворює\r\nзвичайну театральну виставу на філософську притчу з містичними елементами —\r\nособливо у другій дії, коли Свиня, яка все життя мріяла літати, після смерті\r\nстає ангелом, а сусід-п\'яничка чує розмови звірів, говорить з ними. Перша дія\r\nбагата на комедійні моменти.</p>\r\n\r\n<p>Друга дія подобається більш вибагливим глядачам,\r\nоскільки тут вже є привід задуматись над багатьма речами — життя і смерть,\r\nсамопожертва і егоїзм, любов і ненависть.</p>\r\n\r\n<br><br><br><br>','2006-12-01 00:00:00','duzhie-prosta-istoriia','2015-04-08 17:46:36','2015-04-26 20:51:28',NULL,261,262,NULL,NULL,NULL,NULL),(21,'За двома зайцями','Музична комедія на 2 дії','<p>&nbsp;</p>\r\n\r\n<p>Режисер – Володимир Шитель</p>\r\n\r\n<p>Художник – засл. художник України Надія Нікіфорова</p>\r\n\r\n<p>Музика – засл. арт. України Валентина ','1985-03-25 00:00:00','za-dvoma-zaitsiami','2015-04-08 17:48:07','2015-04-08 17:55:55','2015-04-26 20:46:13',266,267,NULL,NULL,NULL,NULL),(22,'Місто на «Ч»','Експериментально-документальна вистава \r\nв жанрі вербатім','<p>Режисер – Андрій Май</p>\r\n\r\n<p>Художник – Сергій Ридванецький</p>\r\n\r\n<p>Художник по костюмах – Наталія Ридванецька</p>\r\n\r\n<p></p>','2011-06-04 00:00:00','che-sity','2015-04-08 18:10:38','2015-04-22 02:54:14',NULL,268,411,NULL,NULL,NULL,NULL),(23,'Така любов','Драма життя','<p>&nbsp;Перед нами три покоління: бабуся, мама та дочка. У кожної\r\nсвоє життя, своя історія, любов. Та у Олени любов особлива — не груба,\r\nматерно-алкогольна, як у мами і бабусі, а тиха, спокійна, мирна. Взаємна.</p>\r\n\r\n<p>&nbsp;Стомившись від слабкодухості матері, яка вічно терпить\r\nпобої та приниження чоловіків, Олена тікає до іншого міста. Сказавши одного\r\nразу цьому дикому світу “ні”, вона будує стосунки за принципово іншими законами\r\n— законами любові, довіри та поваги. Вона розчиняється у Паші, а Паша — у ній.\r\nОбидва мріють про дитину. Але доля не питає їх, а йде своїми шляхами.</p>\r\n\r\n<p>&nbsp;П’єсу цю було прочитано 14 лютого 2014 року (у розпал\r\nРеволюції гідності) у Санкт-Петербурзі, в програмі міжнародного фестивалю\r\nсучасної драматургії «П’ять вечорів імені Олександра Володіна». От що в\r\n«Петербургском театральном журнале» написала критик Яна Постовалова:</p>\r\n\r\n<p>«У кожного своя любов: батьківська, материнська; любов\r\nчоловіка до жінки, чи жінки — до чоловіка; віддана, пристрасна; хтива, від\r\nнудьги; просто так, від жалю... Та яка б не була любов, щастя вона не обіцяє.\r\nЛюбов ніби і є, але герої не раз повторюють: “Та щось не те, відчуваю!”.</p>\r\n\r\n<p>&nbsp;Роботу над текстом було розпочато в рамках Черкаської\r\nтеатральної лабораторії влітку 2013 року. “Донор” історії — актриса Олена\r\nБрехаря.</p>\r\n\r\n<br><br><br><br>','2015-03-20 00:00:00','such-a-love','2015-04-08 21:55:56','2015-04-26 18:01:34',NULL,285,287,NULL,NULL,NULL,NULL),(24,'Циганський барон','Комічна опера на дві дії','<p>Барінкай, син власника старого замку, повернувшись\r\nпісля мандрів, дізнається, що торговець Зупан заволодів його майном і за\r\nдопомогою судді прагне узаконити володіння. В цей час поряд із замком\r\nзупиняється циганський табір. Барінкай закохується в молоду циганку Саффі, а\r\nцигани оголошують його своїм бароном. Як і належить оперній постановці, тут є\r\nхитросплетіння доль, підступність, вир пристрастей і, звичайно, кохання.</p><p>\r\n\r\n</p><p>Вперше «Циганського барона» Йоганна Штрауса було\r\nпоказано на сцені театру «Der\r\nWien» 24 жовтня 1885 року. Його\r\nлібрето було написане Ігнацом Шнітцером і, у свою чергу, було засновано на\r\nтворі «Саффі» угорського письменника Морі Йокая. Протягом всього життя\r\nкомпозитора «Циганський барон» користувався шаленим успіхом, поступаючись по\r\nпопулярності лише «Летючій миші».</p>','2010-03-27 00:00:00','tsighans-kii-baron','2015-04-08 22:05:25','2015-04-26 21:33:55',NULL,293,294,NULL,NULL,NULL,NULL),(25,'Сніданок з ворогом','Комедія абсурду','<p><b>« Я офіційно відмовився від\r\nросійського громадянства, встиг до 18 числа і буду з українським » : говорить\r\nАнтон Романов&nbsp; - молодий режисер з\r\nСімферополя, життя якого змінилося після окупації Криму Росією.</b></p><p><b>&nbsp;</b></p><p><b>У квітні\r\n2012 р. </b>Антон увійшов у п’<span>ятірку кращих на першому фестивалі молодих українських\r\nрежисерів, який організував національний центр театрального мистецтва ім. Леся\r\nКурбаса у Білій Церкві. Тоді він отримав нагороду за « культуру сценічного\r\nперевтілення » у виставі <i>«Очі блакитного\r\nсобаки» </i>К. Малініної за твором Г. Г. Маркеса. </span></p><p>Згодом був запрошений на постановку п’<span>єси у Київському академічному Молодому театрі, яка вийшла\r\nпід назвою <i>«Неймовірна історія кохання».</i></span></p><p>Постійний учасник фестивалів «Тиждень актуальної п’єси»\r\n(Київ) та «Драма. UA» (Львів).</p><p>У червні 2013 взяв участь в Черкаській театральній\r\nлабораторії на якій презентував ескіз своєї майбутньої вистави, написаної з\r\nісторії&nbsp; життя актора Черкаського театру\r\n– Павла Гончарова. </p><p>Після подій в Криму Антон змушений був залишити рідний\r\nпівострів, через те, що його ім’я потрапило до чорного списку. Активна проукраїнська,\r\nгромадянська&nbsp; позиція, допомога військовим\r\nстали причиною переїзду у далекі Черкаси. </p><p>4 червня 2014 режисер дебютує з постановкою&nbsp; комедії абсурду&nbsp; –</p><p><i>«Сніданок\r\nз ворогом»</i> за мотивами п’єси Ф. Аррабаля «Пікнік». У Аррабаля – це п’єса про громадянську війну в Іспанії. Натомість\r\nпостановка Романова відображає події в Криму крізь власний погляд. Назва та\r\nжанр говорять самі за себе. Режисер підкреслює антигуманну політичну ситуацію.\r\nСолдати – молоді хлопці, представники двох таборів – українського та\r\nросійського. </p><p>Майданчиком для постановки Антон обирає декораційну залу\r\n– горище театру. У цій виставі немає масштабної сценографії – тільки шини та\r\nчорні ставки. </p><p>Ляльки, паперові квіти, мильні бульбашки, фонендоскоп, два\r\nавтомати, пляшка кримського вина , келихи, коробка з тістечками і парасоля\r\nтворять з акторами лиху історію сьогоднішнього злочину.</p><p>Війна – нищівне зло у будь-який час. Ніхто не хоче\r\nвоювати, люди приходять у цей світ не для того, щоб кидати бомби та вбивати\r\nлюдей. </p><p>Таку непристосованість та беззахисність&nbsp; підкреслює Романов у своїй першій постановці\r\nв Черкасах. </p><p>Молоді хлопці , які потрапляють на війну, не вміють\r\nвоювати. Вони читають « Отче, наш »,прикриваючись цією молитвою , щойно\r\nопиняються на полі бою. </p><p>Один солдат у окопах розважається тим, що робить ляльок,\r\nінший паперові квіти та надсилає їх своїй нареченій. Батьки приїздять до одного\r\nз них, щоб провідати та привітати &nbsp;з днем\r\nнародження. Прямо на війні сім’я знайомиться з російським солдатом. Пізніше\r\nрозуміючи, що він є їхнім ворогом, беруть його у полон. Зв’язують руки та ноги червоною мотузкою, щоб не втік. Абсурд\r\nпомножений на трагедію сьогодення.</p><p>Режисер вводить персонаж, якого немає у п’єсі – дівчинку в білому. Вона янгол – вбивця. Бавиться\r\nляльками в яких нема очей, вони зроблені з червоної нитки. Це не ляльки –\r\nмотанки. Дівчинка в білому через них розповідає нам історії персонажів вистави\r\n,а потім холодно вбиває тих, хто причетний до цієї болючої теми війни. Такий\r\nсобі білий янгол смерті, шукає вбитих і провокує жорстокий фінал. </p><p>І лише після того, коли кожен з акторів у фіналі покладе\r\nсвою паперову квітку – символ пам’яті загиблому, комедія абсурду різко перейде у абсурд\r\nреалізму. Пригадається Майдан з його жертвами за свободу, ще гірше стане від\r\nвійни, яка так злісно позбавляє життя невинних людей. </p><p>Очі глядачів наповняться слізьми, вони триматимуть\r\nпаперову квітку в руці, а потім покладуть її до шини, не вимовивши ані слова.</p><p>\r\n\r\n\r\n\r\n\r\n\r\n\r\n\r\n\r\n\r\n\r\n\r\n\r\n\r\n\r\n\r\n\r\n\r\n\r\n\r\n\r\n\r\n\r\n\r\n\r\n\r\n\r\n\r\n\r\n\r\n\r\n\r\n\r\n\r\n\r\n\r\n</p><p>А наречена так і залишиться чекати свого героя…</p>','2015-04-16 22:58:00','snidanok-z-voroghom','2015-04-16 23:08:12','2016-04-05 10:31:10',NULL,349,323,NULL,'roman',NULL,NULL),(26,'Кайдашева сім\'я','комедія на 3 дії','<p>Повість\r\n«Кайдашева сім\'я» написана нашим земляком Іваном Нечуєм-Левицьким понад сто\r\nроків тому. Але чи знайдуться і сьогодні байдужі до ','1988-05-27 00:00:00','kaidashieva-sim-ia','2015-04-16 23:16:47','2015-04-16 23:16:47','2015-04-16 23:40:59',NULL,331,NULL,NULL,NULL,NULL),(27,'Кайдашева сім\'я','комедія на 3 дії','<p></p><p>\r\n\r\n</p><p>Повість\r\n«Кайдашева сім\'я» написана нашим земляком Іваном Нечуєм-Левицьким понад сто\r\nроків тому. Але чи знайдуться і сьогодні б','1988-05-27 00:00:00','kaidashieva-sim-ia-1','2015-04-16 23:24:32','2015-04-16 23:26:00','2015-04-16 23:40:24',NULL,337,NULL,NULL,NULL,NULL),(28,'Сільва','Оперета на 3 дії','<p></p><p>\r\n\r\n</p><p>Сценічне життя «Королеви чардаша» або «Сільви»\r\nІмре Кальмана розпочалося\r\nбурхливо на початку 20 століття; в листопаді 1915 році у Відні з великим\r\nуспіхом відбулася прем’єра «Сільви». Історія кохання угорської селянки з «Козячого\r\nболота» (назва села) та її моральна перемога над австрійськими князями Волепюк\r\nмала грандіозний успіх. Це краща з кращих оперет І.Кальмана. Сільва Вареску\r\nодержала перемогу над лицемірством, мораллю та духовною убогістю «вищого світу».\r\nЦя співачка з вар’єте зуміла зберегти чистоту, гордість і благородство. В\r\nпоєднанні з природними даними<b> </b>розумом і\r\nталантом, вона артистка не тільки піднялася над звичаями Кафешантана, але й примусила аристократів захоплюватись її талантом.</p>\r\n\r\n<p>&nbsp;</p>\r\n\r\n<p>Режисер –\r\nзаслужений&nbsp; діяч мистецтв України В.Бегма</p>\r\n\r\n<p></p><br>','2005-03-27 00:00:00','sil-va','2015-04-17 00:27:10','2015-04-26 18:00:05',NULL,347,348,NULL,NULL,NULL,NULL),(29,'Мартин Боруля','Комедія','<p>У такому відомому творі як\r\n«Мартин Боруля», дуже складно знайти ідею, яка б за 130-літню сценічну історію не\r\nбула б втілена на театральній сцені. Але тим і цікавий І.К.Карпенко-Карий, що\r\nчерез невибагливий сюжет, підказаний складною долею батька драматурга, він зміг\r\nне просто розкрити пласт взаємин кінця XIX сторіччя, але й дати їм оцінку, яка\r\nв багатьох моментах випередила його час. Через комедійний жанр Карпенко-Карий\r\nпіднявся до вершин філософського усвідомлення буття. Кажучи про ідею, яка може\r\nзацікавити сучасного глядача, хочеться згадати слова драматурга-філософа XX\r\nстоліття, родоначальника екзистенціоналізму Жан-Поля Сартра: «Справжнє\r\nпекло, яке є на землі, яке утримує нас і підстерігає – це &nbsp;таке становище, при якому наше соціальне\r\nобличчя, яке ми намагаємося собі створити, або думаємо, що вже створили і яке\r\nстараємося зберегти в очах оточуючих, робить з нас живих мерців. Тоді ми стаємо\r\nпеклом для себе і для оточуючих».</p><p>\r\n\r\n</p><p>&nbsp;</p>','2009-06-12 00:00:00','martin-borulia','2015-04-17 00:49:57','2015-04-26 21:09:07',NULL,355,354,NULL,NULL,NULL,NULL),(30,'Сільва','Оперета на 3 дії','<p>Режисер-постановник –\r\nзаслужений діяч мистецтв України Володимир Бегма</p>\r\n\r\n<p>&nbsp;Диригент – засл. арт.\r\nУкраїни Олена Бєлкіна</p>\r\n\r\n<p>&nbsp;Ху','2005-03-27 00:00:00','sil-va-1','2015-04-17 00:55:49','2015-04-17 00:56:09','2015-04-20 20:32:12',360,367,NULL,NULL,NULL,NULL),(31,'Вечір за окремою афішею','ВЕЧІР ЗА ОКРЕМОЮ  АФІШОЮ','ВЕЧІР ЗА ОКРЕМОЮ&nbsp;\r\nАФІШОЮ<br><br><br>','2015-04-17 00:56:00','viechir-za-okriemoiu-afishieiu','2015-04-17 00:57:42','2015-04-20 20:30:09',NULL,412,369,NULL,NULL,NULL,NULL),(32,'Великий льох','Містерія на 2 дії','<p></p><p>\r\n\r\n</p><p></p><p></p><p>\r\n\r\n\r\n\r\n</p><p>Містерія\r\n- (таїнство) різновид романтичної алегоричносимволічної поеми, для якої\r\nхарактерні поєднання фантастичного з реальним, символіки та філософії.&nbsp; <br></p><p></p><p>\r\n\r\n</p><p>Основний\r\nмістичний мотив містерії Т.Г. Шевченка \"Великий Льох\" віщування\r\nРіздва за надприродних умов двох близнят-антагоністів: месії та ката.\r\nСпостерігати цю надзвичайну містерію зібралися у Суботів звідусіль три білих\r\nпташки (душі померлих українських дівчат), три ворони (безсмертні українські,\r\nросійські та польські кати українського народу), три лірники: Горбатий, Кривий\r\nта Сліпий, \"базар люду та ^ й панства немало\". Дія містерії\r\nвідбувається на Черкащині, в середині XIX ст., в селі Суботові в родовому\r\nмаєтку Богдана Хмельницького, який на цей час було зруйновано. До Богданової церкви із\r\nПетербурга була надіслана експедиція з метою знайти скарб Хмельницького. Для\r\nШевченка ця акція була містичним символом остаточної руйнації святині України.\r\nВ своїй містерії він дає політичну та релігійну оцінки трьох століть розвитку\r\nта руйнації України.</p><p></p><p></p><p>\r\n\r\n</p><p>Оригінальність\r\nзадуму поета полягає в тому, що біблійна історія про народження спасителя відбувається\r\nне в Іудеї, а в Україні в середині 19 ст. Це нова біблія, новий псалом, новий заповіт, трагічне\r\nвіщування Шевченка українська жінка народить близнят, обох буде звати Іванами:\r\nодин із них буде як Гонта катів катувати, другий катам допомагати. Передчуття\r\nвеликої громадської війни, війни братів. Передчуття Шевченка, що на нового\r\nукраїнського спасителя чекає\r\nукраїнська голгофа. Трагедія полягає в тому, що поет майже не вірив в\r\nможливість відродження нації, бо вона сплюндрована і самосплюндровалась.\r\nУкраїнська богоматір \"навісна регочеться, що обох Іванами буде\r\nзвати\", Україна сміється і ридає, а сини України \"полатану сорочку з\r\nматері знімають\". \"Духа істини, якого світ не може сприйняти, бо не\r\nбачить його і не знає\" (Євангеліє від св. Івана 14:17) Т.Г. Шевченко в\r\nсвоїй містерії через великий трагічний біль душі своєї намагається вірити в\r\nприйдешнє України. Хоче вірити, що Дух істини відкриється для батьківщини. А\r\nдух істини для Тараса Шевченка полягає не в боротьбі з чужеземцями, а боротьбі\r\nза Духовне відродження людини, самої України в поверненні і до духовних скарбів\r\nбатьків.</p>\r\n\r\n<p></p><p>\r\n\r\n</p><br><br><br>','2003-11-29 00:00:00','vielikii-l-okh','2015-04-17 01:08:57','2015-04-26 17:57:48',NULL,371,370,NULL,NULL,NULL,NULL),(33,'За двома зайцями','Музична комедія на 2 дії','<p>Режисер – Володимир Шитель</p><p>Художник – засл. художник України Надія Нікіфорова</p><p>Музика – засл. арт. України Валентина Талаха</p><p>\r\n\r\n\r\n\r\n\r\n\r\n</p><p>Балетмейстер – засл. арт. України Валентин Луценко</p>','1985-03-23 00:00:00','za-dvoma-zaitsiami-1','2015-04-17 01:23:06','2015-04-26 20:54:37',NULL,382,383,NULL,NULL,NULL,NULL),(34,'Попелюшка','Музична казка','<p>Режисер – Олександр Олексюк</p>\r\n\r\n<p>Художник – Володимир Медвідь</p>\r\n\r\nБалетмейстер &nbsp;- засл. арт. України\r\nВолодимир Татарінов<br><br><br>','2002-03-24 00:00:00','popieliushka','2015-04-17 01:42:05','2015-04-17 01:42:05',NULL,392,394,NULL,NULL,NULL,NULL),(35,'Кайдашева сім\'я','комедія на 3 дії','<p>Повість\r\n«Кайдашева сім\'я» написана нашим земляком Іваном Нечуєм-Левицьким понад сто\r\nроків тому. Але чи знайдуться і сьогодні байдужі до родинних пристрастей, що\r\nраз по раз вибухають у боротьбі за сімейне верховенство між свекрухою та\r\nневісткою? Та ще коли одна варта другої, замість сподіваного спочинку мати змушена\r\nвсьому дати лад. От і гуде хата, як вулик щоденними сварками: грюкають двері,\r\nдзвенять шибки, верещать жінки, сердито покрикують старий батько, пробують\r\nне-окріплі баси неслухняні сини. І ось уже колись привітна чепурна хата клекоче\r\nяк перед виверженням Везувію, і вже покрівля здіймається від того жару який\r\nщедро сиплять один одному Кайдаші за пазуху — за переварений борщ, за\r\nнедостигле тісто, за неметені сіни, за поламане мотовило, биті горшки та чужі\r\nяйця. А ще коли поруч такі сусідки, як баба Параска та баба Палажка! (...І\r\nпідгледять, і підбрешуть, і рознесуть...).</p><p>&nbsp;&nbsp;&nbsp;&nbsp; І вже витікає гаряча лава сімейного\r\nрозбрату на вулицю, і немає спокою ні сусідам, ні громаді, ні батюшці, бо вже\r\nділять і город, і хату, і навпіл стару грушу, і худобу, і котів... І ось вже\r\nйдуть сім\'я на сім\'ю, рід на рід, куток на куток, Кайдаші на Балашів, Балаші на\r\nДовбишів; з рогачами, кочергами, ві­никами, праниками, граблями й горшками... І\r\nвже шматують коси, тріщать по­тилиці, вибили око матері... Зупинилися...\r\nОглянулись. А життя пройшло і долі катма.</p><p>Ой ви слуги молодії</p><p>Беріть коні воронії,</p><p>Доганяйте, повертайте</p><p>Літа молодії.</p><p>— Не вернемось, кажуть,&nbsp;&nbsp;&nbsp; не вернемось... забули й до кого...\r\nОтак-то!</p><p>\r\n\r\n\r\n\r\n\r\n\r\n\r\n\r\n\r\n\r\n\r\n\r\n\r\n\r\n</p><p><span>Живуть і\r\nтепер у нашім краї нащадки Кайдашів, шанують свого земляка-письменника, твори\r\nякого ввійшли в світову класику, щиро посміються над необачністю своїх прадідів\r\n— Ми не такі! А чи й справді не такі? А як у<b> </b></span>вас, люди\r\nдобрі?</p>','2019-06-23 17:00:00','kaidashieva-sim-ia','2015-04-17 01:55:47','2019-06-24 10:33:11',NULL,396,395,NULL,'roman',NULL,NULL),(36,'Дума про братів неазовських','Драматична поема','<p></p><p>\r\n\r\n</p><p></p><p>\r\n\r\n</p><p></p><p>\r\n\r\n</p><p></p><p>\r\n\r\n</p><p>Назва поеми цілком прозорий натяк на народну «Думу про\r\nвтечу трьох братів з города Азова; із турецької неволі – про козаків Павлюка,\r\nВасиля Томашина і Сахна Черняка».</p>\r\n\r\n<p>Намагаючись врятувати молодого безумця, що їде з ними\r\nдобровільно на страту, Томиленко і Павлюк апелюють до здорового глузду, до\r\nпочуттів Сахна Черняка, а той обурюється поведінкою двох братів, старшого і\r\nсередульшого, що залишили молодшого &nbsp;«на\r\nбезхліб’ї», «безвідді» та «на бездорожжі». Томиленко на\r\nрепліку&nbsp; Черняка: «Я що за вами пішки\r\nбуду бігти по цій&nbsp; дорозі, як той\r\nменший&nbsp; брат» відповідає: «Оце сказав! Ми\r\nж не брати азовські. Якби ми із неволі утікали, то я тебе на плечах поніс. А ми\r\nне із неволі, ми у смерть. Тому й не хочем брать тебе з собою».</p>\r\n\r\n<p>Герої обох дум знаходяться на різних полюсах\r\nморального вибору: честь чи безчестя, шляхетність чи ницість, самопожертва чи\r\nпідлість.</p>\r\n\r\n<p></p><br>','2005-04-27 00:00:00','duma-pro-brativ-nieazovs-kikh','2015-04-17 02:01:38','2015-04-26 20:51:57',NULL,404,405,NULL,NULL,NULL,NULL),(37,'Баба','Драма','<p>За п’єсою Павла Ар’є «Баба Пріся»<br></p><p><b>Режисер-постановник,&nbsp; музичне оформлення</b> &nbsp;– заслужений діяч мистецтв України Олексій\r\nКравчук</p><p>\r\n\r\n<b>Художник –</b> Олексій Хорошко<br></p><p><i><b>Дійові особи:</b></i></p><p><b>Баба Пріся</b> – лауреат Національної\r\nпремії імені Т.Г.Шевченка Олег Стефан</p><p><b>Вовчик</b> – Сергій\r\nЛитвиненко</p><p><b>Слава</b> – Анна Єпатко</p><p><b>Батько</b> – Сергій\r\nЛитвиненко</p><p><b>Дільничий</b> – Остап Дзядек</p><p>\r\n\r\n\r\n\r\n\r\n\r\n\r\n\r\n\r\n\r\n\r\n\r\n<span><b>Русалка-раідо-Свобода</b> – Марія Дзвонік, Оксана Цимбаліст</span><br></p><p>У&nbsp;драмі йдеться\r\nпро&nbsp;сім’ю, що&nbsp;мешкає у&nbsp;Чорнобильській&nbsp;зоні відчуження.\r\nГоловує у&nbsp;ній&nbsp;«дуже, дуже, дуже стара» баба Пріся&nbsp;– дещо &nbsp;інфернальна героїня, що&nbsp;товаришує\r\nз&nbsp;русалками, під’їдає галюциногенні гриби і якось\r\nу&nbsp;війну&nbsp;зарізала дванадцятьох німців.&nbsp;З&nbsp;нею&nbsp;живуть\r\nонук і хвороблива донька, яку&nbsp;свого часу покинув чоловік. Відчуження цієї\r\nсім’ї у&nbsp;п’єсі не&nbsp;стільки територіальне, скільки психологічне.\r\nА&nbsp;основний конфлікт&nbsp;драми&nbsp;– це &nbsp;зіткнення цих&nbsp;двох\r\nсвітів: зовнішнього&nbsp;– сучасної &nbsp;України&nbsp;– і &nbsp;внутрішнього&nbsp;– містичного, архетипічного\r\nсвіту, що&nbsp;береже традиції і корінням йде&nbsp;глибоко в&nbsp;землю. Разом\r\nз&nbsp;тим&nbsp;«Баба Пріся», попри властиву їй&nbsp;метафоричність, ставить\r\nнам&nbsp;досить конкретні питання, що&nbsp;стосуються як&nbsp;нашого минулого,\r\nтак&nbsp;і нашого теперішнього. І вирішивши їх, ми&nbsp;зможемо,\r\nна&nbsp;відміну&nbsp;від&nbsp;героїв&nbsp;п’єси, сказати, куди\r\nж&nbsp;ми&nbsp;все-таки рухаємось.</p>','2015-05-26 18:30:00','baba','2015-05-08 08:38:14','2015-05-08 09:45:51','2015-05-08 21:26:53',490,489,NULL,NULL,NULL,NULL),(38,'Баба','Драма','<p><i>Тривалість вистави 2 год.</i></p>\r\n\r\n<p><b>&nbsp;Режисер-постановник,&nbsp; музичне оформлення</b> &nbsp;– заслужений діяч мистецтв України Олексій\r\nКравчук</p>\r\n\r\n<p><b>Художник</b> – Олексій\r\nХорошко</p>\r\n\r\n<p>&nbsp;<i><b>Дійові особи:</b></i></p>\r\n\r\n<p><b>Баба Пріся</b> – лауреат Національної\r\nпремії імені Т.Г.Шевченка Олег Стефан</p>\r\n\r\n<p><b>Вовчик</b> – Сергій\r\nЛитвиненко</p>\r\n\r\n<p><b>Слава</b> – Анна Єпатко</p>\r\n\r\n<p><b>Батько</b> – Сергій\r\nЛитвиненко</p>\r\n\r\n<p><b>Дільничий</b> – Остап Дзядек</p>\r\n\r\n<p><b>Русалка-раідо-Свобода</b> –\r\nМарія Дзвонік, Оксана Цимбаліст</p>\r\n\r\n<p>&nbsp; У&nbsp;драмі йдеться\r\nпро&nbsp;сім’ю, що&nbsp;мешкає у&nbsp;Чорнобильській&nbsp;зоні відчуження.\r\nГоловує у&nbsp;ній&nbsp;«дуже, дуже, дуже стара» баба Пріся&nbsp;– дещо &nbsp;інфернальна героїня, що&nbsp;товаришує\r\nз&nbsp;русалками, під’їдає галюциногенні гриби і якось\r\nу&nbsp;війну&nbsp;зарізала дванадцятьох німців.&nbsp;З&nbsp;нею&nbsp;живуть\r\nонук і хвороблива донька, яку&nbsp;свого часу покинув чоловік. Відчуження цієї\r\nсім’ї у&nbsp;п’єсі не&nbsp;стільки територіальне, скільки психологічне.\r\nА&nbsp;основний конфлікт&nbsp;драми&nbsp;– це &nbsp;зіткнення цих&nbsp;двох\r\nсвітів: зовнішнього&nbsp;– сучасної &nbsp;України&nbsp;– і &nbsp;внутрішнього&nbsp;– містичного, архетипічного\r\nсвіту, що&nbsp;береже традиції і корінням йде&nbsp;глибоко в&nbsp;землю. Разом\r\nз&nbsp;тим&nbsp;«Баба Пріся», попри властиву їй&nbsp;метафоричність, ставить\r\nнам&nbsp;досить конкретні питання, що&nbsp;стосуються як&nbsp;нашого минулого,\r\nтак&nbsp;і нашого теперішнього. І вирішивши їх, ми&nbsp;зможемо,\r\nна&nbsp;відміну&nbsp;від&nbsp;героїв&nbsp;п’єси, сказати, куди\r\nж&nbsp;ми&nbsp;все-таки рухаємось.</p>','2015-05-26 18:30:00','baba','2015-05-08 21:49:35','2015-06-15 04:46:19',NULL,495,492,NULL,'sergey',NULL,3),(39,'ДАМИ І ГУСАРИ','Комедія','<p><b>Олександр Фредо</b></p><b>\r\n\r\n</b><p><b>Сценічна версія&nbsp;\r\nЮрія Одинокого</b></p><b>\r\n\r\n</b><p><b>Переклад з польської Бориса Попеля</b> </p>\r\n\r\n<p>&nbsp;<b>ДАМИ І ГУСАРИ</b></p>\r\n\r\n<p>Комедія на 2 дії</p>\r\n\r\n<p>&nbsp;</p>\r\n\r\n<p><b>Режисер-постановник</b> –засл. арт. України Юрій\r\nОдинокий</p>\r\n\r\n<p><b>Художник-постановник</b> – Олексій Вакарчук</p>\r\n\r\n<p><b>Художник по костюмах</b> – Катерина Корнійчук</p>\r\n\r\n<p><b>Композитор та аранжування</b> – Іван Небесний</p>\r\n\r\n<p><b>Музичний керівник</b> – засл. арт. України Володимир\r\nГданський</p>\r\n\r\n<p><b>Балетмейстер-постановник</b> – Павло Івлюшкін</p>\r\n\r\n<p><b>Хореограф-репетитор</b> – засл. працівник культури\r\nУкраїни Наталія Осипенко</p>\r\n\r\n<p><b>Сценічні бої</b> – нар. арт. України Володимир Абазопуло</p>\r\n\r\n<p><b>Консультант зі зброї</b> – засл. арт. України Олексій\r\nПаламаренко</p>\r\n\r\n<p><b>Звукорежисер</b> – Олексій Сікорський</p>\r\n\r\n<p><b>Художник по світлу</b> – Ярослав Марчук</p>\r\n\r\n<p>У фіналі вистави звучить «Тетянин вальс» Тараса\r\nЖирка</p>\r\n\r\n<p><i><b>Дійові\r\nособи та виконавці:</b></i></p>\r\n\r\n<p>Майор – нар. арт. України Олександр Задніпровський</p>\r\n\r\n<p>Ротмістр – нар. арт. України Василь Мазур</p>\r\n\r\n<p>Едмунд (поручик) – арт. Дмитро Чернов</p>\r\n\r\n<p>Капелан – засл. арт. України Тарас Жирко</p>\r\n\r\n<p>Пані Оргонова – нар. арт. України Людмила\r\nСмородіна</p>\r\n\r\n<p>Пані Диндальська&nbsp;\r\n– засл. арт. України Інна Капінос</p>\r\n\r\n<p>Панна Анеля – засл. арт. України Тетяна\r\nОлексенко-Жирко</p>\r\n\r\n<p>Панна Зося – засл. арт. України Анжеліка Савченко</p>\r\n\r\n<p>Юзя – арт. Ірина Мельник</p>\r\n\r\n<p>Зузя – арт. Леся Липчук</p>\r\n\r\n<p>Фрузя –засл. арт. України Наталія Ярошенко</p>\r\n\r\n<p>Рембо – арт.&nbsp;\r\nЮрій Ребрик</p>\r\n\r\n<p>Гжегож – арт. Володимир Зозуля</p>\r\n\r\n<p>Кордеш – арт. Володимир Збаразський</p>\r\n\r\n<p>У виставі беруть участь артисти оркестру театру</p>\r\n\r\n<p>П’єса «Дами і гусари»\r\nпольського комедіографа і поета Олександра Фредро&nbsp; (1793-1876 рр.)\r\nналежить до «золотого фонду» класичної літератури. 175&nbsp;років вона не\r\nсходить зі сцен світового театру, надаючи можливість акторам&nbsp; і режисерам\r\nпоринути у вишукану театральність, відчути витонченість&nbsp; польського\r\nгумору, в якому граціозність романтизму співіснує з легкою&nbsp; самоіронією.</p>\r\n\r\n<p>&nbsp;Дія відбувається\r\nв маєтку Майора – затятого холостяка, який, зібравши&nbsp;добірне товариство\r\nбойових друзів, відгородившись від примарних принад&nbsp;життя, а власне,\r\nусього, що пов’язане із жіноцтвом, «бавиться» і відпочиває&nbsp;між походами.\r\nСпокійну, суто гусарську ідилію буквально висаджує&nbsp;в повітря приїзд цілої\r\nкавалькади жінок – кузин Майора на чолі з пані&nbsp;Оргоновою. З їхньою появою\r\nстале гусарське життя летить до дідька, маєток&nbsp;– лихоманить. І це все\r\nможна було б стерпіти, якби не підступний план&nbsp;кузин: одружити Майора на\r\nдонці пані Оргонової – Зосі. Жінки розробляють&nbsp;тактику і стратегію: пані\r\nДиндальська опікується Капеланом, панна Анеля&nbsp;пускає бісиків Ротмістру,\r\nїхні служниці Юзя, Зузя, Фрузя також не втрачають&nbsp;часу марно... Поки\r\nжіноцтво приводить план у дію, Зося зустрічає поручика&nbsp;Едмунда і впізнає в\r\nньому своє омріяне кохання...</p>\r\n\r\n<p>Автори вистави на чолі\r\nіз режисером-постановником, автором сценічної&nbsp;версії Юрієм Одиноким\r\nстворили яскраве сценічне дійство, насичене&nbsp;легкістю акторської\r\nімпровізації, граціозністю пластично-танцювального&nbsp;малюнку, сповнене\r\nмузики і вічних мрій про кохання.</p>','2015-05-23 17:00:00','dami-i-gusari','2015-05-12 19:15:05','2015-06-15 04:47:12',NULL,496,507,NULL,'sergey',NULL,3),(40,'ДЗВІНОК ІЗ МИНУЛОГО','Сучасна комедія','<h1>Анатолій\r\nКрим</h1><h1>\r\nСучасна комедія</h1>\r\n\r\n<h3>Вистава\r\nбез антракту</h3>\r\n\r\n<h3><i><span>Тривалість вистави –&nbsp;<strong> 1 год. 30 хв.</strong></span></i></h3>\r\n\r\n<h3>&nbsp;Режисер –\r\nВолодимир Цивінський&nbsp;</h3><h3>\r\nКерівник&nbsp; постановки – народний артист\r\nУкраїни, народний артист Росії Едуард Митницький</h3>\r\n\r\n<h3><span>Художник –\r\nОлег Лунев<br>\r\nХудожник по костюмам – Дар’я Ніколаєва</span></h3>\r\n\r\n<h3>Музичне\r\nвирішення – Олександр Курій</h3>\r\n\r\n<h3><span>Художник\r\nпо світлу –&nbsp; Тетяна Кислицька<br></span></h3>\r\n\r\n<h3><strong><i>Дійові особи та виконавці:</i></strong></h3>\r\n\r\n<h3><br></h3><h3><span>Рита – Наталія\r\nЦиганенко<br>\r\nАндрій – засл. артист України Андрій Мостренко<br>\r\nВіктор – засл. артист України Микола Боклан<br></span><i><br></i></h3><h3><i>Анотація</i><br></h3>\r\n\r\n<p>Вони давно\r\nрозлучилися. Вона спокійна, врівноважена і по-своєму щаслива ... без нього. У\r\nнеї успішний чоловік, налагоджений бізнес, двоє дітей. Його життя теж\r\nусталилася в повсякденних турботах: роки буденності притупили біль зради ...</p>\r\n\r\n<p>Але що\r\nпролунав раптово телефонний дзвінок порушує звичний плин життя, повертає їх у\r\nминуле і змушує поставити всі крапки над «i». Чи можливо повернути те, що здавалося\r\nвже назавжди втраченим? Одна жінка і двоє чоловіків. На перший погляд -\r\nзвичайний любовний трикутник. Але один з героїв йде на ризикований\r\nпсихологічний експеримент. Ось тут-то і настає іспит для кожного з персонажів,\r\nде вибір вкрай жорсткий: порядність і підлість, честь і зрада ... І класична\r\nлюбовна історія переростає до фіналу в захоплюючий трилер.</p>','2015-05-28 18:30:00','dzvinok-iz-minulogo','2015-05-12 19:29:48','2015-06-15 04:45:28',NULL,508,509,NULL,'sergey',NULL,3),(41,'КАЛІКА З ОСТРОВА ІНІШМААН','Ірландська комедія','<p>Мартін Мак Донах</p>\r\n\r\n<p>Переклад – Олени Петрів</p><p><i>Тривалість вистави – 3\r\nгод.</i></p><p>Режисер-постановник – Володимир &nbsp;Петрів<i><b><br></b></i></p><p>\r\nСценографія – Сергій &nbsp;Ридванецький<br>\r\nХудожники по костюмах – Володимир Петрів, Анна Пілюгіна<br>\r\nЗвукорежисер – Богдан Сівак<br>\r\nХудожник по світлу – Дмитро Усик<br>\r\n<br>\r\n</p><p><i>Дійові особи та виконавці:</i></p><p>Біллі, каліка – артист &nbsp;драми Ігор Ніколаєв &nbsp;&nbsp;<br></p><p>Хелен – артистка драми Катерина Лапіна&nbsp;</p><p>Кейт – артистка драми Ольга Лозовська&nbsp;</p><p>Ейлін – народна артистка України Ліна Ізарова&nbsp;</p><p>Джонніпатінмайк – народний &nbsp;артист України Георгій Морозюк, заслужений артист України Андрій Куделя&nbsp;</p><p>Мамця – артистка драми Алла Луценко&nbsp;</p><p>Бартлі – артист &nbsp;драми Микита Кондратюк</p><p>Лікар – заслужений &nbsp;артист України Петро Ліснічук</p><p>Малюк Боббі – заслужений &nbsp;артист України Віктор Янчук</p><div><i>Анотація</i><br></div><p>«Каліка з острова Інішмаан»&nbsp; - трагікомічна, місцями жорстка і водночас\r\nніжна історія про мешканців острову, загубленого в океані.&nbsp; Життя селян, розмірене і звичне, одного разу\r\nпорушується приголомшливою новиною. Одного з них, а саме юнака-каліку Біллі,\r\nкличуть на зйомки до невідомого, але такого омріяного Голівуду. </p><p>\r\n\r\n\r\n\r\n\r\n\r\n\r\n\r\n\r\n\r\n\r\n\r\n\r\n\r\n\r\n\r\n\r\n\r\n\r\n\r\n\r\n\r\n</p><p>Постановка «Каліка з\r\nострова Інішмаан»&nbsp; Рівненського\r\nоблмуздрамтеатру – це перше українське сценічне втілення твору Мартіна Мак Донаха\r\nна професійній сцені. Сам же драматург перший опісля Шекспіра, чиї чотири п’єси\r\nодночасно йшли у Лондонському Королівському Національному Театрі.</p>','2015-05-24 17:00:00','kalika-z-ostrova-inishmaan','2015-05-12 20:04:22','2015-06-15 04:46:44',NULL,519,520,NULL,'sergey',NULL,3),(42,'КАЛІКА З ОСТРОВА ІНІШМААН','Ірландська комедія','<p>Мартін Мак Донах</p>\r\n\r\n<p>Переклад – Олени Петрів</p><p>Тривалість вистави – 3 год.</p><p>Режисер-постановник – Володимир &nbsp;Петрів<br></p><p>Сценографія – Сергій &nbsp;Ридванецький</p><p>Художники по костюмах – Володимир Петрів, Анна Пілюгіна</p><p>Звукорежисер – Богдан Сівак</p><p>Художник по світлу – Дмитро Усик</p><p><br></p><p>Дійові особи та виконавці:</p><p>Біллі, каліка – артист &nbsp;драми Ігор Ніколаєв &nbsp;&nbsp;<br></p><p>Хелен – артистка драми Катерина Лапіна&nbsp;</p><p>Кейт – артистка драми Ольга Лозовська&nbsp;</p><p>Ейлін – народна артистка України Ліна Ізарова&nbsp;</p><p>Джонніпатінмайк – народний &nbsp;артист України Георгій Морозюк, заслужений артист України Андрій Куделя&nbsp;</p><p>Мамця – артистка драми Алла Луценко&nbsp;</p><p>Бартлі – артист &nbsp;драми Микита Кондратюк</p><p>Лікар – заслужений &nbsp;артист України Петро Ліснічук</p><p>Малюк Боббі – заслужений &nbsp;артист України Віктор Янчук</p><p>Анотація<br></p><p>«Каліка з острова Інішмаан» &nbsp;- трагікомічна, місцями жорстка і водночас ніжна історія про мешканців острову, загубленого в океані. &nbsp;Життя селян, розмірене і звичне, одного разу порушується приголомшливою новиною. Одного з них, а саме юнака-каліку Біллі, кличуть на зйомки до невідомого, але такого омріяного Голівуду.&nbsp;</p><p>Постановка «Каліка з острова Інішмаан» &nbsp;Рівненського облмуздрамтеатру – це перше українське сценічне втілення твору Мартіна Мак Донаха на професійній сцені. Сам же драматург перший опісля Шекспіра, чиї чотири п’єси одночасно йшли у Лондонському Королівському Національному Театрі.</p>','2015-05-24 17:00:00','kalika-z-ostrova-inishmaan-1','2015-05-12 20:08:42','2015-05-12 20:08:42','2015-05-12 20:09:09',528,529,NULL,NULL,NULL,NULL),(43,'ЛОНДОН','Моновистава','<div>Максим Досько</div><div>Переклад українською Олени Концевич</div><div><br></div><div>Тривалість вистави – 1 год. 20 хв.<br></div><div><br></div><div><b>Режисер</b> &nbsp;– Павло Ар’є</div><div><b>Медіахудожник</b> – Володимир Стецькович</div><div><br></div><div><b>Дійові особи та виконавці:</b></div><div><b>Сантехнік Гєна</b> – Ярослав &nbsp;Федорчук</div><div><br></div><div><b>Анотація</b><br></div><div>Моновистава про любов до батьківщини і кожного з нас.</div><div>Це п’єса про білоруського сантехніка Гєну, що потрапляє в Лондон. Автор ніжно і тонко описує реалії сучасного Мінська. Лондон постає як нарізаний слайдами і змішаний з внутрішніми переживаннями туристичний путівник. Досько досліджує поняття патріотизму через співставлення досвідів головного героя вдома (у Мінську) і на чужині (у Лондоні). Поетизуючи рутину і буденність, Досько натякає, що батьківщина – це місце повторюваності щоденних практик, що викликають почуття безпеки і комфорту, а ретельна боротьба з міськими нечистотами є, часом, найвищою формою патріотизму.</div><div><br></div>','2015-05-25 18:30:00','london','2015-05-16 09:55:46','2015-06-15 04:45:52',NULL,530,531,NULL,'sergey',NULL,3),(44,'НАХЛІБНИК',NULL,'<div>Сценічна версія театру за мотивами&nbsp;</div><div>однойменної комедії і прозі Івана Тургенєва</div><div><br></div><div><b>Вистава без антракту</b></div><div><br></div><div>Тривалість вистави – 1 год. 55 хв.</div><div><br></div><div>Постановка – Михайла Резніковича</div><div>Сценографія і костюми – Марія Левітська</div><div>Режисер – Леонід Остропольський</div><div>Композитор – Олександр Шимко</div><div><br></div><div><b>Дійові особи та виконавці:</b></div><div>Павло Миколайович Єлецький, колезький радник – &nbsp;народний &nbsp;артист України Олег Замятін&nbsp;</div><div>Ольга Петрівна Єлецька, його дружина – заслужена артистка України Ганна Артеменко</div><div>Василь Семенич Кузовкін, дворянин, що мешкає на хлібах у Єлецьких, – народний &nbsp;артист України Віктор Алдошин</div><div>Флегонт Олександрич Тропачев, сусід Єлецьких – заслужений артист України Олександр Хорошко</div><div>Іван Кузьмич Іванов, інший сусід – артист Павло Кильницкий</div><div>Карпачов, теж сусід – заслужений артист України Віктор Кошель</div><div>Нарцис Констянтинич Трембінський, дворецький і метрдотель Єлецьких –&nbsp;</div><div>заслужений артист України Олег Роєнко, заслужений артист України Віктор Семирозуменко</div><div>Єгор Карташов, управитель – артист Василь Юрченко</div><div>Прасковья Іванівна, кастелянша – заслужена артистка України Любов Солодова</div><div>Челядь – артисти студії: Петро Крилов, Юрій Кухаренко, Гліб Мацибора, Володимир Фетисов</div><div><b>У сценах спогадів</b>:</div><div>Батько – народний артист України Юрій Гребельник</div><div>Мати – заслужена артистка України Олена Нещерет</div><div>Сусідка &nbsp;– заслужена артистка України Ганна Гринчак</div><div>Хлопець – артист Андрій Пономаренко</div><div><br></div><div><b>Анотація</b></div><div>Будинок – святе &nbsp;місце, пов’язане з дитинством. Спогади про нього найтепліші, щасливі, радісні. Коли на душі тривожно, повертаєшся в милу домашню обстановку, до батьків.&nbsp;</div><div>Молода Коріна (нині Єлецька) покинула рідні пенати, ще будучи дитиною. Кузовкін, ніколи не мав власного будинку: втративши в молодості спадки, він став нахлібником у Коріних. Грав роль дворового блазня. Усе своє життя задовольнявся малим: стерті чоботи, тарілка їжі, та і що буде.</div><div>Минули роки. І ось настала довгоочікувана мить зустрічі: блискуча красуня з Петербургу, що приїхала після семирічної відсутності погостювати в рідну садибу, і старий дармоїд, що мешкає тут з молодості «на хлібах». Вона тріумфує, радіє, плаче, згадує. Він вбирає усі її рухи, кожне слово.</div><div>Новоспечений чоловік Єлецької, найближчі сусіди, за старою звичкою, глузують з убогого старого Кузовкіна, підпоюють його, знущаються. Але приниження не вбиває благородства! Таємниця, що вирвалася назовні із глибин людської душі, що настраждалася, миттєво міняє поворот подій.</div><div>Але і таємницю у нього віднімають! А що ж натомість? І чи можливо людині сьогодні, як за часів Тургенєва, відстояти свою пригноблену &nbsp;гідність, свою спроможність як особи? У кого шукати співчуття? І яку ціну за нього необхідно заплатити?</div><div>Тонка, поетична, «прозора» вистава про доброту і розуміння, про благородство душі людської, дивацтва любові і її таємниці, про тягар самотності…</div><div><br></div>','2015-05-29 18:30:00','nakhlibnik','2015-05-16 10:06:32','2015-06-15 04:45:00',NULL,536,537,NULL,'sergey',NULL,3),(45,'АЛАДДІН','за мотивами арабських казок',NULL,'2015-06-14 12:00:00','aladdin','2015-06-04 11:34:29','2015-06-04 11:35:15','2015-06-04 11:54:16',552,553,NULL,NULL,NULL,NULL),(46,'АЛАДДІН','Вистава','Опис:)','2015-06-14 12:00:00','aladdin','2015-06-04 11:55:14','2016-01-14 18:05:28',NULL,554,555,NULL,'roman',NULL,NULL),(47,'the білоХАЛАТність','Музична драма','<p>Режисер-постановник\r\n– Володимир Снігурченко<br></p>\r\n\r\n<p>Художники\r\n– Наталка та Сергій Ридванецькі </p>\r\n\r\n<p>Асистент\r\nрежисера – Альона Снігурченко</p>\r\n\r\n<p>Помічник\r\nрежисера – Юрій Берлінський</p>\r\n\r\n<p>Композитор\r\n– учасники вистави</p>\r\n\r\n<p>Актори:\r\nКатерина Бедерак, Сергій Бобров, Петро Голубченко, Юлія Донська-Гуменна, Олексій\r\nКлименко, Олександр Кузьменко, Олександр Кузьмин, Марія Марущак, Катерина\r\nОлейнікова, Наталія Панекіна, Олена Передрій, Галина Прохорчук, Максим Рижевол,\r\nЛюбов Скобель, Олег Телятник.&nbsp; </p>\r\n\r\n<p>Оркестр\r\n– Оксана Вовкостріл (віолончель), Юрій Гелеверя (ударні), Вікторія Ковальова\r\n(флейта), Денис Рогозін (бас-гітара), &nbsp;&nbsp;&nbsp;&nbsp;&nbsp;&nbsp;&nbsp;&nbsp;&nbsp;&nbsp;&nbsp;&nbsp;&nbsp;&nbsp;&nbsp;&nbsp;&nbsp;&nbsp;&nbsp;&nbsp;&nbsp;&nbsp;&nbsp;&nbsp;&nbsp;&nbsp;&nbsp;&nbsp;&nbsp;&nbsp;Євген\r\nСкрипніченко (скрипка), Лілія Харченко (скрипка). </p>\r\n\r\n<p>Музичний\r\nкерівник оркестру – Олена Бєлкіна (фортепіано).</p>','2015-06-18 18:30:00','the-bilokhalatnist','2015-06-05 13:46:22','2015-10-06 13:35:14',NULL,600,557,NULL,'sergey',NULL,NULL),(48,'КОРОЛЬ ДРОЗДОБОРОД','Музична казка на 1 дію','Богдан Стельмах<span><br>Тривалість вистави 1 год. 10 хв</span>','2015-07-19 12:00:00','korol-drozdoborod','2015-06-30 16:29:59','2015-06-30 16:35:30',NULL,604,603,'nazarcom','nazarcom',NULL,NULL),(49,'Кіт у чоботях','казка','Мудра казка для дітей та дорослих','2015-07-19 12:00:00','kit-u-chobotiakh','2015-07-06 17:36:34','2015-07-06 17:36:34','2015-07-06 18:05:27',618,619,'nazarcom','nazarcom','nazarcom',NULL),(52,'Кіт у чоботях','казка','Персонажі казок Шарля Перро стали друзями дітей цілого світу. Інакше і бути не може, коли захопливу історію цікаво, талановито і з гумором розповідає справжній казкар!','2015-03-01 12:00:00','kit-u-chobotiakh-1','2015-07-06 18:04:49','2015-07-07 17:59:17',NULL,626,627,'nazarcom','nazarcom',NULL,NULL),(53,'Тестова вистава',NULL,NULL,'2015-07-07 18:01:00','tiestova-vistava','2015-07-06 18:05:11','2015-07-06 18:05:11','2015-07-06 18:05:31',NULL,NULL,'sergey','sergey','sergey',NULL),(54,'ТРОЄ ПОРОСЯТ','Музична казка на 1 дію','Музична казка на 1 дію','2015-10-04 12:00:00','troie-porosiat','2015-09-09 13:54:50','2015-09-09 13:54:50','2015-09-09 13:59:19',NULL,NULL,'roman','roman','roman',NULL),(55,'ТРОЄ ПОРОСЯТ','Музична казка на 1 дію','Музична казка на 1 дію','2015-01-01 12:00:00','troie-porosiat-1','2015-09-09 13:56:22','2016-03-25 12:16:22',NULL,724,723,'roman','roman',NULL,NULL),(56,'ВСІ МИШІ ЛЮБЛЯТЬ СИР','Музична казка для дітей','<p>У старій сироварні живе сім’я сірих мишей. Одного вечора, у пошуках пристановища,\r\nсирний запах приводить до цього смачного місця сім’ю білих мишей. Втомлені від пошуку житла, вони без\r\nроздумів вирішують оселитися тут. Почувши дивні звуки, зі спальні виходять сірі\r\nмиші і бачать непроханих гостей у своєму домі…</p><p>&nbsp;&nbsp; &nbsp; &nbsp; &nbsp; Ой,\r\nяк вони були здивовані, побачивши\r\nцих мандрівників…</p><p>&nbsp;&nbsp;&nbsp;&nbsp;&nbsp;&nbsp;&nbsp;&nbsp; Дорослі батьки не можуть домовитися\r\nпро спільне проживання і чому, власне, мають ділити житло?... Між ними &nbsp;розгортається серйозне непорозуміння. В той\r\nчас поки батьки вирішують стосунки, їхні діти Рома та Ружа знаходять спільну\r\nмову. Рома щасливий, що за велінням долі знову бачить Ружу, голос якої колись\r\nпочув і по-справжньому закохався. Ружа щаслива, що знайшла того, кому буде не\r\nбайдуже до неї творчої та ніжної. </p><p>Вони радо спілкуються, співають пісень, танцюють, але батьки проти їхньої\r\nдружби.</p><p>Для того, щоб догодити батькам, які забороняють товаришувати через колір\r\nшерсті, вони звертаються до Кота-чарівника. Він обертає їх у інші кольори, а\r\nтим часом намагається помирити батьків. </p><p>&nbsp;&nbsp;&nbsp;&nbsp;&nbsp;&nbsp;&nbsp;&nbsp; Зрештою, коли стає\r\nзрозумілим, що інший колір не вирішує конфлікту, Кіт-чарівник показує всім своє\r\nсправжнє обличчя.&nbsp; Потім обертає мишей ще\r\nраз і пояснює, що найголовніше жити у мирі. </p><p>\r\n\r\n\r\n\r\n\r\n\r\n\r\n\r\n\r\n\r\n\r\n\r\n&nbsp;&nbsp;&nbsp;&nbsp;&nbsp;&nbsp;&nbsp;&nbsp; Дитяча казка для дітей, яка буде цікавою для перегляду у\r\nбудь-якому віці та їхніх батьків.<br></p><p></p>','2015-12-21 12:00:00','vsi-mishi-liubliat-sir','2016-02-22 17:08:45','2016-03-31 11:31:48',NULL,716,719,'roman','roman',NULL,NULL),(57,'\"ТЕВ\'Є МОЛОЧНИК\"','П\'єса на 2 дії','Трагікомедія','1990-11-07 19:30:00','tiev-ie-molochnik','2016-02-22 17:16:12','2016-04-08 13:01:05',NULL,702,721,'roman','roman',NULL,NULL),(58,'\"Ну що б, здавалося, слова ...?\"','Концерт -\"ПРИСВЯТА КОБЗАРЕВІ\"','Співана поезія Тараса Шевченка в роковому, бардівському та класичному жанрах у виконанні артистів театру та оркестру під керівництвом Олени Бєлкіної','2016-03-09 18:30:00','nu-shcho-b-zdavalosia-slova','2016-03-09 10:06:42','2016-03-09 10:16:24',NULL,706,NULL,'roman','roman',NULL,NULL),(59,'ЧАРІВНИЙ СВІТ ОПЕРЕТИ','КОНЦЕРТ, ОПЕРЕТА','В концерті будуть представлені твори видатних майстрів оперет.&nbsp;','2015-05-12 00:00:00','charivnii-svit-opierieti','2016-09-02 11:50:27','2016-09-13 14:21:11',NULL,739,739,'roman','roman',NULL,NULL),(60,'МИНА МАЗАЙЛО','Сатирична комедія на 2 дії','<p>Це класичний зразок політичної комедії. Герої стоять на абсолютно різних політичних позиціях: Мина Мазайло намагається за допомогою зміни українського прізвища на російське зробити кар’єру, Мокій захоплюється ідеєю українізації і цілком віддається їй, дядько Тарас вважає, що українізація — \"це спосіб виявити Нас, Українців\", тьотя Мотя — прихильниця \"єдиної і неподільної\". Але істина знаходиться десь посередині.<br></p><p>М. Куліш влучно характеризує кожного зі своїх героїв завдяки яскравим особливостям мови кожного з них. Персонажі показані у найсуттєвіших своїх рисах і залишаються у пам’яті, наче маски старого українського вертепного театру. Драматург засуджує міщанську тупість, обмеженість, шовінізм.</p><p><br></p>','2016-11-23 18:30:00','mina-mazailo','2016-10-21 12:38:01','2016-11-22 09:01:24',NULL,746,745,'roman','roman',NULL,NULL),(61,'ВІЗОК ЧУДЕС','Казка для дітей і дорослих','<p>за мотивами поеми «Лис Микита» Івана Франка та\r\nукраїнських народних казок</p>','2016-12-21 11:00:00','vizok-chudies','2016-11-22 10:00:18','2018-02-16 12:23:41',NULL,864,863,'roman','roman',NULL,NULL),(62,'КОНЦЕРТ ПРИСВЯЧЕНИЙ 175-РІЧЧУ ВІД ДНЯ НАРОДЖЕННЯ ВИДАТНОГО УКРАЇНСЬКОГО КОМПОЗИТОРА  МИКОЛИ ВІТАЛІЙОВІЧА ЛИСЕНКА','КОНЦЕРТ','<p><b>КОНЦЕРТ ПРИСВЯЧЕНИЙ 175-РІЧЧЮ&nbsp;ВІД ДНЯ НАРОДЖЕННЯ ВИДАТНОГО УКРАЇНСЬКОГО КОМПОЗИТОРА &nbsp;МИКОЛИ ВІТАЛІЙОВИЧА&nbsp;ЛИСЕНКА</b></p>','2017-03-22 18:30:00','kontsiert-prisviachienii-175-richchu-vid-dnia-narodzhiennia-vidatnogo-ukrayins-kogo-kompozitora-mikoli-vitaliiovicha-lisienka','2017-02-24 09:31:34','2017-02-24 09:53:27',NULL,761,760,'roman','roman',NULL,NULL),(63,'КОНЦЕРТ','Концерт заслуженої артистки України Наталії Мамалиги','<h2><a target=\"_blank\" rel=\"nofollow\" href=\"http://novadoba.com.ua/36909-koncert-zasluzhenoyi-artystky-ukrayiny-nataliyi-mamalygy.html\">Концерт заслуженої артистки України Наталії Мамалиги</a></h2>Концертмейстер – заслужена артистка України Олена Бєлкіна.<br><br>У програмі твори світової класики та обробки народних пісень<br><h1><br></h1>','2017-04-19 18:30:00','kontsiert','2017-04-10 18:31:39','2018-02-27 14:40:10',NULL,769,NULL,'roman','sergey',NULL,NULL),(64,'КАРАЛОВЕ НАМИСТО','КОНЦЕРТ','У програмі концерту музика М. Лисенка, С. Людкевича, Л. Кауфмана, Г. Майбороди, А. Кос-Анатольського та інших. Виступатиме Анна Куриленко під акомпанемент фортепіано на якому гратиме заслужена артистка України Олена Бєлкіна. Оповідачем концерту буде заслужена артистка України Наталія Вігран.','2017-04-27 18:30:00','karalovie-namisto','2017-04-11 19:54:56','2017-04-11 19:54:56',NULL,770,NULL,'roman','roman',NULL,NULL),(65,'НАТАЛКА ПОЛТАВКА','Українська опера на 2 дії','НАТАЛКА ПОЛТАВКА','2017-05-11 18:30:00','natalka-poltavka','2017-05-20 17:34:02','2017-05-20 18:13:15',NULL,783,774,'roman','roman',NULL,NULL),(66,'ПРОДАВЕЦЬ ДОЩУ','Іронічна комедія на 2 дії','<p>П’єса написана в 1954\r\nроці та перекладена 47 мовами.</p>\r\n\r\n<p>&nbsp;В охопленому засухою сільському містечку на Заході\r\nАмерики в епоху депресії живе сім’я&nbsp; старого\r\nфермера Каррі. Його дочка Ліззі господарює в домі батька, де разом з ним живе\r\nще двоє його синів. В цій місцині вже другий місяць немає дощу. Старого фермера\r\nхвилює не тільки ця проблема (турбота про тварин, котрі не витримують цієї\r\nзасухи), але й те, що його вже й не така юна донька залишається самотньою.\r\nПоява Білла Старбака, людини, що вміє викликати дощ коли йому заманеться за ціною\r\n46 доларів, збентежує всю сім’ю, впливає на подальше вирішення їхніх проблем…</p>','2017-05-24 18:30:00','prodaviets-doshchu','2017-05-20 17:53:33','2017-05-20 18:13:48',NULL,784,778,'roman','roman',NULL,NULL),(67,'ТАНГО МАРІЇ','Мюзикл у ритмі танго','ТАНГО МАРІЇ','2017-05-09 19:00:00','tango-mariyi','2017-05-21 22:11:07','2017-05-21 22:11:07',NULL,786,788,'roman','roman',NULL,NULL),(68,'УКРАЇНА - ЄВРОПА','КОНЦЕРТ','В програмі концерту українські та європейські хіти','2017-07-13 18:30:00','ukrayina-ievropa','2017-07-03 12:04:16','2017-09-19 12:13:52',NULL,790,791,'roman','roman',NULL,NULL),(69,'БУВАЛЬЩИНА... УКРАЇНСЬКІ ВОДЕВІЛІ','МУЗИЧНА КОМЕДІЯ-ЖАРТ НА 2 ДІЇ','БУВАЛЬЩИНА... УКРАЇНСЬКІ ВОДЕВІЛІ','2017-10-01 17:00:00','buval-shchina-ukrayins-ki-vodievili','2017-08-27 17:55:04','2017-12-11 11:57:45',NULL,800,835,'roman','roman',NULL,NULL),(70,'СИРОЇЖКА','КАЗКА','КАЗКА','2017-10-22 12:00:00','siroyizhka','2017-08-27 19:04:12','2017-12-15 15:31:57',NULL,847,848,'roman','roman',NULL,NULL),(71,'КОЗАЦЬКИЙ КОНЦЕРТ','КОНЦЕРТ','УКРАЇНСЬКІ НАРОДНІ ТА КОЗАЦЬКІ ПІСНІ','2017-10-13 18:30:00','kozats-kii-kontsiert','2017-08-27 19:22:02','2017-08-27 19:22:02',NULL,803,NULL,'roman','roman',NULL,NULL),(72,'НЕ ТУРБУВАТИ!  ШАЛЕНСТВО В ГОТЕЛЬНОМУ ЛЮКСІ','Комедія','Рей Куні – відомий англійський драматург. Саме його прізвище вже манить у театр і пророкує шикарне видовище. Його комедія \"Номер 13\" або \"Не турбувати! Шаленств<span>о в готельному люксі…\" – одна з кращих комедій за останні десятиліття в Європі (написана в 1991 році) – відзначена премією Лоуренса Олів’є. Іронічна сатира на знайому всьому світові історію: впливовий політик і секретарка – коханці – потрапляють в халепу. Виявляється автор політичний інтриган ))) У виставі постійно наголошується момент що він з однієї партії а вона з опозиції, тобто вона не його секретарка.<br>Він помічник прем\'єр-міністра, вона секретарка лідера опозиції!!!!<br>Події розкручуються щохвилини з такою швидкістю, що дух перехоплює; неочікувані повороти в сюжеті, кумедні витівки та репліки – все це створює атмосферу веселощів і, як результат, хороший настрій.</span>','2017-11-12 17:00:00','nie-turbuvati-shalienstvo-v-gotiel-nomu-liuksi','2017-11-08 21:07:49','2017-11-08 21:15:35',NULL,824,823,'roman','roman',NULL,NULL),(73,'З МИКОЛАЄМ ДО ДОБРА ІЗ СІМ\'ЄЮ ДО РІЗДВА','НОВОРІЧНА КАЗКА','<div>На 19 грудня припадає свято Святого Миколая! Діткам, які гарно поводили себе весь рік, театр подарує новорічну казку «З Миколаєм до Добра із Сім`єю до Різдва» Діти зустрінуться з улюбленими героями Дідусем Морозенком, бабусею Ягусею, Лісовичком та з Святим Миколаєм.&nbsp;</div><div>Музична, святкова, яскрава казка вже чекає на Вас, діти!</div>','2017-12-19 11:00:00','z-mikolaiem-do-dobra-iz-sim-ieiu-do-rizdva','2017-12-12 08:06:35','2017-12-15 11:53:33',NULL,838,840,'roman','roman',NULL,NULL),(74,'КОЗА - ДЕРЕЗА','ДИТЯЧА КАЗКА-ОПЕРА','<div>Опера «Коза-дереза» написана в 1888 році є музичною казкою. Лібрето опери створила українська письменниця Дніпрова Чайка на основі відомої народної казки про козу-дерезу.</div><div>«Діти люблять звірів, чують себе близькими до них, розмовляють з ними, розуміють їх, от тим-то й оповідання про звірів їм такі цікаві, особливо, коли ті звірі в казці ще й починають говорити, думати і поводитися, як люди» Іван Франко.</div><div>&nbsp; Завдяки майстерному використанню неоціненних скарбів народнопісенного мистецтва – герої казки знайшли яскраве музично-сценічне втілення.</div><div>Режисер –&nbsp; постановник заслужений артист України Олександр Кузьмин.</div><div>Художник – заслужений художник України Надія Нікіфорова.</div><div>Балетмейстер – заслужений артист України Володимир Татарінов.</div><div>Диригент – заслужена артистка України Олена Бєлкіна.</div>','2017-12-17 12:00:00','koza-dierieza','2017-12-12 08:08:22','2017-12-15 11:44:15',NULL,841,842,'roman','roman',NULL,NULL),(75,'\"КОЛЯДА\"','РІЗДВЯНИЙ КОНЦЕРТ НА ДВІ ДІЇ','<div>Згадаємо, як святкували наші пращури і святкують нині – Великі Різдвяні свята, з&nbsp; дідухом, кутею, колядою!</div><div>Колектив театру разом з&nbsp; художнім керівником Петром Ластівкою – заслуженим діячем мистецтв України, підготував святкову, театралізовану, фолькльорну виставу з християнськими традиціями та звичаями, піснями і танцями.</div><div>Запрошуємо взяти участь у цьому дійстві!</div>','2018-01-09 18:00:00','koliada','2017-12-12 08:10:27','2019-01-13 20:55:11',NULL,912,914,'roman','roman',NULL,NULL),(76,'Концерт ДО ДНЯ ЗАКОХАНИХ','АРТ-ШОУ','У найбільш романтичний день року Вас очікує прекрасне живе виконання, приємна атмосфера свята та відпочинку. Традиції переплетуться із сучасністю. «Вічні» мелодії,<br>підкріплені відвертими емоціями, створять затишок та неповторну атмосферу! У концертній програмі - найромантичніші, найвідоміші хіти &nbsp;світових легенд!<br>&nbsp; Колектив Черкаського театру перенесе Вас у світ незабутньої ейфорії!&nbsp;','2018-02-13 18:00:00','kontsiert-do-dnia-zakokhanikh','2018-02-10 16:24:43','2018-02-10 16:25:17',NULL,860,859,'roman','roman',NULL,NULL),(77,'ТЕСТОСТЕРОН АБО ГОРМОН КОХАННЯ','Занадто відверта комедія на дві дії','<div>Чоловічі розмови про… Головне. На сцені сім акторів, сім чоловіків…</div><div>Жінки присутні тільки в їх уяві! В цій занадто відвертій комедії багато</div><div>провокативності, несподіваних шокуючих подій, гострих інтриг, адреналіну,</div><div>контраверсії, пристрастей, брутальності і кохання!</div><div>Це справжня детективна історія з розслідуваннями, чварами, бійками та</div><div>розчаруваннями!</div><div>Герої «Тестостерона» сміються і плачуть, сваряться і миряться,</div><div>співають, танцюють і братаються. Тобто все так, як годиться чоловікам, коли</div><div>поруч немає жінок! П’єса ще раз підтверджує думку, що чоловіки з Марсу,</div><div>жінки з Венери!</div>','2018-03-04 17:00:00','tiestostieron-abo-gormon-kokhannia','2018-02-28 13:26:50','2018-02-28 13:26:50',NULL,869,870,'roman','roman',NULL,NULL),(78,'ВІСІМ ЖІНОК','КОМЕДІЯ-ПАЗЛ','У французькій провінції у великому будинку збирається родина.&nbsp;Радість зустрічі затьмарює жахлива подія. Господаря вбито. З оточуючим&nbsp;світом немає ніякого зв\'язку. Ворота замкнені. Вибратися з будинку&nbsp;неможливо через замети. Хто вчинив це вбивство? Адже в домі лише&nbsp;жінки… Інтрига триває…','2018-04-12 18:00:00','visim-zhinok','2018-04-12 08:13:42','2018-04-12 08:13:42',NULL,873,874,'roman','roman',NULL,NULL),(79,'ОБЕРЕЖНО ЖІНКИ','ФРАНЦУЗЬКА КОМЕДІЯ','Паризький художник Серж в силу свого жінолюбства намагається бути \"вірним\" трьом жінкам одночасно. І, природно, для нього дуже важливо, щоб його \"німфи\" – наївна студентка Сорбони Лулу, брутальна барменша Жаклін і витончена аристократка&nbsp;Марісабель, – не дізналися про існування один одної. Але в один далеко не прекрасний день всі його дами зустрілись і вирішили влаштувати \"суд честі\" над своїм невірним коханим. Експресія, гостра характерність персонажів і яскравий стиль гри квартету артистів надають постановці істинно французький шарм і дозволяють з гумором поглянути на дуже і дуже серйозні речі.<span><br><br></span>','2018-06-07 18:00:00','obieriezhno-zhinki','2018-05-18 18:07:32','2018-05-18 18:07:32',NULL,880,882,'roman','roman',NULL,NULL),(80,'АННА КИЇВСЬКА-КОРОЛЕВА ФРАНЦІЇ','МОНОВИСТАВА','СПОВІДЬ ЖІНКИ','2018-06-26 18:00:00','anna-kiyivs-ka-korolieva-frantsiyi','2018-05-18 18:40:37','2018-05-18 18:40:37',NULL,890,889,'roman','roman',NULL,NULL),(81,'СУРОГАТНА МАМА','Мелодрама','СУРОГАТНА МАМА','2018-09-23 17:00:00','surogatna-mama','2018-09-03 11:10:20','2018-09-03 11:10:20',NULL,892,891,'roman','roman',NULL,NULL),(82,'КОРОЛЕВА ЗАГУБЛЕНИХ ГУДЗИКІВ','МУЗИЧНА КАЗКА','КОРОЛЕВА ЗАГУБЛЕНИХ ГУДЗИКІ','2018-10-28 12:00:00','korolieva-zagublienikh-gudzikiv','2018-09-03 12:45:33','2018-09-03 12:46:37','2019-01-13 20:46:46',894,893,'roman','roman','roman',NULL),(83,'КОРОЛЕВА ЗАГУБЛЕНИХ ҐУДЗИКІВ','КАЗКА-МЮЗИКЛ','КОРОЛЕВА ЗАГУБЛЕНИХ ҐУДЗИКІВ','2019-02-10 12:00:00','korolieva-zagublienikh-g-udzikiv','2019-01-13 20:46:05','2019-01-20 12:51:35',NULL,909,915,'roman','roman',NULL,NULL),(84,'« Олена …не прийшла додому»','Комедія з двома зникненнями','<span><p>Олександр &nbsp;Володарський &nbsp;автор п’єси « Олена …не прийшла додому» відомий український, популярний драматург, сценарист, письменник. Його &nbsp;твори ,мініатюри, монологи у виконанні Марії Миронової, Олександра Менакера, Аркадія Райкіна та сучасних гумористів і пародистів змушують глядача сміятися вже багато років.</p><p> &nbsp;&nbsp;</p><p>Комедія з двома зникненнями про те, до чого ми всі прагнемо, про те що нас змушує жити, мріяти, терпіти, прощати – це любов. Неочікувані події, конфлікти, побутові проблеми, непорозуміння, сварки, все це відбувається з близькими людьми, які врешті-решт миряться, щиро кохають одне одного і щоразу доводять, що родина &nbsp;це щастя. Часто в погоні за щастям ми забуваємо, що щастя поза родиною, сім’єю – це примара. Вертаємось до сім’ї де і горе і радість ми проходимо разом і прямуємо до омріяного щастя. Родина  основа нашого життя. А життя  – бурхливий вир миттєвостей!</p><div><br></div></span>','2019-03-01 18:30:00','oliena-nie-priishla-dodomu','2019-03-17 10:23:40','2019-03-17 10:23:40',NULL,917,918,'roman','roman',NULL,NULL),(85,'ПРИБУЛЕЦЬ','Сеанс терапії з короткочасними польотами в космос','<p>Чоловіки\r\n– з Марса , жінки – з Венери , та бувають ще – прибульці… </p>\r\n\r\n<p>Розум\r\nі логіка підказують нам, що нічого неможливого для людей з інтелектом немає.</p>\r\n\r\n<p>Навіть – побудувати стосунки втрьох –не так вже й\r\nскладно. Адже усі ми в нашому непростому житті, з розвитком комунікативних\r\nтехнологій, набули навички добрих менеджерів, планувальників, керівників і, до\r\nтого ж, – гарні психологи…</p>\r\n\r\n<p>Як не дивно, найскладнішим для героїв цієї вистави\r\nвиявляється почути самих себе.</p>\r\n\r\n<p>Зокрема відповісти на питання, а чи, взагалі, можливе\r\nпродовження життя на планеті Земля?..</p>','2019-04-09 18:30:00','pribuliets','2019-03-17 10:30:48','2019-03-17 10:30:48',NULL,919,920,'roman','roman',NULL,NULL),(86,'КОТИК, ПІВНИК І ЛИСИЧКА','ДИТЯЧИЙ МЮЗИКЛ','ДИТЯЧИЙ МЮЗИКЛ','2019-05-26 12:00:00','kotik-pivnik-i-lisichka','2019-05-05 21:19:08','2019-05-05 21:19:08',NULL,924,926,'roman','roman',NULL,NULL),(87,'ЖІНОЧА ЛОГІКА','КОМЕДІЯ','ЖІНОЧА ЛОГІКА','2019-06-11 18:30:00','zhinocha-logika','2019-05-05 23:19:58','2019-05-05 23:19:58',NULL,927,931,'roman','roman',NULL,NULL),(88,'ЗАКРИТТЯ ТЕАТРАЛЬНОГО СЕЗОНУ','ЗАКРИТТЯ ТЕАТРАЛЬНОГО СЕЗОНУ','ЗАКРИТТЯ ТЕАТРАЛЬНОГО СЕЗОНУ','2019-06-25 18:30:00','zakrittia-tieatral-nogo-siezonu','2019-05-06 08:51:26','2019-05-06 08:51:26',NULL,932,934,'roman','roman',NULL,NULL),(89,'СНІГОВА КОРОЛЕВА','МЮЗІКЛ','Найвідоміша у світі зимова казка відтепер і у вашому улюбленому театрі!<br>Чи вдасться Сніговій Королеві втілити її підступний план, а сміливій Герді протистояти крижаним чарам?<br>Приходьте на незабутню новорічну виставу та станьте свідками зимового дива.<br>Подаруйте собі і рідним казковий настрій!<br>Чекаємо на вас!','2019-12-19 10:00:00','snigova-korolieva','2020-01-12 14:31:07','2020-01-12 14:31:07',NULL,951,952,'roman','roman',NULL,NULL),(90,'РІЗДВЯНЕ ВЕРТЕПНЕ ДІЙСТВО','РІЗДВЯНА ВИСТАВА НА 1 ДІЮ','<p>Коляда — давньоукраїнська богиня неба, мати Сонця, дружина Дажбога (у давніх поляків та литовців — Коленда, молдаван та румунів—Колинда). Один із найбільших та найшанованіших персонажів міфології українців. Ім\'я походить від слова Коло — стародавньої назви Сонця (у скіфів Коло— Кеайс).</p><p>За легендою, Коляда щороку в найдовшу ніч зими народжує Божича — нове Сонце, Новий рік, сина Дажбога. Пологи Коляди відбуваються на Землі, здебільшого в дніпрових сагах. Цьому передує перевтілення Коляди в козу, аби її не впізнала Мара, що вічно ганяється за Колядою.</p><p>Свято Коляда у давніх українців відбувалося з 24 грудня по 6 січня (за ст. ст.), до свята входило обрядове запалювання вогню (пов\'язане з народженням нового бога світла Божича; вогонь мав допомогти золотосяйному новонародженому в боротьбі з Марою), посипання зерном (на врожай) в домі сусіда чи родича, обрядове заколювання свині, ходіння з плугом та козою, споживання куті, ряження, танки, пісні (колядки), спалювання колоди (символ Мари).</p><p>З святом Коляди - вчені пов\'язують першопочатки українського вертепу та театру.</p><p>За легендою, Коляда навчила давніх українців-оріїв (див. Орії) робити колесо.</p><p>Популярність сонячного (язичницького) свята Коляди примусила православну церкву підпорядкувати цій даті свято Різдва.</p><p>З XIV ст. свято Коляда входить до української народної обрядовості. Відгомін свята Коляди дійшов до наших днів (колядування тощо).&nbsp;</p><p>(За П. Трощиним). Джерело: (<a target=\"_blank\" rel=\"nofollow\" href=\"http://traditions.in.ua/viruvannia/mifologiia/433-koliada?fbclid=IwAR1891ocdcvhEnVz0FZiJD8hRA8VJKZC2eJ_sUjVk1koV4aagk1ZEIhocnA\">http://traditions.in.ua/viruvannia/mifologiia/433-koliada</a>）</p>','2020-01-14 18:30:00','rizdvianie-viertiepnie-diistvo','2020-01-15 16:46:50','2020-01-15 16:46:50',NULL,959,960,'roman','roman',NULL,NULL);
/*!40000 ALTER TABLE `performances` ENABLE KEYS */;
UNLOCK TABLES;

--
-- Table structure for table `post_galleryHasMedia`
--

DROP TABLE IF EXISTS `post_galleryHasMedia`;
/*!40101 SET @saved_cs_client     = @@character_set_client */;
/*!40101 SET character_set_client = utf8 */;
CREATE TABLE `post_galleryHasMedia` (
  `post_id` int(11) NOT NULL,
  `galleryHasMedia_id` int(11) NOT NULL,
  PRIMARY KEY (`post_id`,`galleryHasMedia_id`),
  KEY `IDX_53E627274B89032C` (`post_id`),
  KEY `IDX_53E627278A6BB82C` (`galleryHasMedia_id`),
  CONSTRAINT `FK_53E627274B89032C` FOREIGN KEY (`post_id`) REFERENCES `posts` (`id`),
  CONSTRAINT `FK_53E627278A6BB82C` FOREIGN KEY (`galleryHasMedia_id`) REFERENCES `media__gallery_media` (`id`)
) ENGINE=InnoDB DEFAULT CHARSET=utf8 COLLATE=utf8_unicode_ci;
/*!40101 SET character_set_client = @saved_cs_client */;

--
-- Dumping data for table `post_galleryHasMedia`
--

LOCK TABLES `post_galleryHasMedia` WRITE;
/*!40000 ALTER TABLE `post_galleryHasMedia` DISABLE KEYS */;
INSERT INTO `post_galleryHasMedia` VALUES (11,150),(11,151),(11,152),(60,357),(61,358),(66,359),(72,360),(78,369);
/*!40000 ALTER TABLE `post_galleryHasMedia` ENABLE KEYS */;
UNLOCK TABLES;

--
-- Table structure for table `post_tag`
--

DROP TABLE IF EXISTS `post_tag`;
/*!40101 SET @saved_cs_client     = @@character_set_client */;
/*!40101 SET character_set_client = utf8 */;
CREATE TABLE `post_tag` (
  `post_id` int(11) NOT NULL,
  `tag_id` int(11) NOT NULL,
  PRIMARY KEY (`post_id`,`tag_id`),
  KEY `IDX_5ACE3AF04B89032C` (`post_id`),
  KEY `IDX_5ACE3AF0BAD26311` (`tag_id`),
  CONSTRAINT `FK_5ACE3AF04B89032C` FOREIGN KEY (`post_id`) REFERENCES `posts` (`id`) ON DELETE CASCADE,
  CONSTRAINT `FK_5ACE3AF0BAD26311` FOREIGN KEY (`tag_id`) REFERENCES `tags` (`id`) ON DELETE CASCADE
) ENGINE=InnoDB DEFAULT CHARSET=utf8 COLLATE=utf8_unicode_ci;
/*!40101 SET character_set_client = @saved_cs_client */;

--
-- Dumping data for table `post_tag`
--

LOCK TABLES `post_tag` WRITE;
/*!40000 ALTER TABLE `post_tag` DISABLE KEYS */;
INSERT INTO `post_tag` VALUES (1,3),(1,5),(1,7),(1,8),(1,10),(2,2),(2,3),(2,6),(2,8),(2,10),(3,1),(3,2),(3,4),(3,8),(3,9),(4,1),(4,3),(4,4),(4,6),(4,8),(5,1),(5,2),(5,3),(5,5),(5,9),(6,3),(6,4),(6,5),(6,6),(6,9),(7,2),(7,4),(7,5),(7,6),(7,10),(8,1),(8,3),(8,4),(8,7),(8,10),(9,3),(9,7),(9,8),(9,9),(9,10),(10,1),(10,3),(10,5),(10,8),(10,10),(11,12),(12,3),(12,5),(12,6),(12,7),(12,9),(13,1),(13,5),(13,6),(13,8),(13,10),(14,2),(14,3),(14,5),(14,6),(14,9),(15,1),(15,2),(15,5),(15,8),(15,9),(16,2),(16,3),(16,4),(16,5),(16,10),(17,12),(18,13),(19,11),(20,15),(21,16),(22,17),(22,18),(23,17),(24,19),(25,11),(26,20),(26,21),(26,22),(26,23),(27,24),(27,25),(28,26),(29,27),(30,24),(30,28),(31,24),(32,29),(32,30),(33,31),(34,31),(35,24),(35,32),(36,24),(36,33),(37,34),(38,24),(39,24),(40,35),(41,36),(42,37),(43,38),(44,39),(45,38),(46,38),(47,38),(48,38),(49,38),(50,38),(51,40),(52,41),(53,21),(53,42),(53,43),(54,21),(54,44),(55,45),(56,38),(57,38),(58,38),(58,46),(59,47),(59,48),(60,31),(61,49),(62,38),(63,38),(64,38),(65,38),(66,38),(67,38),(67,46),(68,38),(69,38),(70,38),(71,38),(72,50),(73,38),(74,38),(75,51),(76,38),(77,38),(78,38),(78,46),(78,52),(79,53),(80,38),(81,54),(82,55),(83,38),(84,38),(85,38),(86,38),(87,38),(88,38),(89,38),(90,38),(91,38),(92,38),(93,38),(94,38),(95,38),(96,38),(97,38),(98,38),(99,38),(104,38),(105,38),(106,38),(107,38),(108,38),(109,38),(110,38),(111,38),(112,38);
/*!40000 ALTER TABLE `post_tag` ENABLE KEYS */;
UNLOCK TABLES;

--
-- Table structure for table `post_translation`
--

DROP TABLE IF EXISTS `post_translation`;
/*!40101 SET @saved_cs_client     = @@character_set_client */;
/*!40101 SET character_set_client = utf8 */;
CREATE TABLE `post_translation` (
  `id` int(11) NOT NULL AUTO_INCREMENT,
  `object_id` int(11) DEFAULT NULL,
  `locale` varchar(8) COLLATE utf8_unicode_ci NOT NULL,
  `field` varchar(32) COLLATE utf8_unicode_ci NOT NULL,
  `content` longtext COLLATE utf8_unicode_ci,
  PRIMARY KEY (`id`),
  UNIQUE KEY `lookup_unique_post_translation_idx` (`locale`,`object_id`,`field`),
  KEY `IDX_5829CF40232D562B` (`object_id`),
  CONSTRAINT `FK_5829CF40232D562B` FOREIGN KEY (`object_id`) REFERENCES `posts` (`id`) ON DELETE CASCADE
) ENGINE=InnoDB AUTO_INCREMENT=49 DEFAULT CHARSET=utf8 COLLATE=utf8_unicode_ci;
/*!40101 SET character_set_client = @saved_cs_client */;

--
-- Dumping data for table `post_translation`
--

LOCK TABLES `post_translation` WRITE;
/*!40000 ALTER TABLE `post_translation` DISABLE KEYS */;
INSERT INTO `post_translation` VALUES (1,1,'en','title','Among the Thunder and Silence'),(2,1,'en','shortDescription','The show is dedicated to the 80th anniversary of the birth of Vasyl Symonenko. Sergey Proskurnia. Documentary History'),(3,1,'en','text','The show is dedicated to the 80th anniversary of the birth of Vasyl Symonenko. Sergey Proskurnia. Documentary History'),(4,2,'en','title','Kaydash Family'),(5,2,'en','shortDescription','Ivan  Nechuy-Levitsky. Tragic comedy in 3 acts. Duration: 2 hours. 35 min.'),(6,2,'en','text','Ivan  Nechuy-Levitsky. Tragic comedy in 3 acts. Duration: 2 hours. 35 min.'),(7,3,'en','title','Garden of Gethsemane'),(8,3,'en','shortDescription','People tragedy in 2 acts. Duration: 2 hours. 20 min.'),(9,3,'en','text','People tragedy in 2 acts. Duration: 2 hours. 20 min. Running time: 1 hour. 50 min.'),(10,4,'en','title','Shelmenko-servant'),(11,4,'en','shortDescription','Gregory Kvitka-Osnovyanenko. Music by Vasily Solovyov-Sedoy. Musical comedy in 3 acts.'),(12,4,'en','text','Gregory Kvitka-Osnovyanenko. Music by Vasily Solovyov-Sedoy. Musical comedy in 3 acts.'),(13,5,'en','title','Whos the Boss at Home?'),(14,5,'en','shortDescription','Alex Kolomiets. Travesty in 2 acts based on the play \"Pharaohs\". Duration: 2 hours. 05 min.'),(15,5,'en','text','Alex Kolomiets. Travesty in 2 acts based on the play \"Pharaohs\". Duration: 2 hours. 05 min.'),(16,6,'en','title','Chasing Two Hares'),(17,6,'en','shortDescription','Michael Starytsky. Comedy in 2 acts. Duration: 2 hours. 15 min.'),(18,6,'en','text','Michael Starytsky. Comedy in 2 acts. Duration: 2 hours. 15 min.'),(19,7,'en','title','Matchmaking in Goncharivka'),(20,7,'en','shortDescription','Gregory Kvitka-Osnovyanenko. Music by Cyril Stetsenko. Musical comedy in 2 acts. Duration: 2 hours.'),(21,7,'en','text','Gregory Kvitka-Osnovyanenko. Music by Cyril Stetsenko. Musical comedy in 2 acts. Duration: 2 hours.'),(22,8,'en','title','Still Life with Thick Nephew'),(23,8,'en','shortDescription','Ion Sapdaru. Tragicomedy in 2 acts about monsters, beauty and love. Duration: 1 hour. 40 min.'),(24,8,'en','text','Ion Sapdaru. Tragicomedy in 2 acts about monsters, beauty and love. Duration: 1 hour. 40 min.'),(25,9,'en','title','Misanthrope'),(26,9,'en','shortDescription','Jean-Baptiste Moliere. Manic comedy'),(27,9,'en','text','Jean-Baptiste Moliere. Manic comedy'),(28,10,'en','title','Very Simple Story'),(29,10,'en','shortDescription','Maria Lado. Parable (Performance has one intermission). Duration: 2 hours.'),(30,10,'en','text','Maria Lado. Parable (Performance has one intermission). Duration: 2 hours.'),(31,11,'en','title','Skanning'),(32,11,'en','shortDescription','Eugene Markowski. Dystopia'),(33,11,'en','text','Eugene Markowski. Dystopia'),(34,12,'en','title','Nazar Stodolya'),(35,12,'en','shortDescription','Taras Shevchenko. Christmas mystery-burlesque. Duration: 2 hours.'),(36,12,'en','text','Taras Shevchenko. Christmas mystery-burlesque. Duration: 2 hours.'),(37,13,'en','title','Twelve Months or Guardians of the Year'),(38,13,'en','shortDescription','Samuil Marshak. The musical tale. Duration: 1 hour.'),(39,13,'en','text','Samuil Marshak. The musical tale. Duration: 1 hour.'),(40,14,'en','title','Golden Chicken'),(41,14,'en','shortDescription','Vladimir Orlov. Musical tale for 1 action. Duration: 50 minutes.'),(42,14,'en','text','Vladimir Orlov. Musical tale for 1 action. Duration: 50 minutes.'),(43,15,'en','title','King Drozdoborod'),(44,15,'en','shortDescription','Bohdan Stelmach. Musical tale for 1 action. Duration: 1 hour. 10 min.'),(45,15,'en','text','Bohdan Stelmach. Musical tale for 1 action. Duration: 1 hour. 10 min.'),(46,16,'en','title','Road to the Sun'),(47,16,'en','shortDescription','Arkady Gorin, Edward Jaworski. Musical tale for 1 action. Duration: 1 hour. 15 min.'),(48,16,'en','text','Arkady Gorin, Edward Jaworski. Musical tale for 1 action. Duration: 1 hour. 15 min.');
/*!40000 ALTER TABLE `post_translation` ENABLE KEYS */;
UNLOCK TABLES;

--
-- Table structure for table `posts`
--

DROP TABLE IF EXISTS `posts`;
/*!40101 SET @saved_cs_client     = @@character_set_client */;
/*!40101 SET character_set_client = utf8 */;
CREATE TABLE `posts` (
  `id` int(11) NOT NULL AUTO_INCREMENT,
  `title` varchar(255) COLLATE utf8_unicode_ci NOT NULL,
  `shortDescription` tinytext COLLATE utf8_unicode_ci,
  `text` longtext COLLATE utf8_unicode_ci,
  `slug` varchar(255) COLLATE utf8_unicode_ci NOT NULL,
  `createdAt` datetime NOT NULL,
  `updatedAt` datetime DEFAULT NULL,
  `deletedAt` datetime DEFAULT NULL,
  `mainPicture_id` int(11) DEFAULT NULL,
  `createdBy` varchar(255) COLLATE utf8_unicode_ci DEFAULT NULL,
  `updatedBy` varchar(255) COLLATE utf8_unicode_ci DEFAULT NULL,
  `deletedBy` varchar(255) COLLATE utf8_unicode_ci DEFAULT NULL,
  `pinned` tinyint(1) NOT NULL,
  PRIMARY KEY (`id`),
  UNIQUE KEY `UNIQ_885DBAFACC32B8D0` (`mainPicture_id`),
  CONSTRAINT `FK_885DBAFACC32B8D0` FOREIGN KEY (`mainPicture_id`) REFERENCES `media__media` (`id`)
) ENGINE=InnoDB AUTO_INCREMENT=113 DEFAULT CHARSET=utf8 COLLATE=utf8_unicode_ci;
/*!40101 SET character_set_client = @saved_cs_client */;

--
-- Dumping data for table `posts`
--

LOCK TABLES `posts` WRITE;
/*!40000 ALTER TABLE `posts` DISABLE KEYS */;
INSERT INTO `posts` VALUES (1,'Серед грому і тиші','Вистава присвячена 80-річчю від дня народження Василя Симоненка. Сергій Проскурня. Документальна історія.','Вистава присвячена 80-річчю від дня народження Василя Симоненка. Сергій Проскурня. Документальна історія.','sieried-ghromu-i-tishi','2014-09-25 00:47:39','2015-01-24 03:21:13','2015-06-14 08:43:25',200,NULL,NULL,NULL,0),(2,'Кайдашева сім\'я','Вистава присвячена 80-річчю від дня народження Василя Симоненка. Сергій Проскурня. документальна історія','Вистава присвячена 80-річчю від дня народження Василя Симоненка. Сергій Проскурня. документальна історія','kaidashieva-sim-ia','2015-02-12 18:35:05','2015-03-17 16:55:08','2015-06-14 08:43:25',201,NULL,NULL,NULL,0),(3,'Сад Гетсиманський','Народна трагедія на 2 дії. Тривалість вистави 2 год. 20 хв. Тривалість вистави 1 год. 50 хв.','Народна трагедія на 2 дії. Тривалість вистави 2 год. 20 хв. Тривалість вистави 1 год. 50 хв.','sad-gietsimans-kii','2014-12-06 21:02:14','2014-12-22 22:37:32','2015-06-14 08:43:25',202,NULL,NULL,NULL,0),(4,'Шельменко-денщик','Григорій Квітка-Основ’яненко. Музика Василя Соловйова-Сєдого. Музична комедія на 3 дії.','Григорій Квітка-Основ’яненко. Музика Василя Соловйова-Сєдого. Музична комедія на 3 дії.','shiel-mienko-dienshchik','2015-03-11 15:38:37','2015-03-28 09:15:37','2015-06-14 08:43:25',203,NULL,NULL,NULL,0),(5,'Хто в домі господар?','Олексій Коломієць. Травестія на 2 дії за п’єсою «Фараони». Тривалість вистави 2 год. 05 хв.','Олексій Коломієць. Травестія на 2 дії за п’єсою «Фараони». Тривалість вистави 2 год. 05 хв.','khto-v-domi-ghospodar','2015-03-20 05:32:53','2015-04-04 13:08:38','2015-06-14 08:43:25',204,NULL,NULL,NULL,0),(6,'За двома зайцями','Михайло Старицький. Комедія на 2 дії. Тривалість вистави 2 год. 15 хв.','Михайло Старицький. Комедія на 2 дії. Тривалість вистави 2 год. 15 хв.','za-dvoma-zaitsiami','2014-10-19 12:40:33','2014-12-16 12:04:26','2015-06-14 08:43:25',205,NULL,NULL,NULL,0),(7,'Сватання на Гончарівці','Григорій Квітка-Основ’яненко, Музика Кирила Стеценка. Музична комедія на 2 дії. Тривалість вистави 2 год.','Григорій Квітка-Основ’яненко, Музика Кирила Стеценка. Музична комедія на 2 дії. Тривалість вистави 2 год.','svatannia-na-goncharivtsi','2014-11-03 11:24:23','2015-04-06 22:32:31','2015-06-14 08:43:25',206,NULL,NULL,NULL,0),(8,'Натюрморт з товстим небожем','Іон Сапдару. Трагікомедія на 2 дії про красу чудовиськ і любов. Тривалість вистави 1 год. 40 хв.','Іон Сапдару. Трагікомедія на 2 дії про красу чудовиськ і любов. Тривалість вистави 1 год. 40 хв.','natiurmort-z-tovstim-niebozhiem','2014-10-10 14:57:41','2014-12-07 04:47:54','2015-06-14 08:43:25',207,NULL,NULL,NULL,0),(9,'Мізантроп','Жан-Батіст Мольєр. Маніакальна комедія','Жан-Батіст Мольєр. Маніакальна комедія','mizantrop','2014-10-08 09:40:08','2014-12-02 03:52:53','2015-06-14 08:43:25',208,NULL,NULL,NULL,0),(10,'Дуже проста історія','Марія Ладо. Притча (вистава йде з одним антрактом). Тривалість вистави 2 год.','Марія Ладо. Притча (вистава йде з одним антрактом). Тривалість вистави 2 год.','duzhie-prosta-istoriia','2014-10-17 22:21:10','2015-02-03 18:15:08','2015-06-14 08:43:25',209,NULL,NULL,NULL,0),(11,'Зведення багатоповерхівки за драмтеатром','Виконком дав дозвіл на зведення багатоповерхівки за драмтеатром','<p>Біля нашого рідного Театру будується хмарочос,\r\nякий псує і так невидатну архітектуру міста, який архітектурно знищує театр,\r\nякий призведе до транспортного колапсу в центрі міста і просто позбавляє\r\nгромаду Театрального скверу. </p>\r\n\r\n<p>Працівники драматичного театру вже давно обурюються,\r\nщо через забудову ями глядачі не можуть навіть у вихідні спокійно переглянути\r\nвиставу. До того ж, вони не впевнені, що будівля витримає такий\r\n\"штурм\".</p>\r\n\r\n<p>\"Після\r\nзміни проекту почали розбивати старий фундамент. Спочатку його дробили, а зараз\r\n– трамбують землю. Ви звернулися до нас зі скаргою і ми відреагували. Нам дали\r\nграфік спектаклів і це побажання було задоволено\", – говорить Бородай.</p>\r\n\r\n<p>Натомість\r\nколектив заперечує, роботи на час проведення вистав не припиняються. До того ж\r\nвони занепокоєні тим, що будівля може не витримати такого штурму і стіни театру\r\nпочнуть тріскатися.</p>\r\n\r\n<p>Також\r\nпрацівники драмтеатру обурені, що забудовник відібрав і частину їхньої\r\nтериторії.</p>\r\n\r\n<p>\"Ми\r\nсплачуємо по 50-60 тисяч гривень податку за цю територію. Адже міськвиконком не\r\nнадав нам пільги. А забудовник ще й на територію театру виліз\", –\r\nобурюється працівниця театру.</p>\r\n\r\n<p>На це Бородай\r\nвідповів, що може взяти участь у вирішенні питання із наданням пільг.</p>\r\n\r\n<p>\"Якщо ми\r\nна вашій території, то можемо вирішити це питання. Я можу посприяти у наданні\r\nпільг. До того ж я можу додати, що ми обговорили із забудовником та\r\nархітектором питання щодо створення там зелених зон\", – говорить власник\r\nділянки.</p>\r\n\r\n<p>На цьому\r\nконфлікт не вичерпався. Громадськість обурилася, на яких підставах ділянку у\r\nцентрі міста без обговорення передали у приватну власність. Окрім того, вона\r\nвважає рішення про забудову незаконним.</p>\r\n\r\n<p>\"Сьогодні,\r\nякщо щось зупиниться, то це буде не на користь вкладників. Нам кажуть, що можна\r\nбудувати з такою висотністю, але це не має стосунку до генплану міста. Адже\r\nзгідно цього документа, центр міста може забудовуватися багатоповерхівками. Про\r\nце йдеться й у пояснювальній записці інституту, який є автором Генплану\",\r\n– каже Бородай.</p>\r\n\r\n<p>7-го квітня, о 10:30, на засіданні\r\nміськвиконкому на вимогу театру припинити будівельні роботи, Сергій Одарич\r\nпідтвердив, що дозвіл на початок будівельних робіт забудовнику не видавався, та\r\nдав вказівку директору Департаменту архітектури, будівництва та землеустрою\r\nАртуру Олександровичу Савіну заборонити роботи в котловані біля театру.</p>\r\n\r\n<br><br><br>','zviediennia-baghatopovierkhivki-za-dramtieatrom','2015-03-31 12:56:56','2015-06-14 08:46:13','2015-07-03 21:57:31',314,NULL,NULL,'nazarcom',0),(12,'Назар Стодоля','Тарас Шевченко. Різдвяна містерія-бурлеск. Тривалість вистави 2 год.','Тарас Шевченко. Різдвяна містерія-бурлеск. Тривалість вистави 2 год.','nazar-stodolia','2015-02-18 11:21:03','2015-02-21 06:31:18','2015-06-14 08:43:25',211,NULL,NULL,NULL,0),(13,'Дванадцять місяців або хранителі року','Самуіл Маршак. Музична казка. Тривалість вистави 1 год.','Самуіл Маршак. Музична казка. Тривалість вистави 1 год.','dvanadtsiat-misiatsiv-abo-khranitieli-roku','2015-02-09 22:15:53','2015-03-05 22:21:42','2015-06-14 08:43:25',212,NULL,NULL,NULL,0),(14,'Золоте курча','Володимир Орлов. Музична казка на 1 дію. Тривалість вистави 50 хв.','Володимир Орлов. Музична казка на 1 дію. Тривалість вистави 50 хв.','zolotie-kurcha','2014-10-09 12:55:23','2015-02-17 01:12:44','2015-06-14 08:43:25',213,NULL,NULL,NULL,0),(15,'Король Дроздобород','Богдан Стельмах. Музична казка на 1 дію. Тривалість вистави 1 год. 10 хв.','Богдан Стельмах. Музична казка на 1 дію. Тривалість вистави 1 год. 10 хв.','korol-drozdoborod','2014-11-02 16:52:25','2015-03-08 11:14:04','2015-06-14 08:43:25',214,NULL,NULL,NULL,0),(16,'Дорога до сонця','Аркадій Горін, Едуард Яворський. Музична казка на 1 дію. Тривалість вистави 1 год. 15 хв.','Аркадій Горін, Едуард Яворський. Музична казка на 1 дію. Тривалість вистави 1 год. 15 хв.','dorogha-do-sontsia','2015-01-02 01:28:53','2015-01-05 00:02:47','2015-06-14 08:43:25',215,NULL,NULL,NULL,0),(17,'Міжнародний день театру','27 березня - Міжнародний день театру','<p>До&nbsp;Міжнародного Дня театру&nbsp;присвоєно почесне звання «Заслужений артист України»&nbsp;Наталії Глазовій</p><p>Та нагороджуються актори і працівники театру:</p><p><b>1.</b> За краще виконання головної&nbsp; чоловічої ролі:<br></p><ul><li>&nbsp;&nbsp; за роль Альцеста у виставі «Мізантроп» заслуженого артиста України&nbsp;Миколу Зайнчківського<a target=\"_blank\" rel=\"nofollow\">;</a><br></li><li>&nbsp;&nbsp; за роль Петра&nbsp; у виставі «Історія про людину, з якою трапилася історія» артиста драми&nbsp;Павла Гончарова<a target=\"_blank\" rel=\"nofollow\">.</a></li></ul><p><b>2.</b> За краще виконання головної&nbsp; жіночої ролі:</p>&nbsp;&nbsp; - за роль Лєни у виставі «Лєна» артистку драми&nbsp;Надію Корбут.<p><b>3.</b> За краще виконання другорядної чоловічої ролі:</p>&nbsp;&nbsp; - за роль Хрону&nbsp; у виставі «Барвінок-герой» заслуженого артиста України&nbsp;Сергія Боброва<a target=\"_blank\" rel=\"nofollow\" href=\"http://\">;</a><br>&nbsp;&nbsp; - за роль Сусіда у виставі «Історія про людину, з якою трапилася історія» заслуженого артиста України Олександра Кузьмина.<p><b>4.</b> За краще виконання другорядної жіночої ролі:</p>&nbsp;&nbsp; - за&nbsp; роль Арсіної у виставі «Мізантроп» артистку драми&nbsp;Світлану Терещенко;<br>&nbsp;&nbsp; - за&nbsp; ролі Олени, Іри у виставі «Така любов» артистку драми Катерину Бедерак.<p><b>5.</b> За масштабність дебюту:</p>&nbsp;&nbsp; - за ролі Мотрі у виставі «Кайдашева сім’я», Ромашки у виставі «Барвінок-герой»,&nbsp; Молодої матері,&nbsp; дівчини в університеті, нареченої у виставі «Серед грому і тиші»&nbsp; артистку драми&nbsp;Олену Передрій;<br>&nbsp;&nbsp; - за ролі Мелашки у виставі «Кайдашева сім’я», Гидке каченя у виставі «Дорога до сонця» артистку драми&nbsp;Галину Прохорчук.<br>&nbsp;&nbsp; - за ролі Лавріна у виставі «Кайдашева сім’я», Барвінка у виставі «Барвінок-герой», Принца у виставі «Попелюшка» артиста драми&nbsp;Максима Рижевола;<br>&nbsp;&nbsp; - за ролі Карпа у виставі «Кайдашева сім’я»,&nbsp; Златохреста у виставі «Сканінг», Лелеки у виставі «Барвінок-герой» артиста драми&nbsp;Петра Голубченка;<br>&nbsp;&nbsp; - за ролі Злючки у виставі «Попелюшка», Редиски у виставі «Барвінок-герой»&nbsp; артистку драми&nbsp;Катерину Олейнікову.<p><b>6.</b> За створення оригінальної музики до вистави «Барвінок-герой» диригента Олену Бєлкіну.</p><p><b>7.</b> За акторський дебют за ролі Сина у виставі «Сніданок з ворогом», Чоловіка у виставі «Історія про людину, з якою трапилася історія» артиста балету&nbsp;Сергія Коваленка.</p><p><b>8.</b> За креативність у створенні реквізиту до вистави «Барвінок-герой»:</p>&nbsp;&nbsp; - начальника бутафорського цеху Ларису Тиху;<br>&nbsp;&nbsp; - бутафора Ганну Тиху.<br>','mizhnarodnii-dien-tieatru','2015-04-09 11:09:50','2016-04-29 12:33:05','2018-02-21 20:01:49',308,NULL,'roman','roman',0),(18,'Перенесення вистав у Будинок культури ім. І. Кулика',NULL,'У звязку з трагедією вистави переносяться з приміщення Черкаського драматичного&nbsp;театру в<b> Міський Будинок культури ім. Івана Кулика, що знаходиться за адресою вул. Жовтнева 170 (Тютюнова фабрика)<br></b>КВИТКИ ПРОДАЮТЬСЯ В КАСІ ЧЕРКАСЬКОГО ДРАМАТИЧНОГО ТЕАТРУ<br><br>','pierieniesiennia-vistav-u-budinok-kul-turi-im-i-kulika','2015-07-03 20:14:51','2015-07-03 20:22:57','2018-02-21 20:01:49',607,'nazarcom','nazarcom','roman',0),(19,'Вистава \"Дорога до сонця\" буде проходити в міській Філармонії','Вистава \"Дорога до сонця\" буде проходити в міській Філармонії','Вистава \"Дорога до сонця\" буде проходити в міській Філармонії','vistava-dorogha-do-sontsia-budie-prokhoditi-v-mis-kii-filarmoniyi','2015-07-03 21:56:02','2015-07-04 09:41:09','2018-02-21 20:01:49',616,'nazarcom','nazarcom','roman',0),(20,'Вистава \"Дорога до сонця\" буде проходити в черкаській філармонії','Вистава \"Дорога до сонця\" буде проходити в черкаській філармонії','Вистава \"Дорога до сонця\" буде проходити в черкаській філармонії','vistava-dorogha-do-sontsia-budie-prokhoditi-v-chierkas-kii-filarmoniyi','2015-07-04 09:38:17','2015-07-04 09:38:17','2015-07-04 09:39:55',617,'nazarcom','nazarcom','nazarcom',0),(21,'Гастролі Черкаського музично-драматичного театру','Черкаський музично-драматичний театр імені Тараса Шевченка відвідає Рівне','<p>Колектив Черкаського&nbsp;академічного обласного українського музично-драматичного театру імені Т. Г. Шевченка Черкаської обласної ради&nbsp;перебуватиме на гастролях в м. Рівне з 22 по 25 вересня. Дирекція театру вдячна Рівненському академічному обласному українському музично-драматичному театру в особі&nbsp;директора-художнього керівника театру Петріва Володимира Юліановича, який відразу відгукнувся на трагічні події, що стались з нашим театром.</p><p>Черкаський театр покаже в м. Рівне наступні вистави:</p><p>«Кайдашева сім\'я» написана нашим земляком Іваном Нечуєм-Левицьким понад сто років тому;<br></p><p>«Хто в домі господар» за комедією «Фараони» Олексія Коломійця;</p><p>«Сад Гетсиманський» народна трагедія, постановка Сергія Павлюка;<br></p><p>«Дума про братів Неазовських» драматична поема, постановка Сергія Павлюка;<br></p>','gastroli-chierkas-kogho-muzichno-dramatichnogho-tieatru','2015-08-30 23:48:35','2015-08-31 14:42:49','2015-12-21 12:48:11',634,'roman','sergey','roman',0),(22,'БЛАГОДІЙНА ОРГАНІЗАЦІЯ «БЛАГОДІЙНИЙ ФОНД  «ЧЕРКАСЬКИЙ ТЕАТР»','09 вересня 2015 року відкрито  розрахункові рахунки для  БЛАГОДІЙНОЇ ОРГАНІЗАЦІЇ «БЛАГОДІЙНИЙ ФОНД  «ЧЕРКАСЬКИЙ ТЕАТР»','Нарешті закінчилась реєстрація і юридично Благодійний фонд може розпочати свою роботу','blagodiina-organizatsiia-blagodiinii-fond-chierkas-kii-tieatr','2015-09-09 18:02:41','2015-09-09 18:35:12','2015-09-09 18:37:28',NULL,'roman','roman','roman',0),(23,'БЛАГОДІЙНА ОРГАНІЗАЦІЯ «БЛАГОДІЙНИЙ ФОНД  «ЧЕРКАСЬКИЙ ТЕАТР»','ДОРОГІ ДРУЗІ !!!','<p>&nbsp; &nbsp; &nbsp; &nbsp; &nbsp; &nbsp; &nbsp; &nbsp; &nbsp; &nbsp; &nbsp; &nbsp; &nbsp; &nbsp; &nbsp; &nbsp; &nbsp; &nbsp; &nbsp; &nbsp; &nbsp; &nbsp; &nbsp; &nbsp; &nbsp; &nbsp; &nbsp; &nbsp; &nbsp; &nbsp; &nbsp; &nbsp; &nbsp; &nbsp; &nbsp; &nbsp; &nbsp; &nbsp; &nbsp; &nbsp; &nbsp; &nbsp; &nbsp; &nbsp; &nbsp; &nbsp; &nbsp; &nbsp; &nbsp; &nbsp; &nbsp; &nbsp; &nbsp; &nbsp; &nbsp; &nbsp; &nbsp; <i><b><u>Дорогі друзі!</u></b></i></p>\r\n\r\n<p>Просимо вибачення\r\nза тимчасові незручності щодо деякої інформації на сайті нашого театру. </p><p>Перед нами постало\r\nбагато завдань, які потребують уваги. Ми вдячні кожному з вас за розуміння та\r\nпідтримку, адже разом легше долаються труднощі. </p><p>\r\n\r\n\r\n\r\n</p><p>Віримо, що театр\r\nвитримає ці випробування і ми радо зустрінемо вас у глядацькій залі.</p><p><b><u><i>Допомогти нам можна за реквізитами</i></u></b><b><u><i>:</i></u></b></p><p><b>Отримувач :&nbsp;&nbsp;&nbsp;&nbsp;&nbsp; Благодійна\r\nорганізація «Благодійний фонд «Черкаський театр»</b></p>\r\n\r\n<p><b>Код ЄДРПОУ :&nbsp;&nbsp;&nbsp;&nbsp;&nbsp;&nbsp;&nbsp;&nbsp;&nbsp;&nbsp;&nbsp;&nbsp;&nbsp;&nbsp;&nbsp; 39938661</b></p>\r\n\r\n<p><b><span>Рахунок отримувача :&nbsp;&nbsp; № <u><span class=\"wysiwyg-color-navy\">26003287821</span></u></span></b></p>\r\n\r\n<p><b>Банк отримувача :&nbsp; &nbsp;&nbsp;&nbsp;&nbsp;&nbsp;&nbsp;&nbsp;</b><b>АБ «УКРГАЗБАНК» </b></p>\r\n\r\n<b>МФО : &nbsp;&nbsp;&nbsp;&nbsp;&nbsp;&nbsp;&nbsp;&nbsp;&nbsp;&nbsp;&nbsp;&nbsp;&nbsp;&nbsp;&nbsp;&nbsp;&nbsp;&nbsp;&nbsp;&nbsp;&nbsp;&nbsp;&nbsp;&nbsp;&nbsp;&nbsp;&nbsp;&nbsp;&nbsp;320478</b><br>','blagodiina-organizatsiia-blagodiinii-fond-chierkas-kii-tieatr','2015-09-09 18:45:39','2015-09-16 14:39:41','2018-02-21 20:01:49',655,'roman','roman','roman',0),(24,'КОНЦЕРТ \"НОВА ТЕАТРАЛЬНА ІСТОРІЯ\"','Урочисте відкриття благодійного фонду','<p><i>&nbsp;</i><b><i>«Нова театральна історія»</i></b></p>\r\n\r\n<p><b><i>&nbsp;</i></b><b><i>Ми об</i></b><b><i>’</i></b><b><i>єдналися заради змін і віримо у відбудову театру, будь з\r\nнами і ТИ.</i></b></p>\r\n\r\n<b><i>Долучися до заходу на\r\nТеатральній площі у день відкриття міжнародного благодійного фонду.</i></b>','kontsiert-nova-tieatral-na-istoriia','2015-09-21 19:31:42','2015-09-23 15:33:11','2015-12-21 12:46:47',671,'roman','roman','roman',0),(25,'Гастролі у Полтаів','26-27 жовтня гастролі в приміщенні Полтавського академічного обласного українського музично-драматичного театру імені М. В. Гоголя','26-27 жовтня гастролі в приміщенні Полтавського академічного обласного українського музично-драматичного театру імені М. В. Гоголя','gastroli-u-poltaiv','2015-10-21 13:32:58','2015-10-21 13:32:58','2015-12-21 12:45:56',682,'roman','roman','roman',0),(26,'ТЕАТР ГАСТРОЛЮЄ','Черкаський театр Більшу частину грудня гастролюватиме з виставами по Черкаській, Кіровоградській та Київській областях.','Черкаський академічний обласний український\r\nмузично-драматичний театр імені&nbsp;\r\nТ. Г. Шевченка ЧОР зіграє в грудні на гастролях&nbsp;такі вистави&nbsp;\"КАЙДАШЕВА СІМ\'Я\" та \"12 МІСЯЦІВ АБО ХРАНИТЕЛІ РОКУ\", м. Канів (01.12.2015); \"ШЕЛЬМЕНКО ДЕНЩИК\" м. Кіровоград (03.12.2015); \"ЗОЛОТЕ КУРЧА\" та \"СВАТАННЯ НА ГОНЧАРІВЦІ\" м. Сміла (08.12.2015); \"THE БІЛОХОЛАТНІСТЬ\" м. Біла Церква (09.12.2015); \"ЗА ДВОМА ЗАЙЦЯМИ\" смт. Чорнобай (10.12.2015); \"КАЙДАШЕВА СІМ\'Я\" м. Золотоноша(11.12.2015); \"12 МІСЯЦІВ АБО ХРАНИТЕЛІ РОКУ\", \"НАЗАР СТОДОЛЯ\", \"СВАТАННЯ НА ГОНЧАРІВЦІ\" м. Сміла&nbsp;(16.12.2015, 18.12.2015)','tieatr-gastroliuie','2015-12-07 12:45:01','2015-12-07 12:45:01','2015-12-21 12:45:56',683,'roman','roman','roman',0),(27,'В ПРИМІЩЕННІ ЧЕРКАСЬКОЇ ОБЛАСНОЇ ФІЛАРМОНІЇ РІЗДВЯНИЙ ВЕРТЕП','МУЗИЧНА КАЗКА \"ВСІ МИШІ ЛЮБЛЯТЬ СИР\"','В ПРИМІЩЕННІ ЧЕРКАСЬКОЇ ОБЛАСНОЇ ФІЛАРМОНІЇ ВІДБУДЕ<b></b>ТЬСЯ РІЗДВЯНИЙ ВЕРТЕП &nbsp;З ПОКАЗОМ&nbsp;МУЗИЧНОЇ КАЗКИ <b>\"ВСІ МИШІ ЛЮБЛЯТЬ СИР\"</b>','v-primishchienni-chierkas-koyi-oblasnoyi-filarmoniyi-rizdvianii-viertiep','2015-12-21 13:15:41','2015-12-21 13:15:41','2016-05-31 12:03:42',684,'roman','roman','roman',0),(28,'27 березня – Міжнародний День театру.','27 березня в приміщенні Черкаської обласної філармонії театр презентує \r\nоновлену виставу «Тев’є-молочник»','<div>27 березня – Міжнародний День театру.</div><div>В приміщенні Черкаської обласної філармонії театр презентує&nbsp;<br></div><div>оновлену виставу «Тев’є-молочник», п’єса Григорія Горіна за мотивами&nbsp;<br></div><div>творів Шолом-Алейхема.<br></div><div>В ролях:<br></div><div>Менахем – засл. арт. України Сергій Бобров<br></div><div>Лейзер – арт. Михайло Кондратський<br></div><div>&nbsp; &nbsp; &nbsp; &nbsp; &nbsp; &nbsp; &nbsp; &nbsp; засл. арт. України Віктор Коломієць<br></div><div>Мотл – арт. Петро Голубченко<br></div><div>Войцек – арт. Максим Рижевол<br></div>','27-bierieznia-mizhnarodnii-dien-tieatru','2016-03-17 09:59:23','2016-03-17 09:59:23','2018-02-21 20:01:49',711,'roman','roman','roman',0),(29,'мюзикл «Танго Марії»',NULL,'<div>В театрі розпочалася нова робота над постановкою мюзиклу у ритмі танго</div><div>«Танго Марії» за мотивами однойменного твору Астора П’яццолли.</div>','miuzikl-tangho-mariyi','2016-03-17 10:05:40','2016-03-17 10:05:40','2018-02-21 20:01:32',712,'roman','roman','roman',0),(30,'\"Танго Марії\"','ПРЕМ\'ЄРА !!! \r\n23 червня 2016 року на базі Черкаської обласної філармонії.','\"Танго Марії\" Астора П\'яццолли - Чекаємо на прем\'єру 23 червня 2016 р.','tangho-mariyi','2016-03-29 17:59:17','2016-09-02 11:56:05','2018-02-21 20:01:32',726,'roman','roman','roman',0),(31,'\"Мина Мазайло\"','Розпочалась робота над п\'єсою Миколи Куліша \"Мина Мазайло\"','Розпочалась робота над п\'єсою Миколи Куліша \"Мина Мазайло\"&nbsp;','mina-mazailo','2016-03-29 18:34:21','2016-05-04 07:51:53','2018-02-21 20:01:32',727,'roman','sergey','roman',0),(32,'XI Міжнародний театральний фестиваль «Сцена людства-2016»','З 24 по 30 травня 2016 року пройде XI Міжнародний театральний фестиваль «Сцена людства-2016» у приміщенні черкаської філармонії.','З 24 по 30 травня 2016 року пройде XI Міжнародний театральний фестиваль «Сцена людства-2016» у приміщенні черкаської філармонії.','xi-mizhnarodnii-tieatral-nii-fiestival-stsiena-liudstva-2016','2016-04-21 14:48:35','2016-05-11 15:57:25','2016-05-31 12:03:42',728,'roman','roman','roman',0),(33,'КОРАЛОВЕ НАМИСТО','Концерт','<b>Концерт</b>','koralovie-namisto','2016-05-06 11:58:31','2016-05-06 12:12:35','2018-02-21 20:01:32',734,'roman','roman','roman',0),(34,'Чарівний світ оперети','Чарівний світ оперети','Концерт','charivnii-svit-opierieti','2016-05-11 15:56:22','2016-05-11 15:56:22','2016-05-19 12:51:01',735,'roman','roman','roman',0),(35,'\"the білоХАЛАТність\" у Києві','18 травня о 20:00 відбудеться показ вистави \"the білоХАЛАТність\" в м. Київ в нічному клубі Monteray','18 травня о 20:00 відбудеться показ вистави \"the білоХАЛАТність\" в м. Київ в нічному клубі Monteray','the-bilokhalatnist-u-kiievi','2016-05-17 17:38:55','2016-05-17 17:40:39','2016-05-19 12:50:38',736,'roman','roman','roman',0),(36,'УВАГА!!! ЗАМІНА ВИСТАВИ','27 травня 2016 року виставу  Буркіна-Фасо «Кайба» замінено на виставу \"синій автомобіль\" Київського академічного молодого театру.','<b><u></u>Вистава \"синій автомобіль\" Київського академічного молодого театру.&nbsp;<br></b><p>&nbsp;Трагікомедія на 1 дію</p><p>&nbsp;Автор -&nbsp;Ярослав Стельмах</p><p>Режисура та сценографія –&nbsp;Ігора Славинського<br>Балетмейстер –&nbsp;Анжела Борисова<br>Музичне оформлення /платівки/&nbsp;Ендрю Ллойд Вебер</p><p>&nbsp;</p><p>ДІЙОВІ ОСОБИ ТА ВИКОНАВЦІ:</p><p>А -&nbsp;<a target=\"_blank\" rel=\"nofollow\" href=\"http://www.molody.kiev.ua/index.php/aktori/item/302-vertinskiy-oleksiy\">Народний артист України&nbsp;Олексій Вертинський</a></p><p>Виставу поставив Ігор Славинський, актор і режисер, відомий телеведучий (програми \"На добраніч, діти!\" та \"День варенья\", ТРК \"Гравіс\", УТ-1). В основі спектаклю – п’єса одного з найпопулярніших українських сучасних драматургів - Ярослава Стельмаха. Це своєрідна сповідь автора про те, як непросто бути творчою людиною, як важко іноді народжуються звичайні слова, з них речення, а з речень - твори, які потім стають книгами, що інколи недбайливо покриваються пилом на бібліотечних полицях. Життя письменника - штука тяжка, але водночас страшенно цікава. Усі складності характеру такої творчої особистості з успіхом демонструє добре відомий киянам актор Олексій Вертинський. Виступаючи у ролі \"А\" - єдиного героя цієї моновистави - артист тримає глядача у цікавості і напрузі з першої до останньої хвилини, розповідаючи у короткому спектаклі про довге і змістовне життя свого персонажа.</p><p>Тривалість вистави - 1 година</p>','uvaga-zamina-vistavi','2016-05-18 17:41:50','2016-05-18 20:10:49','2016-05-31 12:03:42',737,'roman','roman','roman',0),(37,'Відкриття нового театрального сезону','Ювілейний 85 театральний сезон буде відкрито виставою \"Танго Марії\" в приміщенні палацу культури Дружба народів,','Ювілейний 85 театральний сезон буде відкрито виставою \"Танго Марії\" в приміщенні палацу культури Дружба народів,','vidkrittia-novogho-tieatral-nogho-siezonu','2016-09-02 11:16:41','2016-10-12 16:35:29','2018-02-21 20:01:32',738,'roman','roman','roman',0),(38,'ТЕАТР НА ГАСТРОЛЯХ!!!','Гастролі Черкаського академічного театру імені Т. Г. Шевченка','<p><b>З 17.10.2016\r\nр.</b>&nbsp;<b>по 21.10.2016\r\nр. </b>&nbsp;<b>колектив&nbsp;</b>&nbsp; <b>Черкаського академічного обласного українського\r\nмузично-драматичного театру імені Т.Г.Шевченка Черкаської обласної ради буде перебувати\r\nна гастролях в містах Вінниця&nbsp;</b><b>&nbsp;та &nbsp;</b><b>Чернігів&nbsp;</b><b>з прем\'єрною виставою \"Танго\r\nМарії\" Астора П\'яццолл</b><b>и</b><b>.&nbsp;</b></p><p><b>7\r\nжовтня в палаці \"Дружба Народів\" цією прем\'єрою відкрив свій 85\r\nювілейний сезон колектив театру.&nbsp;Вистава\r\nсхвально булу сприйнята черкаським глядачем.</b></p>','tieatr-na-gastroliakh','2016-10-12 16:34:08','2016-10-13 13:42:52','2018-02-21 20:01:32',740,'roman','roman','roman',0),(39,'ЮВІЛЕЙНА СОТА ВИСТАВА','Ювілейна сота вистава \"Тев\'є Молочник\"','19 лютого 2017 року у приміщенні Черкаської обласної філармонії відбудеться ювілейна - сота вистава \"Тев\'є Молочник\" Григорія Горіна. Постановка - Народного Артиста України Аліма Ситника','iuvilieina-sota-vistava','2017-01-11 14:21:46','2017-01-14 12:40:58','2018-02-21 20:01:32',749,'roman','roman','roman',0),(40,'Перенесення вистав','Перенесення вистав','В зв\'язку з виробничею необхідністю вистави \"Тев\'є Молочник\" та \"Назар Стодоля\" Переносяться на лютий місяць. Куплені квитки на перенесені вистави&nbsp;залишаються дісними.','pierieniesiennia-vistav','2017-01-14 12:37:07','2017-01-14 12:37:07','2018-02-21 20:01:32',750,'roman','roman','roman',0),(41,'Знайомство колективу з новим директором - художнім керівником театру','8 лютого 2017 року відбулось знайомство колективу з новим директором - художнім керівником театру','8 лютого 2017 року відбулось знайомство колективу з новим&nbsp;директором - художнім керівником&nbsp;театру, заслуженим діячем мистецтв&nbsp;Ластівкою Петром Петровичем. &nbsp;Петро Петрович розповів&nbsp;про свій творчій шлях та про плани на майбутнє, як директора так і художнього керівника.','znaiomstvo-koliektivu-z-novim-diriektorom-khudozhnim-kierivnikom-tieatru','2017-02-09 18:10:37','2017-02-09 18:53:25','2018-02-21 20:01:32',756,'roman','roman','roman',0),(42,'Офіційне представлення директора - художнього керівника театру колективу','9 лютого 2017 року  представники влади офіційно представили колективу Черкаського театру  директора - художнього керівника Ластівку Петра Пе','9 лютого 2017 року колективу Комунального закладу \"Черкаський академічний обласний український музично - драматичний театр імені Т. Г. Шевченка Черкаської обласної ради\" офіційно представили директора - художнього керівника, Заслуженого діяча мистецтв України&nbsp;Ластівку Петра Петровича&nbsp;заступник голови – керівник апарату Черкаської обласної державної адміністрації Овчаренко Сергій Миколайович та&nbsp;начальник управління культури та взаємозв\'язків з громадськістю Черкаської обласної державної адміністрації Островський Олег Анатолійович. Представники влади пообіцяли всіляко допомагати новому керівнику та колективу в їх надзвичайно проблемних питаннях.','ofitsiinie-priedstavliennia-diriektora-khudozhn-ogho-kierivnika-tieatru-koliektivu','2017-02-09 18:47:30','2017-02-09 19:31:03','2018-02-21 20:01:32',755,'roman','roman','roman',0),(43,'конкурс  на заміщення  вакантної посади','Конкурс на заміщення вакантної посади артистки драми категорії «провідний майстер сцени» - 1 посада.','<p><span>Кваліфікаційні вимоги претендентів: <b>повна вища освіта відповідного напряму\r\nпідготовки (магістр, спеціаліст) та підвищення кваліфікації. Стаж роботи за\r\nпрофесією артиста драми (театру драми, юного глядача) вищої категорії не менше 5\r\nроків.</b></span></p><p><span>Документи\r\nподаються за адресою: <b>18001, м. Черкаси\r\nбул. Шевченка, 234.</b></span></p><p><span>Кінцевий\r\nтермін подання документів – <b>23 лютого\r\n2017 року.</b></span></p><p>Перелік\r\nдокументів, що подаються претендентами для участі в конкурсі:</p><p>-&nbsp;&nbsp;&nbsp;&nbsp;&nbsp;&nbsp;&nbsp;&nbsp;\r\n<b>заява про участь в конкурсі у довільній формі;</b></p><p>-&nbsp;&nbsp;&nbsp;&nbsp;&nbsp;&nbsp;&nbsp;&nbsp;\r\n<b>особовий листок з обліку кадрів з вклеєною фотокарткою;</b></p><p>-&nbsp;&nbsp;&nbsp;&nbsp;&nbsp;&nbsp;&nbsp;&nbsp;\r\n<b>копія документа, що посвідчує особу;</b></p><p>-&nbsp;&nbsp;&nbsp;&nbsp;&nbsp;&nbsp;&nbsp;&nbsp;\r\n<b>копія трудової книжки;</b></p><p>-&nbsp;&nbsp;&nbsp;&nbsp;&nbsp;&nbsp;&nbsp;&nbsp;\r\n<b>копія документа про освіту за відповідною спеціальністю;</b></p><p>-&nbsp;&nbsp;&nbsp;&nbsp;&nbsp;&nbsp;&nbsp;&nbsp;\r\n<b>творче резюме, портфоліо.</b></p><p><span>Конкурс\r\nпроводиться <b>28 лютого 2017 року за\r\nадресою м. Черкаси, бул. Шевченка, 234.</b></span></p><p>Для\r\nдовідок з питань проведення конкурсу:</p><p><span>телефон/факс:\r\n<b>(0472) 36-07-20</b></span></p><p>\r\n\r\n\r\n\r\n\r\n\r\n\r\n\r\n\r\n\r\n\r\n\r\n\r\n\r\n\r\n\r\n\r\n\r\n\r\n\r\n\r\n\r\n\r\n\r\n\r\n\r\n</p><p>адреса\r\nелектронної пошти: <b>theatre</b><b>_</b><b>cherkasy</b><b>@</b><b>uch</b><b>.</b><b>net</b><b></b></p>','konkurs-na-zamishchiennia-vakantnoyi-posadi','2017-02-09 20:02:21','2017-02-09 20:08:49','2017-05-20 18:08:44',757,'roman','roman','roman',0),(44,'Заміна вистави','В зв\'язку з хворобою диригента  вистава \"БАРВІНОК ГЕРОЙ\" замінюється на виставу \"ВСІ МИШІ ЛЮБЛЯТЬ СИР\"','В зв\'язку з хворобою диригента &nbsp;вистава \"БАРВІНОК ГЕРОЙ\" замінюється на виставу \"ВСІ МИШІ ЛЮБЛЯТЬ СИР\"','zamina-vistavi','2017-02-22 18:11:48','2017-02-22 18:11:48','2017-05-20 18:08:44',758,'roman','roman','roman',0),(45,'Конкурс на заміщення вакантних посад','Комунальний заклад «Черкаський академічний обласний український музично-драматичний театр імені Т.Г.Шевченка Черкаської обласної ради» ','<p><b>Комунальний заклад\r\n«Черкаський академічний обласний український музично-драматичний театр імені\r\nТ.Г.Шевченка Черкаської обласної ради»</b> (м. Черкаси\r\nбул. Шевченка, 234) оголошує конкурс на заміщення вакантних посад:</p>\r\n\r\n<p>-&nbsp;&nbsp;&nbsp;&nbsp;&nbsp;&nbsp;&nbsp;&nbsp;\r\n<b>артист оркестру І-ої категорії (гітара)&nbsp;\r\n- 1 посада;</b></p>\r\n\r\n<p>-&nbsp;&nbsp;&nbsp;&nbsp;&nbsp;&nbsp;&nbsp;&nbsp;\r\n<b>артист оркестру І-ої категорії (барабан, перкусія) – 1 посада.</b></p>\r\n\r\n<p><span>Кваліфікаційні вимоги претендентів: <b>повна або базова вища освіта відповідного\r\nнапряму підготовки (магістр, спеціаліст або бакалавр) та підвищення\r\nкваліфікації; для магістра - без вимог до стажу роботи, для спеціаліста - стаж\r\nроботи за професією артиста оркестру (театру) II категорії не менше 2 років,\r\nбакалавра - не менше 3 років.</b></span></p>\r\n\r\n<p><span>Спеціальні кваліфікаційні вимоги\r\nпретендентів: <b>відмінні музичні\r\nздібності; високий рівень техніки та музичної культури виконання; добрі навички\r\nчитання оркестрових партій з листа.</b></span></p>\r\n\r\n<p><span>&nbsp;&nbsp;&nbsp;&nbsp; Документи\r\nподаються за адресою: <b>18001, м. Черкаси\r\nбул. Шевченка, 234.</b></span></p>\r\n\r\n<p><span>Кінцевий\r\nтермін подання документів – <b>14 березня 2017\r\nроку.</b></span></p>\r\n\r\n<p>Перелік\r\nдокументів, що подаються претендентами для участі в конкурсі:</p>\r\n\r\n<p>-&nbsp;&nbsp;&nbsp;&nbsp;&nbsp;&nbsp;&nbsp;&nbsp;\r\n<b>заява про участь в конкурсі у довільній формі;</b></p>\r\n\r\n<p>-&nbsp;&nbsp;&nbsp;&nbsp;&nbsp;&nbsp;&nbsp;&nbsp;\r\n<b>особовий листок з обліку кадрів з вклеєною фотокарткою;</b></p>\r\n\r\n<p>-&nbsp;&nbsp;&nbsp;&nbsp;&nbsp;&nbsp;&nbsp;&nbsp;\r\n<b>копія документа, що посвідчує особу;</b></p>\r\n\r\n<p>-&nbsp;&nbsp;&nbsp;&nbsp;&nbsp;&nbsp;&nbsp;&nbsp;\r\n<b>копія трудової книжки;</b></p>\r\n\r\n<p>-&nbsp;&nbsp;&nbsp;&nbsp;&nbsp;&nbsp;&nbsp;&nbsp;\r\n<b>копія документа про освіту за відповідною спеціальністю;</b></p>\r\n\r\n<p>-&nbsp;&nbsp;&nbsp;&nbsp;&nbsp;&nbsp;&nbsp;&nbsp;\r\n<b>творче резюме.</b></p>\r\n\r\n<p><span>Конкурс\r\nпроводиться <b>21 березня 2017 року за\r\nадресою м. Черкаси, бул. Шевченка, 234.</b></span></p>\r\n\r\n<p>Для\r\nдовідок з питань проведення конкурсу:</p>\r\n\r\n<p><span>телефон/факс:\r\n<b>(0472) 36-07-20</b></span></p>\r\n\r\n<p>адреса\r\nелектронної пошти: <b>theatre</b><b>_</b><b>cherkasy</b><b>@</b><b>uch</b><b>.</b><b>net</b><b></b></p>','konkurs-na-zamishchiennia-vakantnikh-posad','2017-02-27 13:40:42','2017-02-27 13:40:42','2017-02-27 13:44:16',NULL,'roman','roman','roman',0),(46,'Конкурс на заміщення вакантних посад','заміщення вакантних посад:-	артист оркестру І-ої категорії (гітара)  - 1 посада; - артист оркестру І-ої категорії (барабан, перкусія) – 1 посада.','<p><b>Комунальний заклад\r\n«Черкаський академічний обласний український музично-драматичний театр імені\r\nТ.Г.Шевченка Черкаської обласної ради»</b> (м. Черкаси\r\nбул. Шевченка, 234) оголошує конкурс на заміщення вакантних посад:</p>\r\n\r\n<p>-&nbsp;&nbsp;&nbsp;&nbsp;&nbsp;&nbsp;&nbsp;&nbsp;\r\n<b>артист оркестру І-ої категорії (гітара)&nbsp;\r\n- 1 посада;</b></p>\r\n\r\n<p>-&nbsp;&nbsp;&nbsp;&nbsp;&nbsp;&nbsp;&nbsp;&nbsp;\r\n<b>артист оркестру І-ої категорії (барабан, перкусія) – 1 посада.</b></p>\r\n\r\n<p><span>Кваліфікаційні вимоги претендентів: <b>повна або базова вища освіта відповідного\r\nнапряму підготовки (магістр, спеціаліст або бакалавр) та підвищення\r\nкваліфікації; для магістра - без вимог до стажу роботи, для спеціаліста - стаж\r\nроботи за професією артиста оркестру (театру) II категорії не менше 2 років,\r\nбакалавра - не менше 3 років.</b></span></p>\r\n\r\n<p><span>Спеціальні кваліфікаційні вимоги\r\nпретендентів: <b>відмінні музичні\r\nздібності; високий рівень техніки та музичної культури виконання; добрі навички\r\nчитання оркестрових партій з листа.</b></span></p>\r\n\r\n<p><span>&nbsp;&nbsp;&nbsp;&nbsp; Документи\r\nподаються за адресою: <b>18001, м. Черкаси\r\nбул. Шевченка, 234.</b></span></p>\r\n\r\n<p><span>Кінцевий\r\nтермін подання документів – <b>14 березня 2017\r\nроку.</b></span></p>\r\n\r\n<p>Перелік\r\nдокументів, що подаються претендентами для участі в конкурсі:</p>\r\n\r\n<p>-&nbsp;&nbsp;&nbsp;&nbsp;&nbsp;&nbsp;&nbsp;&nbsp;\r\n<b>заява про участь в конкурсі у довільній формі;</b></p>\r\n\r\n<p>-&nbsp;&nbsp;&nbsp;&nbsp;&nbsp;&nbsp;&nbsp;&nbsp;\r\n<b>особовий листок з обліку кадрів з вклеєною фотокарткою;</b></p>\r\n\r\n<p>-&nbsp;&nbsp;&nbsp;&nbsp;&nbsp;&nbsp;&nbsp;&nbsp;\r\n<b>копія документа, що посвідчує особу;</b></p>\r\n\r\n<p>-&nbsp;&nbsp;&nbsp;&nbsp;&nbsp;&nbsp;&nbsp;&nbsp;\r\n<b>копія трудової книжки;</b></p>\r\n\r\n<p>-&nbsp;&nbsp;&nbsp;&nbsp;&nbsp;&nbsp;&nbsp;&nbsp;\r\n<b>копія документа про освіту за відповідною спеціальністю;</b></p>\r\n\r\n<p>-&nbsp;&nbsp;&nbsp;&nbsp;&nbsp;&nbsp;&nbsp;&nbsp;\r\n<b>творче резюме.</b></p>\r\n\r\n<p><span>Конкурс\r\nпроводиться <b>21 березня 2017 року за\r\nадресою м. Черкаси, бул. Шевченка, 234.</b></span></p>\r\n\r\n<p>Для\r\nдовідок з питань проведення конкурсу:</p>\r\n\r\n<p><span>телефон/факс:\r\n<b>(0472) 36-07-20</b></span></p>\r\n\r\n<p>адреса\r\nелектронної пошти: <b>theatre</b><b>_</b><b>cherkasy</b><b>@</b><b>uch</b><b>.</b><b>net</b><b></b></p>','konkurs-na-zamishchiennia-vakantnikh-posad-1','2017-02-27 13:43:49','2017-02-27 13:51:18','2017-05-20 18:08:44',762,'roman','roman','roman',0),(47,'РЕЗУЛЬТАТИ КОНКУРСУ','Переможцем конкурсу було визначено ЛАСТІВКУ Олену Сергіївну.','<p>За\r\nрезультатами проведеного конкурсу на заміщення вакантної посади артистки драми\r\nкатегорії «провідний майстер сцени» Комунального закладу «Черкаський\r\nакадемічний обласний український музично-драматичний театр імені Т. Г. Шевченка\r\nЧеркаської обласної ради» рішенням конкурсної комісії /протокол № 2 від\r\n28.02.2017/ переможцем конкурсу було визначено ЛАСТІВКУ Олену Сергіївну.</p>','riezul-tati-konkursu','2017-03-02 13:44:54','2017-03-02 13:44:54','2017-05-20 18:08:44',763,'roman','roman','roman',0),(48,'Конкурс','Конкурс на заміщення вакантної посади звукорежисер І-ої категорії - 1 посада.','<p><b>Комунальний заклад\r\n«Черкаський академічний обласний український музично-драматичний театр імені\r\nТ.Г.Шевченка Черкаської обласної ради»</b><span> (м. Черкаси\r\nбул. Шевченка, 234) оголошує конкурс на заміщення вакантної посади <b>звукорежисер І-ої категорії - 1 посада.</b></span></p>\r\n\r\n<p><span>&nbsp; &nbsp;&nbsp;&nbsp;Кваліфікаційні вимоги претендентів: <b>повна або базова\r\nвища освіта відповідного напряму підготовки (магістр, спеціаліст або бакалавр)\r\nта підвищення кваліфікації; для магістра - без вимог до стажу роботи, для\r\nспеціаліста - стаж роботи за професією звукорежисера театрально-видовищного\r\nпідприємства II категорії не менше 2 років, бакалавра - не менше 3 років.</b></span></p>\r\n\r\n<p><span>Документи подаються за адресою: <b>18001, м. Черкаси бул. Шевченка, 234.</b></span></p>\r\n\r\n<p><span>Кінцевий\r\nтермін подання документів – <b>23 березня 2017\r\nроку.</b></span></p>\r\n\r\n<p>Перелік\r\nдокументів, що подаються претендентами для участі в конкурсі:</p>\r\n\r\n<p>-&nbsp;&nbsp;&nbsp;&nbsp;&nbsp;&nbsp;&nbsp;&nbsp;\r\n<b>заява про участь в конкурсі у довільній формі;</b></p>\r\n\r\n<p>-&nbsp;&nbsp;&nbsp;&nbsp;&nbsp;&nbsp;&nbsp;&nbsp;\r\n<b>особовий листок з обліку кадрів з вклеєною фотокарткою;</b></p>\r\n\r\n<p>-&nbsp;&nbsp;&nbsp;&nbsp;&nbsp;&nbsp;&nbsp;&nbsp;\r\n<b>копія документа, що посвідчує особу;</b></p>\r\n\r\n<p>-&nbsp;&nbsp;&nbsp;&nbsp;&nbsp;&nbsp;&nbsp;&nbsp;\r\n<b>копія трудової книжки;</b></p>\r\n\r\n<p>-&nbsp;&nbsp;&nbsp;&nbsp;&nbsp;&nbsp;&nbsp;&nbsp;\r\n<b>копія документа про освіту за відповідною спеціальністю.</b></p>\r\n\r\n<p><span>Конкурс\r\nпроводиться <b>29 березня 2017 року за\r\nадресою м. Черкаси, бул. Шевченка, 234.</b></span></p>\r\n\r\n<p>Для\r\nдовідок з питань проведення конкурсу:</p>\r\n\r\n<p><span>телефон/факс:\r\n<b>(0472) 36-07-20</b></span></p>\r\n\r\n<p>адреса\r\nелектронної пошти: <b>theatre</b><b>_</b><b>cherkasy</b><b>@</b><b>uch</b><b>.</b><b>net</b><b></b></p>','konkurs','2017-03-09 14:07:11','2017-03-09 14:07:11','2017-05-20 18:08:44',764,'roman','roman','roman',0),(49,'Результати конкурсу','Переможцем конкурсу було визначено БОНДАРЕНКА Нікіту Геннадійовича.','<p>За\r\nрезультатами проведеного конкурсу на заміщення вакантної посади артиста оркестру\r\nІ-ої категорії (гітара) Комунального закладу «Черкаський академічний обласний\r\nукраїнський музично-драматичний театр імені Т.Г.Шевченка Черкаської обласної\r\nради» рішенням конкурсної комісії /протокол № 2 від 21.03.2017/ переможцем\r\nконкурсу було визначено БОНДАРЕНКА Нікіту Геннадійовича.</p>','riezul-tati-konkursu-1','2017-03-24 13:46:36','2017-03-24 13:48:38','2017-05-20 18:08:44',765,'roman','roman','roman',0),(50,'Результати конкурсу','Переможцем конкурсу було визначено ГЕЛЕВЕРЮ Юрія Миколайовича.','<p>За\r\nрезультатами проведеного конкурсу на заміщення вакантної посади артиста\r\nоркестру І-ої категорії (барабан, перкусія) Комунального закладу «Черкаський\r\nакадемічний обласний український музично-драматичний театр імені Т.Г.Шевченка\r\nЧеркаської обласної ради» рішенням конкурсної комісії /протокол № 2 від\r\n21.03.2017/ переможцем конкурсу було визначено ГЕЛЕВЕРЮ Юрія Миколайовича.</p>','riezul-tati-konkursu-2','2017-03-24 13:48:21','2017-03-24 13:48:21','2017-05-20 18:08:44',766,'roman','roman','roman',0),(51,'Запрошуємо на роботу','КОМУНАЛЬНИЙ ЗАКЛАД «ЧЕРКАСЬКИЙ АКАДЕМІЧНИЙ ОБЛАСНИЙ УКРАЇНСЬКИЙ МУЗИЧНО-ДРАМАТИЧНИЙ  ТЕАТР ІМЕНІ  Т. Г. ШЕВЧЕНКА ЧЕРКАСЬКОЇ ОБЛАСНОЇ  РАД','<p><b>КОМУНАЛЬНИЙ ЗАКЛАД «ЧЕРКАСЬКИЙ\r\nАКАДЕМІЧНИЙ ОБЛАСНИЙ УКРАЇНСЬКИЙ МУЗИЧНО-ДРАМАТИЧНИЙ&nbsp; ТЕАТР</b><b><span> ІМЕНІ&nbsp;\r\nТ. Г. ШЕВЧЕНКА ЧЕРКАСЬКОЇ ОБЛАСНОЇ&nbsp;\r\nРАДИ» ЗАПРОШУЄ НА ПОСТІЙНУ РОБОТУ ТЕСЛЯРА</span></b></p>','zaproshuiemo-na-robotu','2017-03-24 18:12:22','2017-03-24 18:12:22','2017-05-20 18:08:44',767,'roman','roman','roman',0),(52,'УВАГА КОНКУРС','Конкурс на заміщення вакантної посади звукорежисер І-ої категорії - 1 посада','<p><b>Комунальний заклад\r\n«Черкаський академічний обласний український музично-драматичний театр імені\r\nТ.Г.Шевченка Черкаської обласної ради»</b><span> (м. Черкаси\r\nбул. Шевченка, 234) оголошує конкурс на заміщення вакантної посади <b>звукорежисер І-ої категорії - 1 посада.</b></span></p>\r\n\r\n<p><span>&nbsp; &nbsp;&nbsp;&nbsp;Кваліфікаційні вимоги претендентів: <b>повна або базова\r\nвища освіта відповідного напряму підготовки (магістр, спеціаліст або бакалавр)\r\nта підвищення кваліфікації; для магістра - без вимог до стажу роботи, для\r\nспеціаліста - стаж роботи за професією звукорежисера театрально-видовищного\r\nпідприємства II категорії не менше 2 років, бакалавра - не менше 3 років.</b></span></p>\r\n\r\n<p><span>Документи подаються за адресою: <b>18001, м. Черкаси бул. Шевченка, 234.</b></span></p>\r\n\r\n<p><span>Кінцевий\r\nтермін подання документів – <b>30 квітня 2017\r\nроку.</b></span></p>\r\n\r\n<p>Перелік\r\nдокументів, що подаються претендентами для участі в конкурсі:</p>\r\n\r\n<p>-&nbsp;&nbsp;&nbsp;&nbsp;&nbsp;&nbsp;&nbsp;&nbsp;\r\n<b>заява про участь в конкурсі у довільній формі;</b></p>\r\n\r\n<p>-&nbsp;&nbsp;&nbsp;&nbsp;&nbsp;&nbsp;&nbsp;&nbsp;\r\n<b>особовий листок з обліку кадрів з вклеєною фотокарткою;</b></p>\r\n\r\n<p>-&nbsp;&nbsp;&nbsp;&nbsp;&nbsp;&nbsp;&nbsp;&nbsp;\r\n<b>копія документа, що посвідчує особу;</b></p>\r\n\r\n<p>-&nbsp;&nbsp;&nbsp;&nbsp;&nbsp;&nbsp;&nbsp;&nbsp;\r\n<b>копія трудової книжки;</b></p>\r\n\r\n<p>-&nbsp;&nbsp;&nbsp;&nbsp;&nbsp;&nbsp;&nbsp;&nbsp;\r\n<b>копія документа про освіту за відповідною спеціальністю.</b></p>\r\n\r\n<p><span>Конкурс\r\nпроводиться <b>10 травня 2017 року за\r\nадресою м. Черкаси, бул. Шевченка, 234.</b></span></p>\r\n\r\n<p>Для\r\nдовідок з питань проведення конкурсу:</p>\r\n\r\n<p><span>телефон/факс:\r\n<b>(0472) 36-07-20</b></span></p>\r\n\r\n<p>адреса\r\nелектронної пошти: <b>theatre</b><b>_</b><b>cherkasy</b><b>@</b><b>uch</b><b>.</b><b>net</b><b></b></p>','uvaga-konkurs','2017-03-30 12:54:50','2017-03-30 12:54:50','2017-05-20 18:08:44',768,'roman','roman','roman',0),(53,'ПРЕМ\'ЄРА','НАТАЛКА ПОЛТАВКА','НАТАЛКА ПОЛТАВКА','priem-iera','2017-05-20 18:10:26','2017-05-20 18:10:26','2018-02-21 20:01:32',781,'roman','roman','roman',0),(54,'ПРОДАВЕЦЬ ДОЩУ','Іронічна комедія на 2 дії \r\nП’єса написана в 1954 році та перекладена 47 мовами.','<p>В охопленому засухою\r\nсільському містечку на Заході Америки в епоху депресії живе сім’я&nbsp; старого фермера\r\nКаррі. Його дочка Ліззі господарює в домі батька, де разом з ним живе ще двоє\r\nйого синів. В цій місцині вже другий місяць немає дощу. Старого фермера хвилює\r\nне тільки ця проблема (турбота про тварин, котрі не витримують цієї засухи),\r\nале й те, що його вже й не така юна донька залишається самотньою. Поява Білла\r\nСтарбака, людини, що вміє викликати дощ коли йому заманеться за ціною 46\r\nдоларів, збентежує всю сім’ю, впливає на подальше вирішення їхніх проблем…</p>','prodaviets-doshchu','2017-05-20 18:12:15','2017-05-20 18:12:15','2018-02-21 20:01:32',782,'roman','roman','roman',0),(55,'АКЦІЯ','Черкаський театр проводить АКЦІЮ разом з Fantasy Town Depo.t center.','&nbsp;Черкаський театр проводить АКЦІЮ разом з Fantasy Town Depo.t center.<br>Кожна дитина , яка завітає на виставу<br>21 травня-КОРОЛЬ ДРОЗДОБОРОД , або&nbsp;<br>&nbsp;28 травня-ВІЗОК ЧУДЕС<br>ЦДЮТ(СМІЛЯНСЬКА 33) о 12.00<span><br>в подарунок отримає-10хв. безкоштовних розваг на батуті від Fantasy Town Depo.t center!!!!!<br>ПОДАРУЙТЕ ДІТЯМ ПОДВІЙНУ РАДІСТЬ!!!!!</span>','aktsiia','2017-05-20 18:19:35','2017-05-20 18:19:35','2018-02-21 20:01:32',785,'roman','roman','roman',0),(56,'конкурс на заміщення вакантної посади звукорежисер І-ої категорії !!!','Комунальний заклад «Черкаський академічний обласний український музично-драматичний театр імені Т.Г.Шевченка Черкаської обласної ради» (','<p><b>Комунальний заклад\r\n«Черкаський академічний обласний український музично-драматичний театр імені\r\nТ.Г.Шевченка Черкаської обласної ради»</b><span> (м. Черкаси\r\nбул. Шевченка, 234) оголошує конкурс на заміщення вакантної посади <b>звукорежисер І-ої категорії - 1 посада.</b></span></p>\r\n\r\n<p><span>&nbsp; &nbsp;&nbsp;&nbsp;Кваліфікаційні вимоги претендентів: <b>повна або базова\r\nвища освіта відповідного напряму підготовки (магістр, спеціаліст або бакалавр)\r\nта підвищення кваліфікації; для магістра - без вимог до стажу роботи, для\r\nспеціаліста - стаж роботи за професією звукорежисера театрально-видовищного\r\nпідприємства II категорії не менше 2 років, бакалавра - не менше 3 років.</b></span></p>\r\n\r\n<p><span>Документи подаються за адресою: <b>18001, м. Черкаси бул. Шевченка, 234.</b></span></p>\r\n\r\n<p><span>Кінцевий\r\nтермін подання документів – <b>30 червня 2017\r\nроку.</b></span></p>\r\n\r\n<p>Перелік\r\nдокументів, що подаються претендентами для участі в конкурсі:</p>\r\n\r\n<p>-&nbsp;&nbsp;&nbsp;&nbsp;&nbsp;&nbsp;&nbsp;&nbsp;\r\n<b>заява про участь в конкурсі у довільній формі;</b></p>\r\n\r\n<p>-&nbsp;&nbsp;&nbsp;&nbsp;&nbsp;&nbsp;&nbsp;&nbsp;\r\n<b>особовий листок з обліку кадрів з вклеєною фотокарткою;</b></p>\r\n\r\n<p>-&nbsp;&nbsp;&nbsp;&nbsp;&nbsp;&nbsp;&nbsp;&nbsp;\r\n<b>копія документа, що посвідчує особу;</b></p>\r\n\r\n<p>-&nbsp;&nbsp;&nbsp;&nbsp;&nbsp;&nbsp;&nbsp;&nbsp;\r\n<b>копія трудової книжки;</b></p>\r\n\r\n<p>-&nbsp;&nbsp;&nbsp;&nbsp;&nbsp;&nbsp;&nbsp;&nbsp;\r\n<b>копія документа про освіту за відповідною спеціальністю.</b></p>\r\n\r\n<p><span>Конкурс\r\nпроводиться <b>06 липня 2017 року за\r\nадресою м. Черкаси, бул. Шевченка, 234.</b></span></p>\r\n\r\n<p>Для\r\nдовідок з питань проведення конкурсу:</p>\r\n\r\n<p><span>телефон/факс:\r\n<b>(0472) 36-07-20</b></span></p>\r\n\r\n<p>адреса\r\nелектронної пошти: <b>theatre</b><b>_</b><b>cherkasy</b><b>@</b><b>uch</b><b>.</b><b>net</b><b></b></p>','konkurs-na-zamishchiennia-vakantnoyi-posadi-zvukoriezhisier-i-oyi-katieghoriyi','2017-06-13 13:52:38','2017-06-13 13:52:38','2018-02-21 20:01:32',789,'roman','roman','roman',0),(57,'РЕЗУЛЬТАТИ КОНКУРСУ','Переможцем конкурсу на заміщення вакантної посади звукорежисер І-ої категорії визначено ШЕВЧЕНКА Олега Миколайовича','<p>За\r\nрезультатами проведеного конкурсу на заміщення вакантної посади звукорежисер\r\nІ-ої категорії &nbsp;Комунального закладу\r\n«Черкаський академічний обласний український музично-драматичний театр імені\r\nТ.Г.Шевченка Черкаської обласної ради» рішенням конкурсної комісії /протокол №\r\n2 від 06.07.2017/ переможцем конкурсу було визначено ШЕВЧЕНКА Олега\r\nМиколайовича.</p>','riezul-tati-konkursu','2017-07-10 15:30:13','2017-07-10 15:30:13','2018-02-21 20:01:32',793,'roman','roman','roman',0),(58,'конкурс на заміщення вакантної посади','Комунальний заклад «Черкаський академічний обласний український музично-драматичний театр імені Т.Г.ШевченкаЧеркаської обласної ради» о','<div>Комунальний заклад «Черкаський академічний обласний</div><div>український музично-драматичний театр імені Т.Г.Шевченка</div><div>Черкаської обласної ради» (м. Черкаси бул. Шевченка, 234) оголошує</div><div>конкурс на заміщення вакантних посад:</div><div>- артист оркестру І-ої категорії (бас гітара) – 1 посада.</div><div>Кваліфікаційні вимоги претендентів: повна або базова вища освіта</div><div>відповідного напряму підготовки (магістр, спеціаліст або бакалавр) та</div><div>підвищення кваліфікації; для магістра - без вимог до стажу роботи, для</div><div>спеціаліста - стаж роботи за професією артиста оркестру (театру) II</div><div>категорії не менше 2 років, бакалавра - не менше 3 років.</div><div>Спеціальні кваліфікаційні вимоги претендентів: відмінні музичні</div><div>здібності; високий рівень техніки та музичної культури виконання;</div><div>добрі навички читання оркестрових партій з листа.</div><div>Документи подаються за адресою: 18001, м. Черкаси бул. Шевченка,</div><div>234.</div><div>Кінцевий термін подання документів – 31 серпня 2017 року.</div><div>Перелік документів, що подаються претендентами для участі в</div><div>конкурсі:</div><div>- заява про участь в конкурсі у довільній формі;</div><div>- особовий листок з обліку кадрів з вклеєною фотокарткою;</div><div>- копія документа, що посвідчує особу;</div><div>- копія трудової книжки;</div><div>- копія документа про освіту за відповідною спеціальністю;</div><div>- творче резюме.</div><div>Конкурс проводиться 06 вересня 2017 року за адресою м. Черкаси,</div><div>бул. Шевченка, 234.</div><div>Для довідок з питань проведення конкурсу:</div><div>телефон/факс: (0472) 36-07- 20</div><div>адреса електронної пошти: theatre_cherkasy@uch.net</div>','konkurs-na-zamishchiennia-vakantnoyi-posadi','2017-08-16 20:37:08','2017-08-27 17:48:23','2018-02-21 20:01:32',794,'roman','roman','roman',0),(59,'ПРЕМ\'ЄРА','Неймовірні водевілі лише в Черкаському театрі!!!','Неймовірні водевілі лише в Черкаському театрі!!!','priem-iera-1','2017-08-27 17:47:09','2017-11-01 23:53:32','2018-02-21 20:01:32',798,'roman','roman','roman',0),(60,'Святкування початку нового навчального року у ЧДТУ','Черкаський театр привітав   ЧДТУ  з нагоди початку нового навчального року.','Сьогодні в актовій залі Черкаського державного технологічного університету після літньої перерви зібрався професорсько-викладацький склад, співробітники та студентство вишу з нагоди початку нового навчального року. &nbsp;Колектив Черкаського театру привітав&nbsp;університет з початком роботи. Участь приймали &nbsp;актори&nbsp; Черкаського академічного обласного українського музично-драматичного театру&nbsp;імені Тараса Шевченка: заслужений артист України&nbsp;<em>Сергій Бобров</em>,&nbsp;<em>Анна</em>&nbsp;<em>Куриленко</em>,&nbsp;<em>Олена Шолька</em>&nbsp;та&nbsp;<em>Олександр Кузьменко</em>.','sviatkuvannia-pochatku-novogho-navchal-nogho-roku-u-chdtu','2017-08-30 18:19:46','2017-08-30 18:19:46','2018-02-21 20:01:32',804,'roman','roman','roman',0),(61,'Увага зміни!!!','Зміни в репертуарі','05.10.2017 -&nbsp;БУВАЛЬЩИНА.... УКРАЇНСЬКІ ВОДЕВІЛІ<br>13.10.2017 - КОЗАЦЬКИЙ КОНЦЕРТ В ПРИМІЩЕННІ ЦЕНТРА ДИТЯЧОЇ ТА ЮНАЦЬКОЇ ТВОРЧОСТІ (ПАЛАЦ ПІОНЕРІВ)<br>17.10.2017 -&nbsp;КОНЦЕРТ «УКРАЇНА-ЄВРОПА»','uvagha-zmini','2017-09-03 23:20:38','2017-09-03 23:20:38','2017-11-08 21:18:42',807,'roman','roman','roman',0),(62,'Конкурс на заміщення вакантної посади','конкурс на заміщення вакантної посади: -	художник-оформлювач .','<p><b>Комунальний заклад\r\n«Черкаський академічний обласний український музично-драматичний театр імені\r\nТ.Г.Шевченка Черкаської обласної ради»</b> (м. Черкаси\r\nбул. Шевченка, 234) оголошує конкурс на заміщення вакантних посад:</p>\r\n\r\n<p>-&nbsp;&nbsp;&nbsp;&nbsp;&nbsp;&nbsp;&nbsp;\r\n<b>художник-оформлювач&nbsp; </b><span>– <b>&nbsp;1 посада.</b></span></p>\r\n\r\n<p><span>Кваліфікаційні вимоги претендентів: <b>Базова вища освіта відповідного напряму\r\nпідготовки (бакалавр, молодший спеціаліст); для бакалавра - без вимог до стажу\r\nроботи, молодшого спеціаліста - підвищення кваліфікації та стаж аналогічної за\r\nхарактером роботи не менше 3 років.</b></span></p>\r\n\r\n<p><span>&nbsp;&nbsp;&nbsp;&nbsp; Документи\r\nподаються за адресою: <b>18001, м. Черкаси\r\nбул. Шевченка, 234.</b></span></p>\r\n\r\n<p><span>Кінцевий\r\nтермін подання документів – <b>22 вересня\r\n2017 року.</b></span></p>\r\n\r\n<p>Перелік\r\nдокументів, що подаються претендентами для участі в конкурсі:</p>\r\n\r\n<p>-&nbsp;&nbsp;&nbsp;&nbsp;&nbsp;&nbsp;&nbsp;\r\n<b>заява про участь в конкурсі у довільній формі;</b></p>\r\n\r\n<p>-&nbsp;&nbsp;&nbsp;&nbsp;&nbsp;&nbsp;&nbsp;\r\n<b>особовий листок з обліку кадрів з вклеєною фотокарткою;</b></p>\r\n\r\n<p>-&nbsp;&nbsp;&nbsp;&nbsp;&nbsp;&nbsp;&nbsp;\r\n<b>копія документа, що посвідчує особу;</b></p>\r\n\r\n<p>-&nbsp;&nbsp;&nbsp;&nbsp;&nbsp;&nbsp;&nbsp;\r\n<b>копія трудової книжки </b><i>(за наявності)</i><b>;</b></p>\r\n\r\n<p>-&nbsp;&nbsp;&nbsp;&nbsp;&nbsp;&nbsp;&nbsp;\r\n<b>копія документа про освіту за відповідною спеціальністю;</b></p>\r\n\r\n<p>-&nbsp;&nbsp;&nbsp;&nbsp;&nbsp;&nbsp;&nbsp;\r\n<b>портфоліо (зразки робіт) </b><i>(формат А4 або в електронному вигляді)</i><b>.</b></p>\r\n\r\n<p><span>Конкурс\r\nпроводиться <b>28 вересня 2017 року за\r\nадресою м. Черкаси, бул. Шевченка, 234.</b></span></p>\r\n\r\n<p>Для\r\nдовідок з питань проведення конкурсу:</p>\r\n\r\n<p><span>телефон/факс:\r\n<b>(0472) 36-07-20</b></span></p>\r\n\r\n<p>адреса\r\nелектронної пошти: <b>theatre</b><b>_</b><b>cherkasy</b><b>@</b><b>uch</b><b>.</b><b>net</b><b></b></p>','konkurs-na-zamishchiennia-vakantnoyi-posadi-1','2017-09-07 20:11:36','2017-09-07 20:11:36','2017-11-08 21:18:42',810,'roman','roman','roman',0),(63,'РЕЗУЛЬТАТИ КОНКУРСУ','РЕЗУЛЬТАТИ КОНКУРСУ','<p>За\r\nрезультатами проведеного конкурсу на заміщення вакантної посади художник-оформлювач\r\n&nbsp;Комунального закладу «Черкаський\r\nакадемічний обласний український музично-драматичний театр імені Т.Г.Шевченка\r\nЧеркаської обласної ради» рішенням конкурсної комісії /протокол № 2 від 28.09.2017/\r\nпереможцем конкурсу було визначено ШАПОШНИКА Артема Юрійовича.</p>','riezul-tati-konkursu-1','2017-09-07 20:18:04','2017-09-29 12:38:36','2017-11-08 21:18:42',815,'roman','roman','roman',0),(64,'РЕЗУЛЬТАТИ КОНКУРСУ','РЕЗУЛЬТАТИ КОНКУРСУ','<p>За\r\nрезультатами проведеного конкурсу на заміщення вакантної посади художник-оформлювач\r\n&nbsp;Комунального закладу «Черкаський\r\nакадемічний обласний український музично-драматичний театр імені Т.Г.Шевченка\r\nЧеркаської обласної ради» рішенням конкурсної комісії /протокол № 2 від 28.09.2017/\r\nпереможцем конкурсу було визначено ШАПОШНИКА Артема Юрійовича.</p>','riezul-tati-konkursu-2','2017-09-29 12:44:13','2017-09-29 12:44:13','2017-11-08 21:18:42',817,'roman','roman','roman',0),(65,'КОНКУРС','Конкурс на заміщення вакантних посад: - артист оркестру І-ої категорії (барабан, перкусія) – 1 посада.','<p><b>Комунальний заклад\r\n«Черкаський академічний обласний український музично-драматичний театр імені\r\nТ.Г.Шевченка Черкаської обласної ради»</b> (м. Черкаси\r\nбул. Шевченка, 234) оголошує конкурс на заміщення вакантних посад:</p>\r\n\r\n<p><b>- артист оркестру І-ої\r\nкатегорії (барабан, перкусія) – 1 посада.</b></p>\r\n\r\n<p><span>Кваліфікаційні вимоги претендентів: <b>повна або базова вища освіта відповідного\r\nнапряму підготовки (магістр, спеціаліст або бакалавр) та підвищення\r\nкваліфікації; для магістра - без вимог до стажу роботи, для спеціаліста - стаж\r\nроботи за професією артиста оркестру (театру) II категорії не менше 2 років,\r\nбакалавра - не менше 3 років.</b></span></p>\r\n\r\n<p><span>Спеціальні кваліфікаційні вимоги\r\nпретендентів: <b>відмінні музичні\r\nздібності; високий рівень техніки та музичної культури виконання; добрі навички\r\nчитання оркестрових партій з листа.</b></span></p>\r\n\r\n<p><span>&nbsp;&nbsp;&nbsp;&nbsp; Документи\r\nподаються за адресою: <b>18001, м. Черкаси\r\nбул. Шевченка, 234.</b></span></p>\r\n\r\n<p><span>Кінцевий\r\nтермін подання документів – <b>31 жовтня 2017\r\nроку.</b></span></p>\r\n\r\n<p>Перелік\r\nдокументів, що подаються претендентами для участі в конкурсі:</p>\r\n\r\n<p>-&nbsp;&nbsp;&nbsp;&nbsp;&nbsp;&nbsp;&nbsp;\r\n<b>заява про участь в конкурсі у довільній формі;</b></p>\r\n\r\n<p>-&nbsp;&nbsp;&nbsp;&nbsp;&nbsp;&nbsp;&nbsp;\r\n<b>особовий листок з обліку кадрів з вклеєною фотокарткою;</b></p>\r\n\r\n<p>-&nbsp;&nbsp;&nbsp;&nbsp;&nbsp;&nbsp;&nbsp;\r\n<b>копія документа, що посвідчує особу;</b></p>\r\n\r\n<p>-&nbsp;&nbsp;&nbsp;&nbsp;&nbsp;&nbsp;&nbsp;\r\n<b>копія трудової книжки;</b></p>\r\n\r\n<p>-&nbsp;&nbsp;&nbsp;&nbsp;&nbsp;&nbsp;&nbsp;\r\n<b>копія документа про освіту за відповідною спеціальністю;</b></p>\r\n\r\n<p>-&nbsp;&nbsp;&nbsp;&nbsp;&nbsp;&nbsp;&nbsp;\r\n<b>творче резюме.</b></p>\r\n\r\n<p><span>Конкурс\r\nпроводиться <b>07 листопада &nbsp;2017 року за адресою м. Черкаси, бул.\r\nШевченка, 234.</b></span></p>\r\n\r\n<p>Для\r\nдовідок з питань проведення конкурсу:</p>\r\n\r\n<p><span>телефон/факс:\r\n<b>(0472) 36-07-20</b></span></p>\r\n\r\n<p>адреса\r\nелектронної пошти: <b>theatre</b><b>_</b><b>cherkasy</b><b>@</b><b>uch</b><b>.</b><b>net</b><b></b></p>','konkurs','2017-10-17 13:47:10','2017-10-17 13:47:10','2017-11-08 21:18:42',818,'roman','roman','roman',0),(66,'КОНКУРС','Конкурс на заміщення вакантної посади звукооператор - 1 посада.','<p><b>Комунальний заклад\r\n«Черкаський академічний обласний український музично-драматичний театр імені\r\nТ.Г.Шевченка Черкаської обласної ради»</b><span> (м. Черкаси\r\nбул. Шевченка, 234) оголошує конкурс на заміщення вакантної посади <b>звукооператор - 1 посада.</b></span></p>\r\n\r\n<p><span>&nbsp;&nbsp;&nbsp;&nbsp; Кваліфікаційні\r\nвимоги претендентів: <b>базова вища освіта відповідного напряму підготовки\r\n(бакалавр, молодший спеціаліст), для бакалавра - без вимог до стажу роботи, для\r\nмолодшого спеціаліста - підвищення кваліфікації та стаж аналогічної за\r\nхарактером роботи не менше 3 років.</b></span></p>\r\n\r\n<p><span>Документи подаються за адресою: <b>18001, м. Черкаси бул. Шевченка, 234.</b></span></p>\r\n\r\n<p><span>Кінцевий\r\nтермін подання документів – <b>08 листопада\r\n2017 року.</b></span></p>\r\n\r\n<p>Перелік\r\nдокументів, що подаються претендентами для участі в конкурсі:</p>\r\n\r\n<p>-&nbsp;&nbsp;&nbsp;&nbsp;&nbsp;&nbsp;&nbsp;\r\n<b>заява про участь в конкурсі у довільній формі;</b></p>\r\n\r\n<p>-&nbsp;&nbsp;&nbsp;&nbsp;&nbsp;&nbsp;&nbsp;\r\n<b>особовий листок з обліку кадрів з вклеєною фотокарткою;</b></p>\r\n\r\n<p>-&nbsp;&nbsp;&nbsp;&nbsp;&nbsp;&nbsp;&nbsp;\r\n<b>копія документа, що посвідчує особу;</b></p>\r\n\r\n<p>-&nbsp;&nbsp;&nbsp;&nbsp;&nbsp;&nbsp;&nbsp;\r\n<b>копія трудової книжки;</b></p>\r\n\r\n<p>-&nbsp;&nbsp;&nbsp;&nbsp;&nbsp;&nbsp;&nbsp;\r\n<b>копія документа про освіту за відповідною спеціальністю.</b></p>\r\n\r\n<p><span>Конкурс\r\nпроводиться <b>14 листопада 2017 року за\r\nадресою м. Черкаси, бул. Шевченка, 234.</b></span></p>\r\n\r\n<p>Для\r\nдовідок з питань проведення конкурсу:</p>\r\n\r\n<p><span>телефон/факс:\r\n<b>(0472) 36-07-20</b></span></p>\r\n\r\n<p>адреса\r\nелектронної пошти: <b>theatre</b><b>_</b><b>cherkasy</b><b>@</b><b>uch</b><b>.</b><b>net</b><b></b></p>','konkurs-1','2017-10-24 22:10:35','2017-10-24 22:10:35','2017-11-08 21:18:42',819,'roman','roman','roman',1),(67,'КОНКУРС НА ЗАМІЩЕННЯ ВАКАНТНОЇ ПОСАДИ','КОНКУРС НА ЗАМІЩЕННЯ ВАКАНТНОЇ ПОСАДИ АРТИСТ  ДРАМИ КАТЕГОРІЇ «ПРОВІДНИЙ МАЙСТЕР СЦЕНИ» - 1 ПОСАДА.','<p><b>Комунальний заклад\r\n«Черкаський академічний обласний український музично-драматичний театр імені\r\nТ.Г.Шевченка Черкаської обласної ради»</b><span> (м. Черкаси\r\nбул. Шевченка, 234) оголошує конкурс на заміщення вакантної посади <b>артист &nbsp;драми категорії «провідний майстер сцени» - 1\r\nпосада.</b></span></p>\r\n\r\n<p><span>&nbsp;&nbsp;&nbsp;&nbsp; Кваліфікаційні\r\nвимоги претендентів: <b>повна вища освіта відповідного напряму підготовки (магістр,\r\nспеціаліст) та підвищення кваліфікації. Стаж роботи за професією артиста драми\r\n(театру драми, юного глядача) вищої категорії не менше 5 років.</b></span></p>\r\n\r\n<p><span>Документи\r\nподаються за адресою: <b>18001, м. Черкаси\r\nбул. Шевченка, 234.</b></span></p>\r\n\r\n<p><span>Кінцевий\r\nтермін подання документів – <b>15 листопада\r\n2017 року.</b></span></p>\r\n\r\n<p>Перелік\r\nдокументів, що подаються претендентами для участі в конкурсі:</p>\r\n\r\n<p>-&nbsp;&nbsp;&nbsp;&nbsp;&nbsp;&nbsp;&nbsp;\r\n<b>заява про участь в конкурсі у довільній формі;</b></p>\r\n\r\n<p>-&nbsp;&nbsp;&nbsp;&nbsp;&nbsp;&nbsp;&nbsp;\r\n<b>особовий листок з обліку кадрів з вклеєною фотокарткою;</b></p>\r\n\r\n<p>-&nbsp;&nbsp;&nbsp;&nbsp;&nbsp;&nbsp;&nbsp;\r\n<b>копія документа, що посвідчує особу;</b></p>\r\n\r\n<p>-&nbsp;&nbsp;&nbsp;&nbsp;&nbsp;&nbsp;&nbsp;\r\n<b>копія трудової книжки;</b></p>\r\n\r\n<p>-&nbsp;&nbsp;&nbsp;&nbsp;&nbsp;&nbsp;&nbsp;\r\n<b>копія документа про освіту за відповідною спеціальністю;</b></p>\r\n\r\n<p>-&nbsp;&nbsp;&nbsp;&nbsp;&nbsp;&nbsp;&nbsp;\r\n<b>творче резюме, портфоліо.</b></p>\r\n\r\n<p><span>Конкурс\r\nпроводиться <b>22 листопада 2017 року за\r\nадресою м. Черкаси, бул. Шевченка, 234.</b></span></p>\r\n\r\n<p>Для\r\nдовідок з питань проведення конкурсу:</p>\r\n\r\n<p><span>телефон/факс:\r\n<b>(0472) 36-07-20</b></span></p>\r\n\r\n<p>адреса\r\nелектронної пошти: <b>theatre</b><b>_</b><b>cherkasy</b><b>@</b><b>uch</b><b>.</b><b>net</b><b></b></p>','konkurs-na-zamishchiennia-vakantnoyi-posadi-2','2017-11-01 23:52:20','2017-11-08 21:18:54','2018-02-21 20:01:32',820,'roman','roman','roman',0),(68,'РЕЗУЛЬТАТ ПРОВЕДЕНОГО КОНКУРСУ','За рішенням конкурсної комісії /протокол № 2 від 07.11.2017/ переможцем конкурсу було визначено ЯЦЕНТЮКА Богдана Вікторовича.','<p>За\r\nрезультатами проведеного конкурсу на заміщення вакантної посади артиста оркестру\r\nІ-ої категорії (барабан, перкусія) Комунального закладу «Черкаський академічний\r\nобласний український музично-драматичний театр імені Т.Г.Шевченка Черкаської\r\nобласної ради» рішенням конкурсної комісії /протокол № 2 від 07.11.2017/\r\nпереможцем конкурсу було визначено ЯЦЕНТЮКА Богдана Вікторовича.</p>','riezul-tat-proviedienogo-konkursu','2017-11-08 20:54:18','2017-11-08 20:54:18','2018-02-21 20:01:32',821,'roman','roman','roman',0),(69,'Результати конкурсу','Результати конкурсу','<p>За\r\nрезультатами проведеного конкурсу на заміщення вакантної посади звукооператор &nbsp;Комунального закладу «Черкаський академічний\r\nобласний український музично-драматичний театр імені Т.Г.Шевченка Черкаської\r\nобласної ради» рішенням конкурсної комісії /протокол № 2 від 14.11.2017/\r\nпереможцем конкурсу було визначено НАЗАРЕНКА Ярослава Миколайовича.</p>','riezul-tati-konkursu-1','2017-11-15 16:43:43','2017-11-15 16:43:43','2018-02-21 20:01:32',825,'roman','roman','roman',0),(70,'РЕЗУЛЬТАТИ КОНКУРСУ','РЕЗУЛЬТАТИ КОНКУРСУ','<div>За результатами проведеного конкурсу на заміщення вакантної посади артиста драми категорії «провідний майстер сцени» Комунального закладу «Черкаський академічний обласний український музично-драматичний театр імені Т.Г.Шевченка Черкаської обласної ради» рішенням конкурсної комісії /протокол № 2 від 22.11.2017/ переможцем конкурсу було визначено ГОНЧАРОВА Павла Дмитровича.</div>','riezul-tati-konkursu-2','2017-11-22 22:16:06','2017-11-22 22:16:06','2018-02-21 20:01:32',827,'roman','roman','roman',0),(71,'КОНКУРС НА ЗАМІЩЕННЯ ВАКАНТНОЇ ПОСАДИ','КОНКУРС НА ЗАМІЩЕННЯ ВАКАНТНОЇ ПОСАДИ АРТИСТ  ДРАМИ ВИЩОЇ КАТЕГОРІЇ  - 1 ПОСАДА.','<p><b>Комунальний заклад\r\n«Черкаський академічний обласний український музично-драматичний театр імені\r\nТ.Г.Шевченка Черкаської обласної ради»</b><span> (м. Черкаси\r\nбул. Шевченка, 234) оголошує конкурс на заміщення вакантної посади <b>артист &nbsp;драми вищої категорії &nbsp;- 1 посада.</b></span></p>\r\n\r\n<p><span>Кваліфікаційні вимоги претендентів: <b>повна вища освіта відповідного напрямку\r\nпідготовки (магістр, спеціаліст) та підвищення кваліфікації. Стаж роботи за\r\nпрофесією артиста І категорії не менше 3 років.</b></span></p>\r\n\r\n<p><span>Документи\r\nподаються за адресою: <b>18001, м. Черкаси\r\nбул. Шевченка, 234.</b></span></p>\r\n\r\n<p><span>Кінцевий\r\nтермін подання документів – <b>15 грудня\r\n2017 року.</b></span></p>\r\n\r\n<p>Перелік\r\nдокументів, що подаються претендентами для участі в конкурсі:</p>\r\n\r\n<p>-&nbsp;&nbsp;&nbsp;&nbsp;&nbsp;&nbsp;&nbsp;\r\n<b>заява про участь в конкурсі у довільній формі;</b></p>\r\n\r\n<p>-&nbsp;&nbsp;&nbsp;&nbsp;&nbsp;&nbsp;&nbsp;\r\n<b>особовий листок з обліку кадрів з вклеєною фотокарткою;</b></p>\r\n\r\n<p>-&nbsp;&nbsp;&nbsp;&nbsp;&nbsp;&nbsp;&nbsp;\r\n<b>копія документа, що посвідчує особу;</b></p>\r\n\r\n<p>-&nbsp;&nbsp;&nbsp;&nbsp;&nbsp;&nbsp;&nbsp;\r\n<b>копія трудової книжки;</b></p>\r\n\r\n<p>-&nbsp;&nbsp;&nbsp;&nbsp;&nbsp;&nbsp;&nbsp;\r\n<b>копія документа про освіту за відповідною спеціальністю;</b></p>\r\n\r\n<p>-&nbsp;&nbsp;&nbsp;&nbsp;&nbsp;&nbsp;&nbsp;\r\n<b>творче резюме, портфоліо.</b></p>\r\n\r\n<p><b>Конкурс проводиться 21 грудня\r\n2017 року за адресою м. Черкаси, бул. Шевченка, 234.</b></p>\r\n\r\n<p>Для\r\nдовідок з питань проведення конкурсу:</p>\r\n\r\n<p><span>телефон/факс:\r\n<b>(0472) 36-07-20</b></span></p>\r\n\r\n<p>адреса\r\nелектронної пошти: <b><a target=\"_blank\" rel=\"nofollow\">theatre_cherkasy@uch.net</a></b></p>','konkurs-na-zamishchiennia-vakantnoyi-posadi-1','2017-12-01 14:19:02','2017-12-01 14:19:02','2018-02-21 20:01:32',828,'roman','roman','roman',0),(72,'Вітаємо з Днем народження !!!','Колектив Черкаського академічного обласного українського музично-драматичного театру імені Тараса Шевченка вітає  Ридванецького Сергія','Вітаємо Ридванецького Сергія Віллевича з Днем народження!!! Зичимо міцного здоров\'я, незгасної життєвої енергії, успішних пошуків в творчості, нових вдалих театральних вистав та цікавих проектів!!!!','vitaiemo-z-dniem-narodzhiennia','2017-12-11 11:17:05','2017-12-11 11:24:31','2017-12-15 14:11:53',831,'roman','roman','roman',0),(73,'КОНКУРС','КОНКУРС НА ЗАМІЩЕННЯ ВАКАНТНОЇ ПОСАДИ АРТИСТКА  ДРАМИ І-ОЇ КАТЕГОРІЇ  - 1 ПОСАДА.','<p><b>Комунальний заклад\r\n«Черкаський академічний обласний український музично-драматичний театр імені\r\nТ.Г.Шевченка Черкаської обласної ради»</b><span> (м. Черкаси\r\nбул. Шевченка, 234) оголошує конкурс на заміщення вакантної посади <b>артистка &nbsp;драми І-ої категорії &nbsp;- 1 посада.</b></span></p>\r\n\r\n<p><span>Кваліфікаційні вимоги претендентів: <b>повна або базова вища освіта відповідного\r\nнапряму підготовки (магістр, спеціаліст, бакалавр) та підвищення кваліфікації;\r\nдля магістра – без&nbsp; вимог до стажу\r\nроботи, спеціаліста – стаж&nbsp; роботи за\r\nпрофесією артиста драми </b></span><b>II категорії не\r\nменше 2 років, бакалавра – не&nbsp; менше 3\r\nроки.</b></p>\r\n\r\n<p><span>Документи\r\nподаються за адресою: <b>18001, м. Черкаси\r\nбул. Шевченка, 234.</b></span></p>\r\n\r\n<p><span>Кінцевий\r\nтермін подання документів – <b>11 січня\r\n2018 року.</b></span></p>\r\n\r\n<p>Перелік\r\nдокументів, що подаються претендентами для участі в конкурсі:</p>\r\n\r\n<p>-&nbsp;&nbsp;&nbsp;&nbsp;&nbsp;&nbsp;&nbsp;\r\n<b>заява про участь в конкурсі у довільній формі;</b></p>\r\n\r\n<p>-&nbsp;&nbsp;&nbsp;&nbsp;&nbsp;&nbsp;&nbsp;\r\n<b>особовий листок з обліку кадрів з вклеєною фотокарткою;</b></p>\r\n\r\n<p>-&nbsp;&nbsp;&nbsp;&nbsp;&nbsp;&nbsp;&nbsp;\r\n<b>копія документа, що посвідчує особу;</b></p>\r\n\r\n<p>-&nbsp;&nbsp;&nbsp;&nbsp;&nbsp;&nbsp;&nbsp;\r\n<b>копія трудової книжки;</b></p>\r\n\r\n<p>-&nbsp;&nbsp;&nbsp;&nbsp;&nbsp;&nbsp;&nbsp;\r\n<b>копія документа про освіту за відповідною спеціальністю;</b></p>\r\n\r\n<p>-&nbsp;&nbsp;&nbsp;&nbsp;&nbsp;&nbsp;&nbsp;\r\n<b>творче резюме, портфоліо.</b></p>\r\n\r\n<p><span>Конкурс\r\nпроводиться <b>16 січня 2018 року за\r\nадресою м. Черкаси, бул. Шевченка, 234.</b></span></p>\r\n\r\n<p>Для\r\nдовідок з питань проведення конкурсу:</p>\r\n\r\n<p><span>телефон/факс:\r\n<b>(0472) 36-07-20</b></span></p>\r\n\r\n<p>адреса\r\nелектронної пошти: <b>theatre</b><b>_</b><b>cherkasy</b><b>@</b><b>uch</b><b>.</b><b>net</b><b></b></p>','konkurs','2017-12-12 08:37:11','2017-12-12 08:37:11','2018-02-21 20:01:32',846,'roman','roman','roman',0),(74,'РЕЗУЛЬТАТИ КОНКУРСУ','РЕЗУЛЬТАТИ ПРОВЕДЕНОГО КОНКУРСУ НА ЗАМІЩЕННЯ ВАКАНТНОЇ ПОСАДИ АРТИСТА ДРАМИ ВИЩОЇ КАТЕГОРІЇ','За результатами проведеного\r\nконкурсу на заміщення вакантної посади артиста драми вищої категорії\r\nКомунального закладу «Черкаський академічний обласний український\r\nмузично-драматичний театр імені Т.Г.Шевченка Черкаської обласної ради» рішенням\r\nконкурсної комісії /протокол № 2 від 21.12.2017/ переможцем конкурсу було\r\nвизначено РИЖЕВОЛА Максима Володимировича.','riezul-tati-konkursu-3','2017-12-22 17:18:33','2017-12-22 17:18:33','2018-02-21 20:01:32',857,'roman','roman','roman',0),(75,'INSTYTUCJA KOMUNALNA CZERKASKI OBWODOWY AKADEMICKI TEATR MUZYCZNO-DRAMATYCZNY IMIENIA TARASA SZEWCZENKI PRZY RADZIE OBWODOWEJ W CZERKASACH','INSTYTUCJA KOMUNALNA CZERKASKI OBWODOWY AKADEMICKI TEATR MUZYCZNO-DRAMATYCZNY IMIENIA TARASA SZEWCZENKI PRZY RADZIE OBWODOWEJ W CZERKASACH','<p>&nbsp;</p>\r\n\r\n<p>Robotniczo-spółdzielczy teatr\r\nobjazdowy powstał w 1932 roku w mieście Malin (obecnie obwód żytomierski) na\r\nbazie zespołu aktorów 3. studia artystycznego zjednoczenia „Berezil” pod\r\nprzewodnictwem Łesia Kurbasa. </p>\r\n\r\n<p>Wiosną 1933 roku przeprowadził\r\nsię do Czerkas, wówczas jednego z centrów rejonowych obwodu kijowskiego, i od\r\ntego czasu twórcze życie zespołu ściśle związane z Krainą Szewczenkowską.</p>\r\n\r\n<p>Od 1939 roku z okazji 125.\r\nrocznicy urodzin Tarasa Szewczenki teatr nosi imię Wielkiego Kobziarza.</p>\r\n\r\n<p>W roku 1954 w związku z utworzeniem\r\nobwodu czerkaskiego teatr stał się stacjonarnym teatrem dramatycznym imienia\r\nTarasa Szewczenki. Od 1963 roku ostatecznie nadaje się status – Czerkaski\r\nObwodowy Państwowy Ukraiński Teatr Muzyczno-Dramatyczny imienia Tarasa\r\nSzewczenki. </p>\r\n\r\n<p>W dniu 25 kwietnia 2006 roku\r\nMinisterstwo Kultury i Turystyki Ukrainy podpisało rozkaz do nadania mu statusu\r\nteatru akademickiego.</p>\r\n\r\n<p>W ciągu 85 lat swojej\r\ndziałalności twórczej zespół wykonał ok. 500 inscenizacji dramatów ukraińskiej,\r\nrosyjskiej, obcej klasycznej i współczesnej dramaturgii. Na scenę teatru\r\nprzeniesiono wiele utworów wysokoartystycznych z różnych gatunków i posługujących\r\nsię różnorodną tematyką. Te insenizacje zostały wspaniałymi osiągnięciami w\r\nzakresie sztuki teatralnej.</p>\r\n\r\n<p>Zespół artystyczny teatru to\r\nrodacy Wielkiego Kobziarza narodu ukraińskiego, więc zawsze przejmowali się\r\ntym, że bogata spuścizna Tarasa Szewczenki ma być ujawniona. Na scenie została\r\nstreszczona w temacie Prometeusza – jako temat czynu obywatelskiego w imię\r\ndobra na ziemi: „Hajdamacy” T. Szewczenki, „Taras Szewczenko” A. Małyszki,\r\n„Ściana” J. Szczerbaka, „Tytarówna” M. Kropywnyckiego, „Wielki Loch” O. Dzekuna\r\nwg T. Szewczenki, „Nazar Stodola” T. Szewczenki, „Taras. Sława, Słowa, Nieszczęśliwość,\r\nLos” Bohdana Stelmacha. &nbsp;</p>\r\n\r\n<p>Od 38 lat na czele teatru stał\r\nNarodowy Artysta Ukrainy Alim Sytnyk. Dla ok. 90 inscenizacji Alima Sytnyka\r\nwłaściwa filozoficzna świadomość rzeczywistości, głębia psychologiczna,\r\ndoskonałość artystyczna. Jego ostatnie przedstawienia – „Wiśniowy sad”\r\nAntoniego Czechowa, „Barabbas” Michela de Ghelderodeʼa, „Pożądanie w cieniu\r\nwiązów” Eugeneʼa OʼNeilla, „Książę Jarosław” Iwana Koczerhy.</p>\r\n\r\n<p>Afisz teatru został twórczo\r\nwzbogacony przez reżyserów teatralnych: Zasłużonych Działaczy Sztuk Ukrainy W.\r\nSzułakowa, W. Begmę, A. Żołdaka, P. Łastiwkę; Narodowego Artystę RFSRR O.\r\nDzekuna; reżyserów D. Bohomazowa, S. Proskurnię.</p>\r\n\r\n<p>Jaskrawy ślad w scenografii\r\nteatru w Czerkasach zostawił Narodowy Malarz Ukrainy, laureat Narodowej Nagrody\r\nim. Tarasa Szewczenki Danyło Narbut. Siedemdziesiąt przedstawień znanego twórcy\r\nzostały w swoim rodzaju zrealizowane na naszej scenie.</p>\r\n\r\n<p>Obecnie na czele teatru stoi kierownik\r\nartystyczny, Zasłużony Działacz Sztuk Ukrainy Petro Łastiwka.</p>\r\n\r\n<p>W repertuarze bieżącym jest\r\ntrzydzieści przedstawień dla widza dorosłego i dziesięć dla dzieci i młodzieży.\r\nPrzede wszystkim to klasyka ukraińska: „Nazar Stodola” T. Szewczenki, „Martyn Borula”\r\nI. Karpenki-Karego, „Rodzina Kajdaszów” I. Neczuja-Łewyckiego, „Za dwoma\r\nzającami” M. Staryckiego, „Swatanie na Honczarówce”, „Szelmenko-denszczyk” H.\r\nKwitki-Osnowjanenki, oraz przedstawienia współczesnych autorów ukraińskich Liny\r\nKostenko, Iwana Bahrianego, B. Stelmacha.</p>\r\n\r\n<p>Podstawowe zasady kształtowania\r\nnowego repertuaru: aktualność, idea narodowa, poszukiwanie twórcze, doskonałość\r\nartystyczna, konteks światowy. Teatr nazywa siebie sceną pierwszej\r\ninscenizacji: „Wielki Loch” T. Szewczenki (O. Dzekuna), „Diabeł ciała” W.\r\nSzewczuka (O. Dzekuna), „Duma o braciach Neazowskich” L. Kostenko, „Ogród\r\nOliwny” I. Bahrianego, „Lenin LOVE, Stalin LOVE” (na podst. powieści „Żółty\r\nksiążę” W. Barki).</p>\r\n\r\n<p>W poszukiwaniu swojego tematu\r\nteatr preferuje aktualną dramaturgię problematyki ostrosocjalnej, co dałoby zespołowi\r\ntwórczemu możliwość wyrażenia swojej wysokiej pozycji obywatelskiej.</p>\r\n\r\n<p>Specyfika zespołu\r\nmuzyczno-dramatycznego zobowiązuje nas do ciągłego uzupełnienia repertuaru\r\nmuzycznego dodając operę ludową, dramat muzyczny, musical, komedię muzyczną,\r\noperetkę. Na dziś w repertuarze teatru „Silwa” I. Kálmána,\r\n„Baron cygański” J. Straussa, „Maria de Buenos Aires” A. Piazzolli,\r\n„Zaczarowany świat operetki”.</p>\r\n\r\n<p>Twórczość czerkaskiego teatru\r\nakademickiego jest znana nie tylko w obwodzie czerkaskim i w Ukrainie. Teatr\r\ndawał występy gościnne w Kijowie, we wszystkich centrach obwodowych Ukrainy\r\noraz poza granicami kraju.</p>\r\n\r\n<p>W roku 2007 teatr z\r\nprzedstawieniem „Wielki Loch” był w Równym, Łucku, Iwano-Frankiwsku, we Lwowie,\r\na także z przedstawieniem „Lenin LOVE, Stalin LOVE” A.&nbsp;Żołdaka na\r\npodstawie powieści W. Barki w Kijowie w 2008 roku.</p>\r\n\r\n<p>Jaskrawym wydarzeniem dla teatru\r\nstała się insenizacja „Ślub” Andrija Żołdaka. Dała możliwość przedstawić\r\ntwórczość teatru na różnych festiwalach.</p>\r\n\r\n<p>Kwiecień 2001 roku – festiwal\r\n„Artystyczne Berezilla” w Kijowie</p>\r\n\r\n<p>Maj 2001 roku – Sybin, Rumunia</p>\r\n\r\n<p>&nbsp;&nbsp;&nbsp;&nbsp;&nbsp;&nbsp;&nbsp;&nbsp;&nbsp;&nbsp;&nbsp; &nbsp;&nbsp;&nbsp;&nbsp;&nbsp; &nbsp;&nbsp;&nbsp; &nbsp;&nbsp;&nbsp;&nbsp;Kiszyniów, Mołdawia</p>\r\n\r\n<p>Wrzesień 2001 roku – Płowdiw,\r\nBułgaria</p>\r\n\r\n<p>Kwiecień 2002 roku – Enerhodar, Ukraina</p>\r\n\r\n<p>Czerwiec 2002 roku – Grenoble,\r\nFrancja</p>\r\n\r\n<p>Z dnia 1 maja do 6 maja 2011 roku\r\nzespół teatru brał udział w festiwalu międzynarodowym w mieście Turku w\r\nFinlandii z przedstawieniem „Lenin LOVE, Stalin LOVE” A.&nbsp;Żołdaka na\r\npodstawie powieści W. Barki. </p>\r\n\r\n<p>W dniu 1 lipca 2015 roku teatr\r\nspotkało wielkie nieszczęście. Pożar zniszczył widownię teatralną i foyer, a\r\ntakże zostało zepsute urządzenia oświetleniowe i nagłośnieniowe. Ale teatr\r\nkontynuuje pracę – na różnych scenach gramy przedstawienia, zespół daje występy\r\ngościnne i jeździ na festiwale, tworzymy premiery i nowe koncerty: „Natałka\r\nPołtawka” Iwana Kotlarewskiego, „To, co było... Wodewile ukraińskie” M.\r\nKropywnyckiego, A. Welisowskiego, „Ukraina-Europa”, „Koncert kozacki” reżyser\r\nŁastiwka Petro, Zasłużony Działacz Sztuk Ukrainy, „Sprzedawca deszczu” N.\r\nRicharda Nasha reżyser Mykoła Jaremkiw. Teatr ma w planach wiele inscenizacji z\r\nwybitnymi reżyserami Ukrainy.</p>\r\n\r\n<p>Dzisiaj Obwodowy Akademicki Teatr\r\nMuzyczno-Dramatyczny imienia Tarasa Szewczenki w Czerkasach swoje twórcze\r\nwysiłki kieruje na odnowę i rozwój kultury narodowej, wartości europejskich, kontaku\r\ni wzajemnego wzbogacenia kultur narodów europejskich.</p>\r\n\r\n<p>&nbsp;</p>\r\n\r\n<p>Kierownik działu literacko-dramaturgicznego&nbsp;&nbsp;&nbsp;&nbsp;&nbsp;&nbsp;&nbsp;&nbsp;&nbsp;&nbsp;&nbsp;&nbsp;&nbsp;&nbsp;&nbsp;&nbsp;&nbsp;&nbsp;&nbsp;&nbsp;&nbsp;&nbsp;&nbsp;&nbsp;&nbsp;&nbsp;&nbsp;&nbsp;&nbsp; W.M. Prysiażnenko</p>','instytucja-komunalna-czerkaski-obwodowy-akademicki-teatr-muzyczno-dramatyczny-imienia-tarasa-szewczenki-przy-radzie-obwodowej-w-czerkasach','2018-02-21 20:04:37','2018-08-16 11:04:41',NULL,866,'roman','roman',NULL,0),(76,'Конкурс на заміщення вакантної посади артистка драми І-ої категорії - 1 посада.','Комунальний заклад «Черкаський академічний обласний український музично-драматичний театр імені Т.Г.Шевченка Черкаської обласної ради» (','<div>Комунальний заклад «Черкаський академічний обласний</div><div>український музично-драматичний театр імені Т.Г.Шевченка</div><div>Черкаської обласної ради» (м. Черкаси бул. Шевченка, 234) оголошує</div><div>конкурс на заміщення вакантної посади артистка драми І-ої категорії - 1</div><div>посада.</div><div>Кваліфікаційні вимоги претендентів: повна або базова вища освіта</div><div>відповідного напряму підготовки (магістр, спеціаліст, бакалавр) та</div><div>підвищення кваліфікації; для магістра – без вимог до стажу роботи,</div><div>спеціаліста – стаж роботи за професією артиста драми II категорії не</div><div>менше 2 років, бакалавра – не менше 3 роки.</div><div>Документи подаються за адресою: 18001, м. Черкаси бул. Шевченка,</div><div>234.</div><div>Кінцевий термін подання документів – 16 березня 2018 року.</div><div>Перелік документів, що подаються претендентами для участі в</div><div>конкурсі:</div><div>- заява про участь в конкурсі у довільній формі;</div><div>- особовий листок з обліку кадрів з вклеєною фотокарткою;</div><div>- копія документа, що посвідчує особу;</div><div>- копія трудової книжки;</div><div>- копія документа про освіту за відповідною спеціальністю;</div><div>- творче резюме, портфоліо.</div><div>Конкурс проводиться 20 березня 2018 року за адресою м. Черкаси,</div><div>бул. Шевченка, 234.</div><div>Для довідок з питань проведення конкурсу:</div><div>телефон/факс: (0472) 36-07- 20</div><div>адреса електронної пошти: theatre_cherkasy@uch.net</div>','konkurs-na-zamishchiennia-vakantnoyi-posadi-artistka-drami-i-oyi-katieghoriyi-1-posada','2018-03-05 18:18:13','2018-03-05 18:18:13','2018-04-12 08:50:57',871,'roman','roman','roman',0),(77,'Результат проведеного конкурсу','Результат проведеного конкурсу','<div>За результатами проведеного конкурсу на заміщення вакантної посади артистки драми І-ої категорії Комунального закладу «Черкаський академічний обласний український музично- раматичний театр імені Т.Г.Шевченка Черкаської обласної ради» рішенням конкурсної комісії /протокол № 2 від 20.03.2018/ переможцем конкурсу було визначено КЛОЧКО Анну Вікторівну.</div>','riezul-tat-proviedienogho-konkursu','2018-03-23 17:05:02','2018-03-23 17:05:02','2018-04-12 08:50:57',872,'roman','roman','roman',0),(78,'КОНКУРС НА ЗАМІЩЕННЯ ВАКАНТНОЇ ПОСАДИ','КОНКУРС НА ЗАМІЩЕННЯ ВАКАНТНОЇ ПОСАДИ - АРТИСТКА  БАЛЕТУ ВИЩОЇ КАТЕГОРІЇ  - 1 ПОСАДА','<p><b>Комунальний заклад\r\n«Черкаський академічний обласний український музично-драматичний театр імені\r\nТ.Г.Шевченка Черкаської обласної ради»</b><span> (м. Черкаси\r\nбул. Шевченка, 234) оголошує конкурс на заміщення вакантної посади <b>артистки балету вищої категорії - 1 посада.</b></span></p>\r\n\r\n<p><span>&nbsp;&nbsp;&nbsp;&nbsp; Кваліфікаційні\r\nвимоги претендентів: <b>повна вища освіта відповідного напряму підготовки (магістр,\r\nспеціаліст) та підвищення кваліфікації. Стаж роботи за професією артиста балету\r\nI категорії не менше 3 років.</b></span></p>\r\n\r\n<p><span>Документи подаються за адресою: <b>18001, м. Черкаси бул. Шевченка, 234.</b></span></p>\r\n\r\n<p><span>Кінцевий\r\nтермін подання документів – <b>02 жовтня\r\n2018 року.</b></span></p>\r\n\r\n<p>Перелік\r\nдокументів, що подаються претендентами для участі в конкурсі:</p>\r\n\r\n<p>-&nbsp;&nbsp;&nbsp;&nbsp;&nbsp;&nbsp;&nbsp;\r\n<b>заява про участь в конкурсі у довільній формі;</b></p>\r\n\r\n<p>-&nbsp;&nbsp;&nbsp;&nbsp;&nbsp;&nbsp;&nbsp;\r\n<b>особовий листок з обліку кадрів з вклеєною фотокарткою;</b></p>\r\n\r\n<p>-&nbsp;&nbsp;&nbsp;&nbsp;&nbsp;&nbsp;&nbsp;\r\n<b>копія документа, що посвідчує особу;</b></p>\r\n\r\n<p>-&nbsp;&nbsp;&nbsp;&nbsp;&nbsp;&nbsp;&nbsp;\r\n<b>копія трудової книжки;</b></p>\r\n\r\n<p>-&nbsp;&nbsp;&nbsp;&nbsp;&nbsp;&nbsp;&nbsp;\r\n<b>копія документа про освіту за відповідною спеціальністю;</b></p>\r\n\r\n<p>-&nbsp;&nbsp;&nbsp;&nbsp;&nbsp;&nbsp;&nbsp;\r\n<b>творче резюме, портфоліо.</b></p>\r\n\r\n<p><span>Конкурс\r\nпроводиться <b>04 жовтня 2018 року за\r\nадресою м. Черкаси, бул. Шевченка, 234.</b></span></p>\r\n\r\n<p>Для\r\nдовідок з питань проведення конкурсу:</p>\r\n\r\n<p><span>телефон/факс:\r\n<b>(0472) 36-07-20</b></span></p>\r\n\r\n<p>адреса\r\nелектронної пошти: <b>theatre</b><b>_</b><b>cherkasy</b><b>@</b><b>uch</b><b>.</b><b>net</b><b></b></p>','konkurs-na-zamishchiennia-vakantnoyi-posadi','2018-04-12 08:25:58','2018-10-01 09:09:39',NULL,875,'roman','roman',NULL,0),(79,'ПОДЯКА ВІД ПОЛЬСЬКОЇ ГРОМАДИ ЧЕРКАЩИНИ','ПОДЯКА ВІД ПОЛЬСЬКОЇ ГРОМАДИ ЧЕРКАЩИНИ','<p>Шановний Петре Петровичу!</p>\r\n\r\n<p>15&nbsp; березня&nbsp;\r\nвідбулась&nbsp; конференція,&nbsp; присвячена&nbsp;\r\n155&nbsp; річниці&nbsp; Січневого повстання.&nbsp; У&nbsp;\r\nзаході&nbsp; взяло&nbsp; участь&nbsp;\r\nбільше&nbsp; 150&nbsp; представників&nbsp;\r\nрайонів&nbsp; і&nbsp; міст Черкащини,&nbsp; науковці,&nbsp;\r\nдіячі&nbsp; культури&nbsp; та&nbsp;\r\nпольська&nbsp; громада.&nbsp; Також&nbsp;\r\nдо&nbsp; заходу приєднався&nbsp; керівник&nbsp;\r\nКонсульського&nbsp; відділу&nbsp; Посольства&nbsp;\r\nРеспубліки&nbsp; Польща&nbsp; у Києві пан Томаш Дедерко.</p>\r\n\r\n<p>Друга&nbsp; частина&nbsp;\r\nзаходу&nbsp; передбачала&nbsp; концерт&nbsp;\r\nпольської&nbsp; пісні&nbsp; та&nbsp;\r\nмузики, організований&nbsp;\r\nартистами&nbsp; Черкаського&nbsp; музично-драматичного&nbsp; театру&nbsp;\r\nім.&nbsp; Т.&nbsp; Г. Шевченка.&nbsp;Від&nbsp; імені&nbsp;\r\nпольської&nbsp; громади&nbsp; Черкащини&nbsp;\r\nхочу&nbsp; висловити&nbsp; подяку&nbsp;\r\nза професійно&nbsp; підготований&nbsp;\r\nі&nbsp; з&nbsp; душею&nbsp;\r\nвиконаний&nbsp; концерт.&nbsp; Виконання&nbsp;\r\nтворів польських&nbsp; авторів,&nbsp; зокрема&nbsp;\r\nпольською&nbsp; мовою&nbsp; приємно&nbsp;\r\nвразили&nbsp; учасників конференції.</p>\r\n\r\n<p>Артисти&nbsp; театру&nbsp;\r\nпоказали&nbsp; високий&nbsp; рівень&nbsp;\r\nпрофесіоналізму&nbsp; і&nbsp;відповідальність,&nbsp; завдяки яким концерт відбувся на найвищому\r\nрівні і у чудовій атмосфері.&nbsp;</p><p>Прошу\r\nпереказати подяку всім, хто сприяв проведенню концерту.</p>\r\n\r\n<p>&nbsp;</p>\r\n\r\n<p>З\r\nповагою та надією на продовження співробітництва,</p>\r\n\r\n<p>Голова\r\nПравління&nbsp;&nbsp;&nbsp;&nbsp;&nbsp;&nbsp;&nbsp;&nbsp;&nbsp;&nbsp;&nbsp;&nbsp;&nbsp;&nbsp;&nbsp;&nbsp;&nbsp;&nbsp;&nbsp;&nbsp;&nbsp;&nbsp;&nbsp;&nbsp;&nbsp;&nbsp;&nbsp;&nbsp;&nbsp;&nbsp;&nbsp;&nbsp;&nbsp;&nbsp;&nbsp;\r\nГеннадій Лінєвич</p><br>','podiaka-vid-pol-s-koyi-gromadi-chierkashchini','2018-04-12 08:47:55','2018-04-12 08:47:55','2018-10-01 09:12:04',878,'roman','roman','roman',0),(80,'Результати конкурсу','Переможцем конкурсу було визначено ФОМЕНКО Карину Юріївну.','За результатами проведеного конкурсу на заміщення вакантної посади артистки балету І-ої  категорії Комунального закладу «Черкаський академічний обласний український музично-драматичний театр імені Т.Г.Шевченка Черкаської обласної ради» рішенням конкурсної комісії /протокол № 2 від 30.08.2018/ переможцем конкурсу було визначено ФОМЕНКО Карину Юріївну.','riezul-tati-konkursu','2018-05-04 13:00:11','2018-09-18 10:51:11','2018-10-01 09:11:43',879,'roman','roman','roman',0),(81,'Новина','Тут стислий опис','Тут багато опису','novina','2018-09-02 22:09:33','2018-09-02 22:09:33','2018-09-02 22:10:02',NULL,'sergey','sergey','sergey',0),(82,'МІЖНАРОДНИЙ ДЕНЬ ПАМ\'ЯТІ ЖЕРТВ ФАШИЗМУ','День пам’яті жертв фашизму - це День пам’яті десятків мільйонів людей, які загинули в результаті гігантського, нелюдського експерименту.','<div><div>День пам’яті жертв фашизму - це День пам’яті десятків мільйонів людей, які загинули в результаті гігантського, нелюдського експерименту. Це мільйони солдатів, яких фашистські лідери зіштовхнули один з одним, але ще більше - мирних жителів, які гинули під бомбами, від хвороб і від голоду.</div><div>Немає такої країни, яка б виграла від правління нацистів, немає такої нації, яка б збагатилася матеріально або духовно в результаті їх володарювання. Найстрашніша ідеологія - та, яка робить людину винуватою від народження тільки за кров, яка тече в її жилах. Ідеологія нацизму принесла руйнування як тим, хто її вигодував, так і тим, хто їй протистояв. Півстоліття тому величезну нацистську машину вдалося зупинити і зруйнувати. Солдати різних національностей билися пліч-о-пліч і перемогли.</div><div><div></div></div><div>З 1962 року було прийнято вважати кожну другу неділю вересня Міжнародним днем пам’яті жертв фашизму. Цей день був визначений саме у вересні, тому що на цей місяць припадає дві пов’язані з Другою світовою війною дати - день її початку і її повного завершення. Це стало однією з причин встановлення дня жалоби на вересневу неділю.</div><div>Міжнародний день пам’яті в кожній країні, яка прийняла участь у Другій світовій війні, відзначається не тільки скасуванням розважальних заходів, урочистостей, що випадають на цю дату, але і відвідуванням пам’ятників, меморіалів, кладовищ (у багатьох країнах у цей день прийнято доглядати за безіменними, покинутими могилами).</div></div><div>В 2018 році День пам’яті жертв фашизму припадає на 9 вересня.</div>','mizhnarodnii-dien-pam-iati-zhiertv-fashizmu','2018-09-18 10:50:01','2018-09-18 10:51:20','2018-10-01 09:11:31',895,'roman','roman','roman',1),(83,'КОНКУРС','Конкурс на заміщення вакантної посади артист оркестру вищої категорії (труба)  - 1 посада.','<p></p><p><b>Комунальний заклад\r\n«Черкаський академічний обласний український музично-драматичний театр імені\r\nТ.Г.Шевченка Черкаської обласної ради»</b> (м. Черкаси\r\nбул. Шевченка, 234) оголошує конкурс на заміщення вакантної посади:</p>\r\n\r\n<p>-&nbsp;&nbsp;&nbsp;&nbsp;&nbsp;&nbsp;&nbsp;\r\n<b>артист оркестру вищої категорії (труба)&nbsp;\r\n- 1 посада.</b></p>\r\n\r\n<p><b>Кваліфікаційні\r\nвимоги</b>: повна вища освіта\r\nвідповідного напряму підготовки (магістр, спеціаліст) та підвищення\r\nкваліфікації. Стаж роботи за професією артиста оркестру (театру) не менше 3\r\nроків.</p>\r\n\r\n<p><b>Спеціальні\r\nкваліфікаційні вимоги: </b><span>відмінні\r\nмузичні здібності; високий рівень техніки та музичної культури виконання;\r\nдосконале володіння навичками читання оркестрових партій з листа; виконання\r\nсольних партій по своїй групі інструментів.<b></b></span></p>\r\n\r\n<p><span>&nbsp;&nbsp;&nbsp;&nbsp; Документи\r\nподаються за адресою: <b>18001, м. Черкаси\r\nбул. Шевченка, 234.</b></span></p>\r\n\r\n<p><span>Кінцевий\r\nтермін подання документів – <b>12 жовтня\r\n2018 року.</b></span></p>\r\n\r\n<p>Перелік\r\nдокументів, що подаються претендентами для участі в конкурсі:</p>\r\n\r\n<p>-&nbsp;&nbsp;&nbsp;&nbsp;&nbsp;&nbsp;&nbsp;\r\n<b>заява про участь в конкурсі у довільній формі;</b></p>\r\n\r\n<p>-&nbsp;&nbsp;&nbsp;&nbsp;&nbsp;&nbsp;&nbsp;\r\n<b>особовий листок з обліку кадрів з вклеєною фотокарткою;</b></p>\r\n\r\n<p>-&nbsp;&nbsp;&nbsp;&nbsp;&nbsp;&nbsp;&nbsp;\r\n<b>копія документа, що посвідчує особу;</b></p>\r\n\r\n<p>-&nbsp;&nbsp;&nbsp;&nbsp;&nbsp;&nbsp;&nbsp;\r\n<b>копія трудової книжки;</b></p>\r\n\r\n<p>-&nbsp;&nbsp;&nbsp;&nbsp;&nbsp;&nbsp;&nbsp;\r\n<b>копія документа про освіту за відповідною спеціальністю;</b></p>\r\n\r\n<p>-&nbsp;&nbsp;&nbsp;&nbsp;&nbsp;&nbsp;&nbsp;\r\n<b>творче резюме.</b></p>\r\n\r\n<p><span>Конкурс\r\nпроводиться <b>17 жовтня 2017 року за\r\nадресою м. Черкаси, бул. Шевченка, 234.</b></span></p>\r\n\r\n<p>Для\r\nдовідок з питань проведення конкурсу:</p>\r\n\r\n<p><span>телефон/факс:\r\n<b>(0472) 36-07-20</b></span></p>\r\n\r\n<p>адреса\r\nелектронної пошти: <b>theatre</b><b>_</b><b>cherkasy</b><b>@</b><b>uch</b><b>.</b><b>net</b><b></b></p><br><p></p>','konkurs','2018-10-01 09:05:04','2018-10-08 10:26:12',NULL,896,'roman','roman',NULL,0),(84,'РЕЗУЛЬТАТ КОНКУРСУ','ПЕРЕМОЖЦЕМ КОНКУРСУ БУЛО ВИЗНАЧЕНО БУРЛАКОВУ ЛІЛІЮ АНАТОЛІЇВНУ','<p>ЗА\r\nРЕЗУЛЬТАТАМИ ПРОВЕДЕНОГО КОНКУРСУ НА ЗАМІЩЕННЯ ВАКАНТНОЇ ПОСАДИ АРТИСТКИ БАЛЕТУ\r\nВИЩОЇ&nbsp; КАТЕГОРІЇ КОМУНАЛЬНОГО ЗАКЛАДУ\r\n«ЧЕРКАСЬКИЙ АКАДЕМІЧНИЙ ОБЛАСНИЙ УКРАЇНСЬКИЙ МУЗИЧНО-ДРАМАТИЧНИЙ ТЕАТР ІМЕНІ\r\nТ.Г.ШЕВЧЕНКА ЧЕРКАСЬКОЇ ОБЛАСНОЇ РАДИ» РІШЕННЯМ КОНКУРСНОЇ КОМІСІЇ /ПРОТОКОЛ №\r\n2 ВІД 04.10.2018/ ПЕРЕМОЖЦЕМ КОНКУРСУ БУЛО ВИЗНАЧЕНО БУРЛАКОВУ ЛІЛІЮ\r\nАНАТОЛІЇВНУ.</p>','riezul-tat-konkursu','2018-10-05 12:05:26','2018-10-05 12:05:26',NULL,898,'roman','roman',NULL,0),(85,'КОНКУРС НА ЗАМІЩЕННЯ ВАКАНТНОЇ ПОСАДИ','КОНКУРС НА ЗАМІЩЕННЯ ВАКАНТНОЇ ПОСАДИ АРТИСТА  ДРАМИ ВИЩОЇ КАТЕГОРІЇ  - 1 ПОСАДА.','<p><b>Комунальний заклад\r\n«Черкаський академічний обласний український музично-драматичний театр імені\r\nТ.Г.Шевченка Черкаської обласної ради»</b><span> (м. Черкаси\r\nбул. Шевченка, 234) оголошує конкурс на заміщення вакантної посади <b>артиста &nbsp;драми вищої категорії &nbsp;- 1 посада.</b></span></p>\r\n\r\n<p><span>Кваліфікаційні вимоги претендентів: <b>повна вища освіта відповідного напряму підготовки (магістр,\r\nспеціаліст) та підвищення кваліфікації. Стаж роботи за професією артиста драми\r\nI категорії не менше 3 років.</b></span></p>\r\n\r\n<p><span>Документи подаються за адресою: <b>18001, м. Черкаси бул. Шевченка, 234.</b></span></p>\r\n\r\n<p><span>Кінцевий\r\nтермін подання документів – <b>20 жовтня\r\n2018 року.</b></span></p>\r\n\r\n<p>Перелік\r\nдокументів, що подаються претендентами для участі в конкурсі:</p>\r\n\r\n<p>-&nbsp;&nbsp;&nbsp;&nbsp;&nbsp;&nbsp;&nbsp;\r\n<b>заява про участь в конкурсі у довільній формі;</b></p>\r\n\r\n<p>-&nbsp;&nbsp;&nbsp;&nbsp;&nbsp;&nbsp;&nbsp;\r\n<b>особовий листок з обліку кадрів з вклеєною фотокарткою;</b></p>\r\n\r\n<p>-&nbsp;&nbsp;&nbsp;&nbsp;&nbsp;&nbsp;&nbsp;\r\n<b>копія документа, що посвідчує особу;</b></p>\r\n\r\n<p>-&nbsp;&nbsp;&nbsp;&nbsp;&nbsp;&nbsp;&nbsp;\r\n<b>копія трудової книжки;</b></p>\r\n\r\n<p>-&nbsp;&nbsp;&nbsp;&nbsp;&nbsp;&nbsp;&nbsp;\r\n<b>копія документа про освіту за відповідною спеціальністю;</b></p>\r\n\r\n<p>-&nbsp;&nbsp;&nbsp;&nbsp;&nbsp;&nbsp;&nbsp;\r\n<b>творче резюме, портфоліо.</b></p>\r\n\r\n<p><span>Конкурс\r\nпроводиться <b>24 жовтня 2018 року за\r\nадресою м. Черкаси, бул. Шевченка, 234.</b></span></p>\r\n\r\n<p>Для\r\nдовідок з питань проведення конкурсу:</p>\r\n\r\n<p><span>телефон/факс:\r\n<b>(0472) 36-07-20</b></span></p>\r\n\r\n<p>адреса\r\nелектронної пошти: <b>theatre</b><b>_</b><b>cherkasy</b><b>@</b><b>uch</b><b>.</b><b>net</b><b></b></p>','konkurs-na-zamishchiennia-vakantnoyi-posadi-1','2018-10-08 10:22:57','2018-10-08 10:22:57',NULL,899,'roman','roman',NULL,0),(86,'КОНКУРС НА ЗАМІЩЕННЯ ВАКАНТНОЇ ПОСАДИ','КОНКУРС НА ЗАМІЩЕННЯ ВАКАНТНОЇ ПОСАДИ АРТИСТА БАЛЕТУ І-ОЇ КАТЕГОРІЇ - 1 ПОСАДА.','<p><b>Комунальний заклад\r\n«Черкаський академічний обласний український музично-драматичний театр імені\r\nТ.Г.Шевченка Черкаської обласної ради»</b><span> (м. Черкаси\r\nбул. Шевченка, 234) оголошує конкурс на заміщення вакантної посади <b>артиста балету І-ої категорії - 1 посада.</b></span></p>\r\n\r\n<p><span>&nbsp;&nbsp;&nbsp;&nbsp; Кваліфікаційні\r\nвимоги претендентів: <b>повна або базова вища освіта\r\nвідповідного напряму підготовки (магістр, спеціаліст або бакалавр) та\r\nпідвищення кваліфікації; для магістра - без вимог до стажу роботи, для\r\nспеціаліста - стаж роботи за професією артиста балету II категорії не менше 2\r\nроків, бакалавра - не менше 3 років.</b></span></p>\r\n\r\n<p><span>Документи подаються за адресою: <b>18001, м. Черкаси бул. Шевченка, 234.</b></span></p>\r\n\r\n<p><span>Кінцевий\r\nтермін подання документів – <b>20 жовтня\r\n2018 року.</b></span></p>\r\n\r\n<p>Перелік\r\nдокументів, що подаються претендентами для участі в конкурсі:</p>\r\n\r\n<p>-&nbsp;&nbsp;&nbsp;&nbsp;&nbsp;&nbsp;&nbsp;\r\n<b>заява про участь в конкурсі у довільній формі;</b></p>\r\n\r\n<p>-&nbsp;&nbsp;&nbsp;&nbsp;&nbsp;&nbsp;&nbsp;\r\n<b>особовий листок з обліку кадрів з вклеєною фотокарткою;</b></p>\r\n\r\n<p>-&nbsp;&nbsp;&nbsp;&nbsp;&nbsp;&nbsp;&nbsp;\r\n<b>копія документа, що посвідчує особу;</b></p>\r\n\r\n<p>-&nbsp;&nbsp;&nbsp;&nbsp;&nbsp;&nbsp;&nbsp;\r\n<b>копія трудової книжки;</b></p>\r\n\r\n<p>-&nbsp;&nbsp;&nbsp;&nbsp;&nbsp;&nbsp;&nbsp;\r\n<b>копія документа про освіту за відповідною спеціальністю;</b></p>\r\n\r\n<p>-&nbsp;&nbsp;&nbsp;&nbsp;&nbsp;&nbsp;&nbsp;\r\n<b>творче резюме, портфоліо.</b></p>\r\n\r\n<p><span>Конкурс\r\nпроводиться <b>25 жовтня 2018 року за\r\nадресою м. Черкаси, бул. Шевченка, 234.</b></span></p>\r\n\r\n<p>Для\r\nдовідок з питань проведення конкурсу:</p>\r\n\r\n<p><span>телефон/факс:\r\n<b>(0472) 36-07-20</b></span></p>\r\n\r\n<p>адреса\r\nелектронної пошти: <b>theatre</b><b>_</b><b>cherkasy</b><b>@</b><b>uch</b><b>.</b><b>net</b><b></b></p>','konkurs-na-zamishchiennia-vakantnoyi-posadi-2','2018-10-08 10:25:48','2018-10-08 10:25:48',NULL,900,'roman','roman',NULL,0),(87,'РЕЗУЛЬТАТ КОНКУРСУ','РІШЕННЯМ КОНКУРСНОЇ КОМІСІЇ /ПРОТОКОЛ № 2 ВІД 17.10.2018/ ПЕРЕМОЖЦЕМ КОНКУРСУ БУЛО ВИЗНАЧЕНО КИРИЧЕНКА ВАЛЕРІЯ МИКОЛАЙОВИЧА.','<p></p><p>ЗА\r\nРЕЗУЛЬТАТАМИ ПРОВЕДЕНОГО КОНКУРСУ НА ЗАМІЩЕННЯ ВАКАНТНОЇ ПОСАДИ АРТИСТА\r\nОРКЕСТРУ ВИЩОЇ КАТЕГОРІЇ (ТРУБА) КОМУНАЛЬНОГО ЗАКЛАДУ «ЧЕРКАСЬКИЙ АКАДЕМІЧНИЙ\r\nОБЛАСНИЙ УКРАЇНСЬКИЙ МУЗИЧНО-ДРАМАТИЧНИЙ ТЕАТР ІМЕНІ Т.Г.ШЕВЧЕНКА ЧЕРКАСЬКОЇ\r\nОБЛАСНОЇ РАДИ» РІШЕННЯМ КОНКУРСНОЇ КОМІСІЇ /ПРОТОКОЛ № 2 ВІД 17.10.2018/\r\nПЕРЕМОЖЦЕМ КОНКУРСУ БУЛО ВИЗНАЧЕНО КИРИЧЕНКА ВАЛЕРІЯ МИКОЛАЙОВИЧА.</p><br><p></p>','riezul-tat-konkursu-1','2018-10-17 15:38:58','2018-10-17 15:38:58',NULL,901,'roman','roman',NULL,0),(88,'РЕЗУЛЬТАТ КОНКУРСУ','ПЕРЕМОЖЦЕМ КОНКУРСУ БУЛО ВИЗНАЧЕНО ГОЛУБЧЕНКА ПЕТРА ВАСИЛЬОВИЧА.','<p>За\r\nрезультатами проведеного конкурсу на заміщення вакантної посади артиста драми вищої\r\nкатегорії Комунального закладу «Черкаський академічний обласний український\r\nмузично-драматичний театр імені Т.Г.Шевченка Черкаської обласної ради» рішенням\r\nконкурсної комісії /протокол № 2 від 24.10.2018/ переможцем конкурсу було\r\nвизначено Голубченка Петра Васильовича.</p>','riezul-tat-konkursu-2','2018-10-29 10:26:48','2018-10-29 10:26:48',NULL,902,'roman','roman',NULL,0),(89,'РЕЗУЛЬТАТ КОНКУРСУ','ПЕРЕМОЖЦЕМ КОНКУРСУ БУЛО ВИЗНАЧЕНО КОВАЛЕНКА СЕРГІЯ ІГОРОВИЧА.','<p>За\r\nрезультатами проведеного конкурсу на заміщення вакантної посади артиста балету І-ої\r\n&nbsp;категорії Комунального закладу\r\n«Черкаський академічний обласний український музично-драматичний театр імені\r\nТ.Г.Шевченка Черкаської обласної ради» рішенням конкурсної комісії /протокол №\r\n2 від 25.10.2018/ переможцем конкурсу було визначено КОВАЛЕНКА Сергія Ігоровича.</p>','riezul-tat-konkursu-3','2018-10-29 10:28:38','2018-10-29 10:28:38',NULL,903,'roman','roman',NULL,0),(90,'КОНКУРС НА ЗАМІЩЕННЯ ВАКАНТНОЇ ПОСАДИ','КОНКУРС НА ЗАМІЩЕННЯ ВАКАНТНОЇ ПОСАДИ АРТИСТ  ДРАМИ І-ОЇ КАТЕГОРІЇ  - 1 ПОСАДА','<p><b>Комунальний заклад\r\n«Черкаський академічний обласний український музично-драматичний театр імені\r\nТ.Г.Шевченка Черкаської обласної ради»</b><span> (м. Черкаси\r\nбул. Шевченка, 234) оголошує конкурс на заміщення вакантної посади <b>артист &nbsp;драми І-ої категорії &nbsp;- 1 посада.</b></span></p>\r\n\r\n<p><span>Кваліфікаційні вимоги претендентів: <b>повна або базова вища освіта відповідного\r\nнапряму підготовки (магістр, спеціаліст, бакалавр) та підвищення кваліфікації;\r\nдля магістра – без&nbsp; вимог до стажу\r\nроботи, спеціаліста – стаж&nbsp; роботи за\r\nпрофесією артиста драми </b></span><b>II категорії не\r\nменше 2 років, бакалавра – не&nbsp; менше 3\r\nроки.</b></p>\r\n\r\n<p><span>Документи\r\nподаються за адресою: <b>18001, м. Черкаси\r\nбул. Шевченка, 234.</b></span></p>\r\n\r\n<p><span>Кінцевий\r\nтермін подання документів – <b>21 листопада\r\n2018 року.</b></span></p>\r\n\r\n<p>Перелік\r\nдокументів, що подаються претендентами для участі в конкурсі:</p>\r\n\r\n<p>-&nbsp;&nbsp;&nbsp;&nbsp;&nbsp;&nbsp;&nbsp;\r\n<b>заява про участь в конкурсі у довільній формі;</b></p>\r\n\r\n<p>-&nbsp;&nbsp;&nbsp;&nbsp;&nbsp;&nbsp;&nbsp;\r\n<b>особовий листок з обліку кадрів з вклеєною фотокарткою;</b></p>\r\n\r\n<p>-&nbsp;&nbsp;&nbsp;&nbsp;&nbsp;&nbsp;&nbsp;\r\n<b>копія документа, що посвідчує особу;</b></p>\r\n\r\n<p>-&nbsp;&nbsp;&nbsp;&nbsp;&nbsp;&nbsp;&nbsp;\r\n<b>копія трудової книжки;</b></p>\r\n\r\n<p>-&nbsp;&nbsp;&nbsp;&nbsp;&nbsp;&nbsp;&nbsp;\r\n<b>копія документа про освіту за відповідною спеціальністю;</b></p>\r\n\r\n<p>-&nbsp;&nbsp;&nbsp;&nbsp;&nbsp;&nbsp;&nbsp;\r\n<b>творче резюме, портфоліо.</b></p>\r\n\r\n<p><span>Конкурс\r\nпроводиться <b>27 листопада 2018 року за\r\nадресою м. Черкаси, бул. Шевченка, 234.</b></span></p>\r\n\r\n<p>Для\r\nдовідок з питань проведення конкурсу:</p>\r\n\r\n<p><span>телефон/факс:\r\n<b>(0472) 36-07-20</b></span></p>\r\n\r\n<p>адреса\r\nелектронної пошти: <b>theatre</b><b>_</b><b>cherkasy</b><b>@</b><b>uch</b><b>.</b><b>net</b><b></b></p>','konkurs-na-zamishchiennia-vakantnoyi-posadi-3','2018-11-06 15:49:29','2018-11-06 15:49:29',NULL,904,'roman','roman',NULL,0),(91,'ПЕРЕМОЖЦЕМ КОНКУРСУ БУЛО ВИЗНАЧЕНО КАШЕЇДУ МИКОЛУ АНАТОЛІЙОВИЧА','ПЕРЕМОЖЦЕМ КОНКУРСУ БУЛО ВИЗНАЧЕНО КАШЕЇДУ МИКОЛУ АНАТОЛІЙОВИЧА','<p>ЗА\r\nРЕЗУЛЬТАТАМИ ПРОВЕДЕНОГО КОНКУРСУ НА ЗАМІЩЕННЯ ВАКАНТНОЇ ПОСАДИ АРТИСТА ДРАМИ\r\nІ-ОЇ КАТЕГОРІЇ КОМУНАЛЬНОГО ЗАКЛАДУ «ЧЕРКАСЬКИЙ АКАДЕМІЧНИЙ ОБЛАСНИЙ\r\nУКРАЇНСЬКИЙ МУЗИЧНО-ДРАМАТИЧНИЙ ТЕАТР ІМЕНІ Т.Г.ШЕВЧЕНКА ЧЕРКАСЬКОЇ ОБЛАСНОЇ\r\nРАДИ» РІШЕННЯМ КОНКУРСНОЇ КОМІСІЇ /ПРОТОКОЛ № 2 ВІД 27.11.2018/ ПЕРЕМОЖЦЕМ\r\nКОНКУРСУ БУЛО ВИЗНАЧЕНО КАШЕЇДУ МИКОЛУ АНАТОЛІЙОВИЧА.</p>','pieriemozhtsiem-konkursu-bulo-viznachieno-kashieyidu-mikolu-anatoliiovicha','2018-11-27 22:11:51','2018-11-27 22:11:51',NULL,905,'roman','roman',NULL,0),(92,'КОНКУРС НА ЗАМІЩЕННЯ ВАКАНТНОЇ ПОСАДИ','КОНКУРС НА ЗАМІЩЕННЯ ВАКАНТНОЇ ПОСАДИ АРТИСТ  ДРАМИ І-ОЇ КАТЕГОРІЇ  - 1 ПОСАДА.','<p><b>КОМУНАЛЬНИЙ\r\nЗАКЛАД «ЧЕРКАСЬКИЙ АКАДЕМІЧНИЙ ОБЛАСНИЙ УКРАЇНСЬКИЙ МУЗИЧНО-ДРАМАТИЧНИЙ ТЕАТР\r\nІМЕНІ Т.Г.ШЕВЧЕНКА ЧЕРКАСЬКОЇ ОБЛАСНОЇ РАДИ»</b><span> (М. ЧЕРКАСИ БУЛ. ШЕВЧЕНКА, 234) ОГОЛОШУЄ КОНКУРС НА\r\nЗАМІЩЕННЯ ВАКАНТНОЇ ПОСАДИ <b>АРТИСТ&nbsp; ДРАМИ І-ОЇ КАТЕГОРІЇ &nbsp;- 1 ПОСАДА.</b></span></p>\r\n\r\n<p><span>КВАЛІФІКАЦІЙНІ ВИМОГИ\r\nПРЕТЕНДЕНТІВ: <b>ПОВНА АБО БАЗОВА ВИЩА\r\nОСВІТА ВІДПОВІДНОГО НАПРЯМУ ПІДГОТОВКИ (МАГІСТР, СПЕЦІАЛІСТ, БАКАЛАВР) ТА\r\nПІДВИЩЕННЯ КВАЛІФІКАЦІЇ; ДЛЯ МАГІСТРА – БЕЗ&nbsp;\r\nВИМОГ ДО СТАЖУ РОБОТИ, СПЕЦІАЛІСТА – СТАЖ&nbsp; РОБОТИ ЗА ПРОФЕСІЄЮ АРТИСТА ДРАМИ </b></span><b>II</b><b> КАТЕГОРІЇ НЕ МЕНШЕ 2 РОКІВ, БАКАЛАВРА –\r\nНЕ&nbsp; МЕНШЕ 3 РОКИ.</b></p>\r\n\r\n<p><span>ДОКУМЕНТИ ПОДАЮТЬСЯ ЗА АДРЕСОЮ: <b>18001, М. ЧЕРКАСИ БУЛ. ШЕВЧЕНКА, 234.</b></span></p>\r\n\r\n<p><span>КІНЦЕВИЙ ТЕРМІН ПОДАННЯ ДОКУМЕНТІВ – <b>21 ГРУДНЯ 2018 РОКУ.</b></span></p>\r\n\r\n<p>ПЕРЕЛІК ДОКУМЕНТІВ, ЩО ПОДАЮТЬСЯ ПРЕТЕНДЕНТАМИ ДЛЯ\r\nУЧАСТІ В КОНКУРСІ:</p>\r\n\r\n<p>-&nbsp;&nbsp;&nbsp;&nbsp;&nbsp;&nbsp;&nbsp;\r\n<b>ЗАЯВА ПРО УЧАСТЬ В КОНКУРСІ У ДОВІЛЬНІЙ ФОРМІ;</b></p>\r\n\r\n<p>-&nbsp;&nbsp;&nbsp;&nbsp;&nbsp;&nbsp;&nbsp;\r\n<b>ОСОБОВИЙ ЛИСТОК З ОБЛІКУ КАДРІВ З ВКЛЕЄНОЮ\r\nФОТОКАРТКОЮ;</b></p>\r\n\r\n<p>-&nbsp;&nbsp;&nbsp;&nbsp;&nbsp;&nbsp;&nbsp;\r\n<b>КОПІЯ ДОКУМЕНТА, ЩО ПОСВІДЧУЄ ОСОБУ;</b></p>\r\n\r\n<p>-&nbsp;&nbsp;&nbsp;&nbsp;&nbsp;&nbsp;&nbsp;\r\n<b>КОПІЯ ТРУДОВОЇ КНИЖКИ;</b></p>\r\n\r\n<p>-&nbsp;&nbsp;&nbsp;&nbsp;&nbsp;&nbsp;&nbsp;\r\n<b>КОПІЯ ДОКУМЕНТА ПРО ОСВІТУ ЗА ВІДПОВІДНОЮ\r\nСПЕЦІАЛЬНІСТЮ;</b></p>\r\n\r\n<p>-&nbsp;&nbsp;&nbsp;&nbsp;&nbsp;&nbsp;&nbsp;\r\n<b>ТВОРЧЕ РЕЗЮМЕ, ПОРТФОЛІО.</b></p>\r\n\r\n<p><span>КОНКУРС ПРОВОДИТЬСЯ <b>26 ГРУДНЯ 2018 РОКУ ЗА АДРЕСОЮ М. ЧЕРКАСИ, БУЛ. ШЕВЧЕНКА, 234.</b></span></p>\r\n\r\n<p>ДЛЯ ДОВІДОК З ПИТАНЬ ПРОВЕДЕННЯ КОНКУРСУ:</p>\r\n\r\n<p><span>ТЕЛЕФОН/ФАКС: <b>(0472)\r\n36-07-20</b></span></p>\r\n\r\n<p>АДРЕСА ЕЛЕКТРОННОЇ ПОШТИ: <b>theatre</b><b>_</b><b>cherkasy</b><b>@</b><b>uch</b><b>.</b><b>net</b><b></b></p>','konkurs-na-zamishchiennia-vakantnoyi-posadi-4','2018-12-06 17:45:16','2019-04-06 13:44:59',NULL,922,'roman','sergey',NULL,0),(93,'Результати проведеного конкурсу','Переможцем конкурсу було визначено Новаченка Олександра Вікторовича.','<p>За\r\nрезультатами проведеного конкурсу на заміщення вакантної посади артиста драми І-ої\r\nкатегорії Комунального закладу «Черкаський академічний обласний український\r\nмузично-драматичний театр імені Т.Г.Шевченка Черкаської обласної ради» рішенням\r\nконкурсної комісії /протокол № 2 від 26.12.2018/ переможцем конкурсу було\r\nвизначено Новаченка Олександра Вікторовича.</p>','riezul-tati-proviedienogho-konkursu','2018-12-27 15:28:17','2018-12-27 15:28:17',NULL,908,'roman','roman',NULL,0),(94,'КОНКУРС НА ЗАМІЩЕННЯ ВАКАНТНОЇ ПОСАДИ АРТИСТ  ДРАМИ ВИЩОЇ КАТЕГОРІЇ (ЧОЛОВІК) - 1 ОДИНИЦЯ.','КОНКУРС НА ЗАМІЩЕННЯ ВАКАНТНОЇ ПОСАДИ АРТИСТ  ДРАМИ ВИЩОЇ КАТЕГОРІЇ (ЧОЛОВІК) - 1 ОДИНИЦЯ.','<p><b>Комунальний заклад\r\n«Черкаський академічний обласний український музично-драматичний театр імені\r\nТ.Г.Шевченка Черкаської обласної ради»</b><span> (м. Черкаси\r\nбул. Шевченка, 234) оголошує конкурс на заміщення вакантної посади <b>артист &nbsp;драми вищої категорії (чоловік) - 1 одиниця.</b></span></p>\r\n\r\n<p><span>Кваліфікаційні вимоги претендентів: <b>повна вища освіта відповідного напряму\r\nпідготовки (магістр, спеціаліст) та підвищення кваліфікації. Стаж роботи за\r\nпрофесією артиста драми I категорії не менше 3 років.</b></span></p>\r\n\r\n<p><span>Документи подаються за адресою: <b>18001, м. Черкаси бул. Шевченка, 234.</b></span></p>\r\n\r\n<p><span>Кінцевий\r\nтермін подання документів – <b>11 квітня\r\n2019 року.</b></span></p>\r\n\r\n<p>Перелік\r\nдокументів, що подаються претендентами для участі в конкурсі:</p>\r\n\r\n<p>-&nbsp;&nbsp;&nbsp;&nbsp;&nbsp;&nbsp;&nbsp;\r\n<b>заява про участь в конкурсі у довільній формі;</b></p>\r\n\r\n<p>-&nbsp;&nbsp;&nbsp;&nbsp;&nbsp;&nbsp;&nbsp;\r\n<b>особовий листок з обліку кадрів з вклеєною фотокарткою;</b></p>\r\n\r\n<p>-&nbsp;&nbsp;&nbsp;&nbsp;&nbsp;&nbsp;&nbsp;\r\n<b>копія документа, що посвідчує особу;</b></p>\r\n\r\n<p>-&nbsp;&nbsp;&nbsp;&nbsp;&nbsp;&nbsp;&nbsp;\r\n<b>копія трудової книжки;</b></p>\r\n\r\n<p>-&nbsp;&nbsp;&nbsp;&nbsp;&nbsp;&nbsp;&nbsp;\r\n<b>копія документа про освіту за відповідною спеціальністю;</b></p>\r\n\r\n<p>-&nbsp;&nbsp;&nbsp;&nbsp;&nbsp;&nbsp;&nbsp;\r\n<b>творче резюме, портфоліо.</b></p>\r\n\r\n<p><span>Конкурс\r\nпроводиться <b>16 квітня 2019 року за\r\nадресою м. Черкаси, бул. Шевченка, 234.</b></span></p>\r\n\r\n<p>Для\r\nдовідок з питань проведення конкурсу:</p>\r\n\r\n<p><span>телефон/факс:\r\n<b>(0472) 36-07-20</b></span></p>\r\n\r\n<p>адреса\r\nелектронної пошти: <b>theatre</b><b>.</b><b>cherkasy</b><b>@</b><b>gmail</b><b>.</b><b>com</b><b></b></p>','konkurs-na-zamishchiennia-vakantnoyi-posadi-artist-drami-vishchoyi-katiegoriyi-cholovik-1-odinitsia','2019-03-26 13:41:27','2019-03-26 13:41:27',NULL,921,'roman','roman',NULL,0),(95,'РЕЗУЛЬТАТИ КОНКУРСУ','ЗА РЕЗУЛЬТАТАМИ ПРОВЕДЕНОГО КОНКУРСУ НА ЗАМІЩЕННЯ ВАКАНТНОЇ ПОСАДИ АРТИСТА ДРАМИ ВИЩОЇ КАТЕГОРІЇ, ПЕРЕМОЖЦЕМ БУЛО ВИЗНАЧЕНО ТЕЛЯТНИКА ОЛ','<p>За\r\nрезультатами проведеного конкурсу на заміщення вакантної посади артиста драми вищої\r\nкатегорії Комунального закладу «Черкаський академічний обласний український\r\nмузично-драматичний театр імені Т.Г.Шевченка Черкаської обласної ради» рішенням\r\nконкурсної комісії /протокол № 2 від 16.04.2019/ переможцем конкурсу було\r\nвизначено Телятника Олега Петровича.</p>','riezul-tati-konkursu','2019-04-18 15:30:00','2019-04-18 15:30:00',NULL,923,'roman','roman',NULL,0),(96,'КОНКУРС НА ЗАМІЩЕННЯ ВАКАНТНОЇ ПОСАДИ','КОНКУРС НА ЗАМІЩЕННЯ ВАКАНТНОЇ ПОСАДИ','<p>КОМУНАЛЬНИЙ\r\nЗАКЛАД «ЧЕРКАСЬКИЙ АКАДЕМІЧНИЙ ОБЛАСНИЙ УКРАЇНСЬКИЙ МУЗИЧНО-ДРАМАТИЧНИЙ ТЕАТР\r\nІМЕНІ Т.Г.ШЕВЧЕНКА ЧЕРКАСЬКОЇ ОБЛАСНОЇ РАДИ» (М. ЧЕРКАСИ БУЛ. ШЕВЧЕНКА, 234)\r\nОГОЛОШУЄ КОНКУРС НА ЗАМІЩЕННЯ ВАКАНТНОЇ ПОСАДИ</p>\r\n\r\n<p>-&nbsp;&nbsp;&nbsp;&nbsp;&nbsp;&nbsp;&nbsp;\r\nАРТИСТ ОРКЕСТРУ І-ОЇ КАТЕГОРІЇ\r\n(ГІТАРА)&nbsp; - 1 ОДИНИЦЯ.</p>\r\n\r\n<p>КВАЛІФІКАЦІЙНІ ВИМОГИ ПРЕТЕНДЕНТІВ:\r\nПОВНА АБО БАЗОВА ВИЩА ОСВІТА ВІДПОВІДНОГО НАПРЯМУ ПІДГОТОВКИ (МАГІСТР,\r\nСПЕЦІАЛІСТ АБО БАКАЛАВР) ТА ПІДВИЩЕННЯ КВАЛІФІКАЦІЇ; ДЛЯ МАГІСТРА - БЕЗ ВИМОГ\r\nДО СТАЖУ РОБОТИ, ДЛЯ СПЕЦІАЛІСТА - СТАЖ РОБОТИ ЗА ПРОФЕСІЄЮ АРТИСТА ОРКЕСТРУ\r\n(ТЕАТРУ) II КАТЕГОРІЇ НЕ МЕНШЕ 2 РОКІВ, БАКАЛАВРА - НЕ МЕНШЕ 3 РОКІВ.</p>\r\n\r\n<p>СПЕЦІАЛЬНІ КВАЛІФІКАЦІЙНІ ВИМОГИ\r\nПРЕТЕНДЕНТІВ: ВІДМІННІ МУЗИЧНІ ЗДІБНОСТІ; ВИСОКИЙ РІВЕНЬ ТЕХНІКИ ТА МУЗИЧНОЇ\r\nКУЛЬТУРИ ВИКОНАННЯ; ДОБРІ НАВИЧКИ ЧИТАННЯ ОРКЕСТРОВИХ ПАРТІЙ З ЛИСТА.</p>\r\n\r\n<p>&nbsp;&nbsp;&nbsp;&nbsp; ДОКУМЕНТИ\r\nПОДАЮТЬСЯ ЗА АДРЕСОЮ: 18001, М. ЧЕРКАСИ БУЛ. ШЕВЧЕНКА, 234.</p>\r\n\r\n<p>КІНЦЕВИЙ\r\nТЕРМІН ПОДАННЯ ДОКУМЕНТІВ – 09 СЕРПНЯ 2019 РОКУ.</p>\r\n\r\n<p>ПЕРЕЛІК\r\nДОКУМЕНТІВ, ЩО ПОДАЮТЬСЯ ПРЕТЕНДЕНТАМИ ДЛЯ УЧАСТІ В КОНКУРСІ:</p>\r\n\r\n<p>-&nbsp;&nbsp;&nbsp;&nbsp;&nbsp;&nbsp;&nbsp;\r\nЗАЯВА ПРО УЧАСТЬ В КОНКУРСІ У\r\nДОВІЛЬНІЙ ФОРМІ;</p>\r\n\r\n<p>-&nbsp;&nbsp;&nbsp;&nbsp;&nbsp;&nbsp;&nbsp;\r\nОСОБОВИЙ ЛИСТОК З ОБЛІКУ КАДРІВ З\r\nВКЛЕЄНОЮ ФОТОКАРТКОЮ;</p>\r\n\r\n<p>-&nbsp;&nbsp;&nbsp;&nbsp;&nbsp;&nbsp;&nbsp;\r\nКОПІЯ ДОКУМЕНТА, ЩО ПОСВІДЧУЄ\r\nОСОБУ;</p>\r\n\r\n<p>-&nbsp;&nbsp;&nbsp;&nbsp;&nbsp;&nbsp;&nbsp;\r\nКОПІЯ ТРУДОВОЇ КНИЖКИ;</p>\r\n\r\n<p>-&nbsp;&nbsp;&nbsp;&nbsp;&nbsp;&nbsp;&nbsp;\r\nКОПІЯ ДОКУМЕНТА ПРО ОСВІТУ ЗА\r\nВІДПОВІДНОЮ СПЕЦІАЛЬНІСТЮ;</p>\r\n\r\n<p>-&nbsp;&nbsp;&nbsp;&nbsp;&nbsp;&nbsp;&nbsp;\r\nТВОРЧЕ РЕЗЮМЕ.</p>\r\n\r\n<p>КОНКУРС\r\nПРОВОДИТЬСЯ 15 СЕРПНЯ 2019 РОКУ ЗА АДРЕСОЮ М. ЧЕРКАСИ, БУЛ. ШЕВЧЕНКА, 234.</p>\r\n\r\n<p>ДЛЯ\r\nДОВІДОК З ПИТАНЬ ПРОВЕДЕННЯ КОНКУРСУ:</p>\r\n\r\n<p>ТЕЛЕФОН/ФАКС:\r\n(0472) 36-07-20</p>\r\n\r\n<p>АДРЕСА\r\nЕЛЕКТРОННОЇ ПОШТИ: THEATRE.CHERKASY@GMAIL.COM</p>','konkurs-na-zamishchiennia-vakantnoyi-posadi-5','2019-07-11 08:26:13','2019-07-11 08:26:13','2019-07-11 09:24:46',935,'roman','roman','roman',0),(97,'КОНКУРС НА ЗАМІЩЕННЯ ВАКАНТНОЇ ПОСАДИ','КОНКУРС НА ЗАМІЩЕННЯ ВАКАНТНОЇ ПОСАДИ','<p>КОМУНАЛЬНИЙ\r\nЗАКЛАД «ЧЕРКАСЬКИЙ АКАДЕМІЧНИЙ ОБЛАСНИЙ УКРАЇНСЬКИЙ МУЗИЧНО-ДРАМАТИЧНИЙ ТЕАТР\r\nІМЕНІ Т.Г.ШЕВЧЕНКА ЧЕРКАСЬКОЇ ОБЛАСНОЇ РАДИ» (М. ЧЕРКАСИ БУЛ. ШЕВЧЕНКА, 234)\r\nОГОЛОШУЄ КОНКУРС НА ЗАМІЩЕННЯ ВАКАНТНОЇ ПОСАДИ</p>\r\n\r\n<p>-&nbsp;&nbsp;&nbsp;&nbsp;&nbsp;&nbsp;&nbsp;\r\nАРТИСТ ОРКЕСТРУ І-ОЇ КАТЕГОРІЇ\r\n(ГІТАРА)&nbsp; - 1 ОДИНИЦЯ.</p>\r\n\r\n<p>КВАЛІФІКАЦІЙНІ ВИМОГИ ПРЕТЕНДЕНТІВ:\r\nПОВНА АБО БАЗОВА ВИЩА ОСВІТА ВІДПОВІДНОГО НАПРЯМУ ПІДГОТОВКИ (МАГІСТР,\r\nСПЕЦІАЛІСТ АБО БАКАЛАВР) ТА ПІДВИЩЕННЯ КВАЛІФІКАЦІЇ; ДЛЯ МАГІСТРА - БЕЗ ВИМОГ\r\nДО СТАЖУ РОБОТИ, ДЛЯ СПЕЦІАЛІСТА - СТАЖ РОБОТИ ЗА ПРОФЕСІЄЮ АРТИСТА ОРКЕСТРУ\r\n(ТЕАТРУ) II КАТЕГОРІЇ НЕ МЕНШЕ 2 РОКІВ, БАКАЛАВРА - НЕ МЕНШЕ 3 РОКІВ.</p>\r\n\r\n<p>СПЕЦІАЛЬНІ КВАЛІФІКАЦІЙНІ ВИМОГИ\r\nПРЕТЕНДЕНТІВ: ВІДМІННІ МУЗИЧНІ ЗДІБНОСТІ; ВИСОКИЙ РІВЕНЬ ТЕХНІКИ ТА МУЗИЧНОЇ\r\nКУЛЬТУРИ ВИКОНАННЯ; ДОБРІ НАВИЧКИ ЧИТАННЯ ОРКЕСТРОВИХ ПАРТІЙ З ЛИСТА.</p>\r\n\r\n<p>&nbsp;&nbsp;&nbsp;&nbsp; ДОКУМЕНТИ\r\nПОДАЮТЬСЯ ЗА АДРЕСОЮ: 18001, М. ЧЕРКАСИ БУЛ. ШЕВЧЕНКА, 234.</p>\r\n\r\n<p>КІНЦЕВИЙ\r\nТЕРМІН ПОДАННЯ ДОКУМЕНТІВ – 09 СЕРПНЯ 2019 РОКУ.</p>\r\n\r\n<p>ПЕРЕЛІК\r\nДОКУМЕНТІВ, ЩО ПОДАЮТЬСЯ ПРЕТЕНДЕНТАМИ ДЛЯ УЧАСТІ В КОНКУРСІ:</p>\r\n\r\n<p>-&nbsp;&nbsp;&nbsp;&nbsp;&nbsp;&nbsp;&nbsp;\r\nЗАЯВА ПРО УЧАСТЬ В КОНКУРСІ У\r\nДОВІЛЬНІЙ ФОРМІ;</p>\r\n\r\n<p>-&nbsp;&nbsp;&nbsp;&nbsp;&nbsp;&nbsp;&nbsp;\r\nОСОБОВИЙ ЛИСТОК З ОБЛІКУ КАДРІВ З\r\nВКЛЕЄНОЮ ФОТОКАРТКОЮ;</p>\r\n\r\n<p>-&nbsp;&nbsp;&nbsp;&nbsp;&nbsp;&nbsp;&nbsp;\r\nКОПІЯ ДОКУМЕНТА, ЩО ПОСВІДЧУЄ\r\nОСОБУ;</p>\r\n\r\n<p>-&nbsp;&nbsp;&nbsp;&nbsp;&nbsp;&nbsp;&nbsp;\r\nКОПІЯ ТРУДОВОЇ КНИЖКИ;</p>\r\n\r\n<p>-&nbsp;&nbsp;&nbsp;&nbsp;&nbsp;&nbsp;&nbsp;\r\nКОПІЯ ДОКУМЕНТА ПРО ОСВІТУ ЗА\r\nВІДПОВІДНОЮ СПЕЦІАЛЬНІСТЮ;</p>\r\n\r\n<p>-&nbsp;&nbsp;&nbsp;&nbsp;&nbsp;&nbsp;&nbsp;\r\nТВОРЧЕ РЕЗЮМЕ.</p>\r\n\r\n<p>КОНКУРС\r\nПРОВОДИТЬСЯ 15 СЕРПНЯ 2019 РОКУ ЗА АДРЕСОЮ М. ЧЕРКАСИ, БУЛ. ШЕВЧЕНКА, 234.</p>\r\n\r\n<p>ДЛЯ\r\nДОВІДОК З ПИТАНЬ ПРОВЕДЕННЯ КОНКУРСУ:</p>\r\n\r\n<p>ТЕЛЕФОН/ФАКС:\r\n(0472) 36-07-20</p>\r\n\r\n<p>АДРЕСА\r\nЕЛЕКТРОННОЇ ПОШТИ: THEATRE.CHERKASY@GMAIL.COM</p>','konkurs-na-zamishchiennia-vakantnoyi-posadi-6','2019-07-11 08:28:22','2019-07-11 08:28:22','2019-07-11 09:24:56',937,'roman','roman','roman',0),(98,'КОНКУРС НА ЗАМІЩЕННЯ ВАКАНТНОЇ ПОСАДИ','КОНКУРС НА ЗАМІЩЕННЯ ВАКАНТНОЇ ПОСАДИ','<p>КОМУНАЛЬНИЙ\r\nЗАКЛАД «ЧЕРКАСЬКИЙ АКАДЕМІЧНИЙ ОБЛАСНИЙ УКРАЇНСЬКИЙ МУЗИЧНО-ДРАМАТИЧНИЙ ТЕАТР\r\nІМЕНІ Т.Г.ШЕВЧЕНКА ЧЕРКАСЬКОЇ ОБЛАСНОЇ РАДИ» (М. ЧЕРКАСИ БУЛ. ШЕВЧЕНКА, 234)\r\nОГОЛОШУЄ КОНКУРС НА ЗАМІЩЕННЯ ВАКАНТНОЇ ПОСАДИ</p>\r\n\r\n<p>-&nbsp;&nbsp;&nbsp;&nbsp;&nbsp;&nbsp;&nbsp;\r\nАРТИСТ ОРКЕСТРУ І-ОЇ КАТЕГОРІЇ\r\n(ГІТАРА)&nbsp; - 1 ОДИНИЦЯ.</p>\r\n\r\n<p>КВАЛІФІКАЦІЙНІ ВИМОГИ ПРЕТЕНДЕНТІВ:\r\nПОВНА АБО БАЗОВА ВИЩА ОСВІТА ВІДПОВІДНОГО НАПРЯМУ ПІДГОТОВКИ (МАГІСТР,\r\nСПЕЦІАЛІСТ АБО БАКАЛАВР) ТА ПІДВИЩЕННЯ КВАЛІФІКАЦІЇ; ДЛЯ МАГІСТРА - БЕЗ ВИМОГ\r\nДО СТАЖУ РОБОТИ, ДЛЯ СПЕЦІАЛІСТА - СТАЖ РОБОТИ ЗА ПРОФЕСІЄЮ АРТИСТА ОРКЕСТРУ\r\n(ТЕАТРУ) II КАТЕГОРІЇ НЕ МЕНШЕ 2 РОКІВ, БАКАЛАВРА - НЕ МЕНШЕ 3 РОКІВ.</p>\r\n\r\n<p>СПЕЦІАЛЬНІ КВАЛІФІКАЦІЙНІ ВИМОГИ\r\nПРЕТЕНДЕНТІВ: ВІДМІННІ МУЗИЧНІ ЗДІБНОСТІ; ВИСОКИЙ РІВЕНЬ ТЕХНІКИ ТА МУЗИЧНОЇ\r\nКУЛЬТУРИ ВИКОНАННЯ; ДОБРІ НАВИЧКИ ЧИТАННЯ ОРКЕСТРОВИХ ПАРТІЙ З ЛИСТА.</p>\r\n\r\n<p>&nbsp;&nbsp;&nbsp;&nbsp; ДОКУМЕНТИ\r\nПОДАЮТЬСЯ ЗА АДРЕСОЮ: 18001, М. ЧЕРКАСИ БУЛ. ШЕВЧЕНКА, 234.</p>\r\n\r\n<p>КІНЦЕВИЙ\r\nТЕРМІН ПОДАННЯ ДОКУМЕНТІВ – 09 СЕРПНЯ 2019 РОКУ.</p>\r\n\r\n<p>ПЕРЕЛІК\r\nДОКУМЕНТІВ, ЩО ПОДАЮТЬСЯ ПРЕТЕНДЕНТАМИ ДЛЯ УЧАСТІ В КОНКУРСІ:</p>\r\n\r\n<p>-&nbsp;&nbsp;&nbsp;&nbsp;&nbsp;&nbsp;&nbsp;\r\nЗАЯВА ПРО УЧАСТЬ В КОНКУРСІ У\r\nДОВІЛЬНІЙ ФОРМІ;</p>\r\n\r\n<p>-&nbsp;&nbsp;&nbsp;&nbsp;&nbsp;&nbsp;&nbsp;\r\nОСОБОВИЙ ЛИСТОК З ОБЛІКУ КАДРІВ З\r\nВКЛЕЄНОЮ ФОТОКАРТКОЮ;</p>\r\n\r\n<p>-&nbsp;&nbsp;&nbsp;&nbsp;&nbsp;&nbsp;&nbsp;\r\nКОПІЯ ДОКУМЕНТА, ЩО ПОСВІДЧУЄ\r\nОСОБУ;</p>\r\n\r\n<p>-&nbsp;&nbsp;&nbsp;&nbsp;&nbsp;&nbsp;&nbsp;\r\nКОПІЯ ТРУДОВОЇ КНИЖКИ;</p>\r\n\r\n<p>-&nbsp;&nbsp;&nbsp;&nbsp;&nbsp;&nbsp;&nbsp;\r\nКОПІЯ ДОКУМЕНТА ПРО ОСВІТУ ЗА\r\nВІДПОВІДНОЮ СПЕЦІАЛЬНІСТЮ;</p>\r\n\r\n<p>-&nbsp;&nbsp;&nbsp;&nbsp;&nbsp;&nbsp;&nbsp;\r\nТВОРЧЕ РЕЗЮМЕ.</p>\r\n\r\n<p>КОНКУРС\r\nПРОВОДИТЬСЯ 15 СЕРПНЯ 2019 РОКУ ЗА АДРЕСОЮ М. ЧЕРКАСИ, БУЛ. ШЕВЧЕНКА, 234.</p>\r\n\r\n<p>ДЛЯ\r\nДОВІДОК З ПИТАНЬ ПРОВЕДЕННЯ КОНКУРСУ:</p>\r\n\r\n<p>ТЕЛЕФОН/ФАКС:\r\n(0472) 36-07-20</p>\r\n\r\n<p>АДРЕСА\r\nЕЛЕКТРОННОЇ ПОШТИ: THEATRE.CHERKASY@GMAIL.COM</p>','konkurs-na-zamishchiennia-vakantnoyi-posadi-7','2019-07-11 08:43:22','2019-07-11 08:43:22',NULL,939,'roman','roman',NULL,0),(99,'Результат конкурсу','Переможцем конкурсу було визначено ДЕМИДЕНКА Олександра Анатолійовича','За результатами проведеного конкурсу на заміщення вакантної посади артиста оркестру І-ої категорії (гітара) Комунального закладу «Черкаський академічний обласний український музично-драматичний театр імені Т.Г.Шевченка Черкаської обласної ради» рішенням конкурсної комісії /протокол № 2 від 15.08.2019/ переможцем конкурсу було визначено ДЕМИДЕНКА Олександра Анатолійовича.','riezul-tat-konkursu-4','2019-08-15 13:00:53','2019-08-15 13:00:53',NULL,940,'roman','roman',NULL,0),(104,'Результат конкурсу','Переможцем конкурсу було визначено ДЕМИДЕНКА Олександра Анатолійовича','За результатами проведеного конкурсу на заміщення вакантної посади артиста оркестру І-ої категорії (гітара) Комунального закладу «Черкаський академічний обласний український музично-драматичний театр імені Т.Г.Шевченка Черкаської обласної ради» рішенням конкурсної комісії /протокол № 2 від 15.08.2019/ переможцем конкурсу було визначено ДЕМИДЕНКА Олександра Анатолійовича.','riezul-tat-konkursu-5','2019-08-15 13:03:58','2019-08-15 13:03:58',NULL,941,'roman','roman',NULL,0),(105,'Конкурс на заміщення вакантної посади','Конкурс на заміщення вакантної посади - художник-оформлювач','Комунальний заклад «Черкаський академічний обласний український музично-драматичний театр імені Т.Г.Шевченка Черкаської обласної ради» (м. Черкаси бул. Шевченка, 234) оголошує конкурс на заміщення вакантної посади:\r\n-	художник-оформлювач  –  1 посада.\r\nКваліфікаційні вимоги претендентів: Базова вища освіта відповідного напряму підготовки (бакалавр, молодший спеціаліст); для бакалавра - без вимог до стажу роботи, молодшого спеціаліста - підвищення кваліфікації та стаж аналогічної за характером роботи не менше 3 років.\r\n     Документи подаються за адресою: 18001, м. Черкаси бул. Шевченка, 234.\r\nКінцевий термін подання документів – 16 вересня 2019 року.\r\nПерелік документів, що подаються претендентами для участі в конкурсі:\r\n-	заява про участь в конкурсі у довільній формі;\r\n-	особовий листок з обліку кадрів з вклеєною фотокарткою;\r\n-	копія документа, що посвідчує особу;\r\n-	копія трудової книжки (за наявності);\r\n-	копія документа про освіту за відповідною спеціальністю;\r\n-	портфоліо (зразки робіт) (формат А4 або в електронному вигляді).\r\nКонкурс проводиться 26 вересня 2019 року за адресою м. Черкаси, бул. Шевченка, 234.\r\nДля довідок з питань проведення конкурсу:\r\nтелефон/факс: (0472) 36-07-20\r\nадреса електронної пошти: theatre.cherkasy@gmail.com','konkurs-na-zamishchiennia-vakantnoyi-posadi-5','2019-08-30 16:43:01','2019-08-30 16:43:01',NULL,942,'roman','roman',NULL,0),(106,'Конкурс на заміщення вакантної посади','Конкурс на заміщення вакантної посади артист  драми І-ої категорії (жінка) - 1 одиниця','Комунальний заклад «Черкаський академічний обласний український музично-драматичний театр імені Т.Г.Шевченка Черкаської обласної ради» (м. Черкаси бул. Шевченка, 234) оголошує конкурс на заміщення вакантної посади артист  драми І-ої категорії (жінка) - 1 одиниця.\r\nКваліфікаційні вимоги претендентів: повна або базова вища освіта відповідного напряму підготовки (магістр, спеціаліст, бакалавр) та підвищення кваліфікації; для магістра – без  вимог до стажу роботи, спеціаліста – стаж  роботи за професією артиста драми II категорії не менше 2 років, бакалавра – не  менше 3 роки.\r\nДокументи подаються за адресою: 18001, м. Черкаси бул. Шевченка, 234.\r\nКінцевий термін подання документів – 16 вересня 2019 року.\r\nПерелік документів, що подаються претендентами для участі в конкурсі:\r\n-	заява про участь в конкурсі у довільній формі;\r\n-	особовий листок з обліку кадрів з вклеєною фотокарткою;\r\n-	копія документа, що посвідчує особу;\r\n-	копія трудової книжки;\r\n-	копія документа про освіту за відповідною спеціальністю;\r\n-	творче резюме, портфоліо.\r\nКонкурс проводиться 24 вересня 2019 року за адресою м. Черкаси, бул. Шевченка, 234.\r\nДля довідок з питань проведення конкурсу:\r\nтелефон/факс: (0472) 36-07-20\r\nадреса електронної пошти: theatre.cherkasy@gmail.com','konkurs-na-zamishchiennia-vakantnoyi-posadi-6','2019-08-30 17:25:37','2019-08-30 17:25:37',NULL,943,'roman','roman',NULL,0),(107,'Конкурс на заміщення вакантної посади','Конкурс на заміщення вакантної посади режисер-постановник - 1 одиниця','Комунальний заклад «Черкаський академічний обласний український музично-драматичний театр імені Т.Г.Шевченка Черкаської обласної ради» (м. Черкаси бул. Шевченка, 234) оголошує конкурс на заміщення вакантної посади режисер-постановник - 1 одиниця.\r\nКваліфікаційні вимоги претендентів: Повна вища освіта відповідного напрямку підготовки ( магістр, спеціаліст) без вимог до стажу.\r\nДокументи подаються за адресою: 18001, м. Черкаси бул. Шевченка, 234.\r\nКінцевий термін подання документів – 16 вересня 2019 року.\r\nПерелік документів, що подаються претендентами для участі в конкурсі:\r\n-	заява про участь в конкурсі у довільній формі;\r\n-	особовий листок з обліку кадрів з вклеєною фотокарткою;\r\n-	копія документа, що посвідчує особу;\r\n-	копія трудової книжки;\r\n-	копія документа про освіту за відповідною спеціальністю;\r\n-	творче резюме, портфоліо.\r\nКонкурс проводиться 25 вересня 2019 року за адресою м. Черкаси, бул. Шевченка, 234.\r\nДля довідок з питань проведення конкурсу:\r\nтелефон/факс: (0472) 36-07-20\r\nадреса електронної пошти: theatre.cherkasy@gmail.com','konkurs-na-zamishchiennia-vakantnoyi-posadi-8','2019-08-30 17:30:25','2019-08-30 17:30:25',NULL,944,'roman','roman',NULL,0),(108,'Результати проведеного конкурсу','За результатами проведеного конкурсу переможцем конкурсу було визначено Старцеву Олену Олександрівну.','<p>За\r\nрезультатами проведеного конкурсу на заміщення вакантної посади артиста драми І-ої\r\nкатегорії (жінка) Комунального закладу «Черкаський академічний обласний\r\nукраїнський музично-драматичний театр імені Т.Г.Шевченка Черкаської обласної\r\nради» рішенням конкурсної комісії /протокол № 2 від 24.09.2019/ переможцем\r\nконкурсу було визначено Старцеву Олену Олександрівну.</p>','riezul-tati-proviedienogho-konkursu-1','2019-09-25 13:09:49','2019-09-25 13:09:49',NULL,945,'roman','roman',NULL,0),(109,'Результат проведеного конкурсу','За результатами проведеного конкурсу було визначено Садаклієва Станіслава Сергійовича.','<p>За\r\nрезультатами проведеного конкурсу на заміщення вакантної посади режисер-постановник\r\nКомунального закладу «Черкаський академічний обласний український\r\nмузично-драматичний театр імені Т.Г.Шевченка Черкаської обласної ради» рішенням\r\nконкурсної комісії /протокол № 2 від 25.09.2019/ переможцем конкурсу було\r\nвизначено Садаклієва Станіслава Сергійовича.</p>','riezul-tat-proviedienogho-konkursu','2019-09-25 13:12:20','2019-09-25 13:12:20',NULL,946,'roman','roman',NULL,0),(110,'Результати конкурсу','переможцем конкурсу було визначено ШАПОШНИКА Артема Юрійовича.','За результатами проведеного конкурсу на заміщення вакантної посади художник-оформлювач  Комунального закладу «Черкаський академічний обласний український музично-драматичний театр імені Т.Г.Шевченка Черкаської обласної ради» рішенням конкурсної комісії /протокол № 2 від 26.09.2019/ переможцем конкурсу було визначено ШАПОШНИКА Артема Юрійовича.','riezul-tati-konkursu-1','2019-10-01 18:20:35','2019-10-01 18:20:35',NULL,947,'roman','roman',NULL,0),(111,'КОНКУРС НА ЗАМІЩЕННЯ ВАКАНТНОЇ ПОСАДИ','КОНКУРС НА ЗАМІЩЕННЯ ВАКАНТНОЇ ПОСАДИ АРТИСТ  ДРАМИ І-ОЇ КАТЕГОРІЇ (ЧОЛОВІК)','<p><b>Комунальний заклад\r\n«Черкаський академічний обласний український музично-драматичний театр імені\r\nТ.Г.Шевченка Черкаської обласної ради»</b><span> (м. Черкаси\r\nбул. Шевченка, 234) оголошує конкурс на заміщення вакантної посади <b>артист &nbsp;драми І-ої категорії (чоловік) – 0,5 одиниці.</b></span></p>\r\n\r\n<p><span>Кваліфікаційні вимоги претендентів: <b>повна або базова\r\nвища освіта відповідного напряму підготовки (магістр, спеціаліст, бакалавр) та\r\nпідвищення кваліфікації; для магістра – без&nbsp;\r\nвимог до стажу роботи, спеціаліста – стаж&nbsp; роботи за професією артиста драми </b></span><b>II категорії не\r\nменше 2 років, бакалавра – не&nbsp; менше 3\r\nроки.</b><b></b></p>\r\n\r\n<p><span>Документи подаються за адресою: <b>18001, м. Черкаси бул. Шевченка, 234.</b></span></p>\r\n\r\n<p><span>Кінцевий\r\nтермін подання документів – <b>20 листопада\r\n2019 року.</b></span></p>\r\n\r\n<p>Перелік\r\nдокументів, що подаються претендентами для участі в конкурсі:</p>\r\n\r\n<p>-&nbsp;&nbsp;&nbsp;&nbsp;&nbsp;&nbsp;&nbsp;\r\n<b>заява про участь в конкурсі у довільній формі;</b></p>\r\n\r\n<p>-&nbsp;&nbsp;&nbsp;&nbsp;&nbsp;&nbsp;&nbsp;\r\n<b>особовий листок з обліку кадрів з вклеєною фотокарткою;</b></p>\r\n\r\n<p>-&nbsp;&nbsp;&nbsp;&nbsp;&nbsp;&nbsp;&nbsp;\r\n<b>копія документа, що посвідчує особу;</b></p>\r\n\r\n<p>-&nbsp;&nbsp;&nbsp;&nbsp;&nbsp;&nbsp;&nbsp;\r\n<b>копія трудової книжки;</b></p>\r\n\r\n<p>-&nbsp;&nbsp;&nbsp;&nbsp;&nbsp;&nbsp;&nbsp;\r\n<b>копія документа про освіту за відповідною спеціальністю;</b></p>\r\n\r\n<p>-&nbsp;&nbsp;&nbsp;&nbsp;&nbsp;&nbsp;&nbsp;\r\n<b>творче резюме, портфоліо.</b></p>\r\n\r\n<p><span>Конкурс\r\nпроводиться <b>21 листопада 2019 року за\r\nадресою м. Черкаси, бул. Шевченка, 234.</b></span></p>\r\n\r\n<p>Для\r\nдовідок з питань проведення конкурсу:</p>\r\n\r\n<p><span>телефон/факс:\r\n<b>(0472) 36-07-20</b></span></p>\r\n\r\n<p>адреса\r\nелектронної пошти: <b>theatre</b><b>.</b><b>cherkasy</b><b>@</b><b>gmail</b><b>.</b><b>com</b><b></b></p>','konkurs-na-zamishchiennia-vakantnoyi-posadi-9','2019-11-04 15:14:23','2019-11-04 15:14:23',NULL,948,'roman','roman',NULL,0),(112,'Результати  конкурсу','За результатами проведеного конкурсу  переможцем конкурсу було визначено Кузьмина Олександра Борисовича.','<p>За\r\nрезультатами проведеного конкурсу на заміщення вакантної посади артиста драми І-ої\r\nкатегорії (чоловік) Комунального закладу «Черкаський академічний обласний\r\nукраїнський музично-драматичний театр імені Т.Г.Шевченка Черкаської обласної\r\nради» рішенням конкурсної комісії /протокол № 2 від 21.11.2019/ переможцем\r\nконкурсу було визначено Кузьмина Олександра Борисовича.</p>','riezul-tati-konkursu-2','2019-11-21 14:18:38','2019-11-21 14:18:38',NULL,950,'roman','roman',NULL,0);
/*!40000 ALTER TABLE `posts` ENABLE KEYS */;
UNLOCK TABLES;

--
-- Table structure for table `role_translation`
--

DROP TABLE IF EXISTS `role_translation`;
/*!40101 SET @saved_cs_client     = @@character_set_client */;
/*!40101 SET character_set_client = utf8 */;
CREATE TABLE `role_translation` (
  `id` int(11) NOT NULL AUTO_INCREMENT,
  `object_id` int(11) DEFAULT NULL,
  `locale` varchar(8) COLLATE utf8_unicode_ci NOT NULL,
  `field` varchar(32) COLLATE utf8_unicode_ci NOT NULL,
  `content` longtext COLLATE utf8_unicode_ci,
  PRIMARY KEY (`id`),
  UNIQUE KEY `lookup_unique_role_translation_idx` (`locale`,`object_id`,`field`),
  KEY `IDX_863E1DE6232D562B` (`object_id`),
  CONSTRAINT `FK_863E1DE6232D562B` FOREIGN KEY (`object_id`) REFERENCES `roles` (`id`) ON DELETE CASCADE
) ENGINE=InnoDB AUTO_INCREMENT=253 DEFAULT CHARSET=utf8 COLLATE=utf8_unicode_ci;
/*!40101 SET character_set_client = @saved_cs_client */;

--
-- Dumping data for table `role_translation`
--

LOCK TABLES `role_translation` WRITE;
/*!40000 ALTER TABLE `role_translation` DISABLE KEYS */;
INSERT INTO `role_translation` VALUES (1,1,'en','title','Young mother'),(2,1,'en','description','Description of image, embodied by an actor;'),(3,2,'en','title','Mary'),(4,2,'en','description','Description of image, embodied by an actor;'),(5,3,'en','title','Tanya'),(6,3,'en','description','Description of image, embodied by an actor;'),(7,4,'en','title','Lydia'),(8,4,'en','description','Description of image, embodied by an actor;'),(9,5,'en','title','Luda'),(10,5,'en','description','Description of image, embodied by an actor;'),(11,6,'en','title','Nina'),(12,6,'en','description','Description of image, embodied by an actor;'),(13,7,'en','title','Lily'),(14,7,'en','description','Description of image, embodied by an actor;'),(15,8,'en','title','Waitress'),(16,8,'en','description','Description of image, embodied by an actor;'),(17,9,'en','title','Maria'),(18,9,'en','description','Description of image, embodied by an actor;'),(19,10,'en','title','Mr Tobias Rich'),(20,10,'en','description','Description of image, embodied by an actor;'),(21,11,'en','title','Malvolio'),(22,11,'en','description','Description of image, embodied by an actor;'),(23,12,'en','title','Orsino'),(24,12,'en','description','Description of image, embodied by an actor;'),(25,13,'en','title','Viola'),(26,13,'en','description','Description of image, embodied by an actor;'),(27,14,'en','title','Olivia'),(28,14,'en','description','Description of image, embodied by an actor;'),(29,15,'en','title','Sebastian'),(30,15,'en','description','Description of image, embodied by an actor;'),(31,16,'en','title','Joker assistant'),(32,16,'en','description','Description of image, embodied by an actor;'),(33,17,'en','title','Catherine'),(34,17,'en','description','Description of image, embodied by an actor;'),(35,18,'en','title','Galya Chumak'),(36,18,'en','description','Description of image, embodied by an actor;'),(37,19,'en','title','Andrei Chumak'),(38,19,'en','description','Description of image, embodied by an actor;'),(39,20,'en','title','Shpak'),(40,20,'en','description','Description of image, embodied by an actor;'),(41,21,'en','title','Shelmenko'),(42,21,'en','description','Description of image, embodied by an actor;'),(43,22,'en','title','Motrya'),(44,22,'en','description','Description of image, embodied by an actor;'),(45,23,'en','title','Prisenka'),(46,23,'en','description','Description of image, embodied by an actor;'),(47,24,'en','title','Evzheni'),(48,24,'en','description','Description of image, embodied by an actor;'),(49,25,'en','title','Evzheni'),(50,25,'en','description','Description of image, embodied by an actor;'),(51,26,'en','title','Evzheni'),(52,26,'en','description','Description of image, embodied by an actor;'),(53,27,'en','title','Ivan Semenovuch Skvortsov'),(54,27,'en','description','Description of image, embodied by an actor;'),(55,28,'en','title','Fenna Stepanivna'),(56,28,'en','description','Description of image, embodied by an actor;'),(57,29,'en','title','Agrafena Semenivna'),(58,29,'en','description','Description of image, embodied by an actor;'),(59,30,'en','title','Loputskovskyy'),(60,30,'en','description','Description of image, embodied by an actor;'),(61,31,'en','title','Anna'),(62,31,'en','description','Description of image, embodied by an actor;'),(63,32,'en','title','Onys\'ko'),(64,32,'en','description','Description of image, embodied by an actor;'),(65,33,'en','title','Hrytsko'),(66,33,'en','description','Description of image, embodied by an actor;'),(67,34,'en','title','Korniy'),(68,34,'en','description','Description of image, embodied by an actor;'),(69,35,'en','title','Ustymivna'),(70,35,'en','description','Description of image, embodied by an actor;'),(71,36,'en','title','Catherine'),(72,36,'en','description','Description of image, embodied by an actor;'),(73,37,'en','title','Aristarchus'),(74,37,'en','description','Description of image, embodied by an actor;'),(75,38,'en','title','Odarka'),(76,38,'en','description','Description of image, embodied by an actor;'),(77,39,'en','title','Uljana'),(78,39,'en','description','Description of image, embodied by an actor;'),(79,40,'en','title','Minerie'),(80,40,'en','description','Description of image, embodied by an actor;'),(81,41,'en','title','Oksana'),(82,41,'en','description','Description of image, embodied by an actor;'),(83,42,'en','title','Ruslan'),(84,42,'en','description','Description of image, embodied by an actor;'),(85,43,'en','title','Masha'),(86,43,'en','description','Description of image, embodied by an actor;'),(87,44,'en','title','Victor'),(88,44,'en','description','Description of image, embodied by an actor;'),(89,45,'en','title','Lena'),(90,45,'en','description','Description of image, embodied by an actor;'),(91,46,'en','title','Vira'),(92,46,'en','description','Description of image, embodied by an actor;'),(93,47,'en','title','Nadia'),(94,47,'en','description','Description of image, embodied by an actor;'),(95,48,'en','title','Maxim'),(96,48,'en','description','Description of image, embodied by an actor;'),(97,49,'en','title','Stetsko'),(98,49,'en','description','Description of image, embodied by an actor;'),(99,50,'en','title','Prokip'),(100,50,'en','description','Description of image, embodied by an actor;'),(101,51,'en','title','Skoryk'),(102,51,'en','description','Description of image, embodied by an actor;'),(103,52,'en','title','Oleksij'),(104,52,'en','description','Description of image, embodied by an actor;'),(105,53,'en','title','Uljana'),(106,53,'en','description','Description of image, embodied by an actor;'),(107,54,'en','title','Uljana'),(108,54,'en','description','Description of image, embodied by an actor;'),(109,55,'en','title','Uljana'),(110,55,'en','description','Description of image, embodied by an actor;'),(111,56,'en','title','Oleksij'),(112,56,'en','description','Description of image, embodied by an actor;'),(113,57,'en','title','Odarka'),(114,57,'en','description','Description of image, embodied by an actor;'),(115,58,'en','title','Chezoniya'),(116,58,'en','description','Description of image, embodied by an actor;'),(117,59,'en','title','Pompilius'),(118,59,'en','description','Description of image, embodied by an actor;'),(119,60,'en','title','Lili'),(120,60,'en','description','Description of image, embodied by an actor;'),(121,61,'en','title','Chezoniya'),(122,61,'en','description','Description of image, embodied by an actor;'),(123,62,'en','title','Wanda'),(124,62,'en','description','Description of image, embodied by an actor;'),(125,63,'en','title','Elianta'),(126,63,'en','description','Description of image, embodied by an actor;'),(127,64,'en','title','Filint'),(128,64,'en','description','Description of image, embodied by an actor;'),(129,65,'en','title','Acastus'),(130,65,'en','description','Description of image, embodied by an actor;'),(131,66,'en','title','Alceste'),(132,66,'en','description','Description of image, embodied by an actor;'),(133,67,'en','title','Klitandr'),(134,67,'en','description','Description of image, embodied by an actor;'),(135,68,'en','title','Orontes'),(136,68,'en','description','Description of image, embodied by an actor;'),(137,69,'en','title','Arsinoya'),(138,69,'en','description','Description of image, embodied by an actor;'),(139,70,'en','title','Selimena'),(140,70,'en','description','Description of image, embodied by an actor;'),(141,71,'en','title','Man'),(142,71,'en','description','Description of image, embodied by an actor;'),(143,72,'en','title','Neighbor'),(144,72,'en','description','Description of image, embodied by an actor;'),(145,73,'en','title','A neighbor with a child'),(146,73,'en','description','Description of image, embodied by an actor;'),(147,74,'en','title','Zlatohrest'),(148,74,'en','description','Description of image, embodied by an actor;'),(149,75,'en','title','Mitsnosvyat'),(150,75,'en','description','Description of image, embodied by an actor;'),(151,76,'en','title','Strichechka'),(152,76,'en','description','Description of image, embodied by an actor;'),(153,77,'en','title','Expert'),(154,77,'en','description','Description of image, embodied by an actor;'),(155,78,'en','title','Expert'),(156,78,'en','description','Description of image, embodied by an actor;'),(157,79,'en','title','Expert'),(158,79,'en','description','Description of image, embodied by an actor;'),(159,80,'en','title','Khoma Kychatyy'),(160,80,'en','description','Description of image, embodied by an actor;'),(161,81,'en','title','Galya'),(162,81,'en','description','Description of image, embodied by an actor;'),(163,82,'en','title','Angel'),(164,82,'en','description','Description of image, embodied by an actor;'),(165,83,'en','title','Colonel'),(166,83,'en','description','Description of image, embodied by an actor;'),(167,84,'en','title','Kozovoda'),(168,84,'en','description','Description of image, embodied by an actor;'),(169,85,'en','title','Jew'),(170,85,'en','description','Description of image, embodied by an actor;'),(171,86,'en','title','2nd girl'),(172,86,'en','description','Description of image, embodied by an actor;'),(173,87,'en','title','Student of seminary'),(174,87,'en','description','Description of image, embodied by an actor;'),(175,88,'en','title','1st girl'),(176,88,'en','description','Description of image, embodied by an actor;'),(177,89,'en','title','Daughter'),(178,89,'en','description','Description of image, embodied by an actor;'),(179,90,'en','title','Princess'),(180,90,'en','description','Description of image, embodied by an actor;'),(181,91,'en','title','Princess'),(182,91,'en','description','Description of image, embodied by an actor;'),(183,92,'en','title','Stepmother'),(184,92,'en','description','Description of image, embodied by an actor;'),(185,93,'en','title','Stepdaughter'),(186,93,'en','description','Description of image, embodied by an actor;'),(187,94,'en','title','Wolf'),(188,94,'en','description','Description of image, embodied by an actor;'),(189,95,'en','title','Wolf'),(190,95,'en','description','Description of image, embodied by an actor;'),(191,96,'en','title','Fox'),(192,96,'en','description','Description of image, embodied by an actor;'),(193,97,'en','title','Chicken'),(194,97,'en','description','Description of image, embodied by an actor;'),(195,98,'en','title','Magpie'),(196,98,'en','description','Description of image, embodied by an actor;'),(197,99,'en','title','Magpie'),(198,99,'en','description','Description of image, embodied by an actor;'),(199,100,'en','title','Stork'),(200,100,'en','description','Description of image, embodied by an actor;'),(201,101,'en','title','Daisy'),(202,101,'en','description','Description of image, embodied by an actor;'),(203,102,'en','title','Radish'),(204,102,'en','description','Description of image, embodied by an actor;'),(205,103,'en','title','The Ugly Duckling'),(206,103,'en','description','Description of image, embodied by an actor;'),(207,111,'en','title','Actor'),(208,111,'en','description',NULL),(209,112,'en','title','Actor'),(210,112,'en','description',NULL),(211,113,'en','title','Actor'),(212,113,'en','description',NULL),(213,114,'en','title','Actor'),(214,114,'en','description',NULL),(215,115,'en','title','Artistic director'),(216,115,'en','description',NULL),(217,116,'en','title','Actor'),(218,116,'en','description',NULL),(219,168,'en','title','Lesia'),(220,168,'en','description',NULL),(221,169,'en','title','Vova'),(222,169,'en','description',NULL),(223,170,'en','title','Writer'),(224,170,'en','description',NULL),(225,171,'en','title','Slava'),(226,171,'en','description',NULL),(227,172,'en','title','Sober'),(228,172,'en','description',NULL),(229,173,'en','title','Granny Marusia'),(230,173,'en','description',NULL),(231,177,'en','title','Actress'),(232,177,'en','description',NULL),(233,178,'en','title','Actress'),(234,178,'en','description',NULL),(235,179,'en','title','Actor'),(236,179,'en','description',NULL),(237,180,'en','title','Actor'),(238,180,'en','description',NULL),(239,104,'en','title','Bernar'),(240,104,'en','description',NULL),(241,105,'en','title','Rober'),(242,105,'en','description',NULL),(243,106,'en','title','Jane'),(244,106,'en','description',NULL),(245,107,'en','title','Judy'),(246,107,'en','description',NULL),(247,108,'en','title','Janett'),(248,108,'en','description',NULL),(249,109,'en','title','Berta'),(250,109,'en','description',NULL),(251,110,'en','title','Director'),(252,110,'en','description',NULL);
/*!40000 ALTER TABLE `role_translation` ENABLE KEYS */;
UNLOCK TABLES;

--
-- Table structure for table `roles`
--

DROP TABLE IF EXISTS `roles`;
/*!40101 SET @saved_cs_client     = @@character_set_client */;
/*!40101 SET character_set_client = utf8 */;
CREATE TABLE `roles` (
  `id` int(11) NOT NULL AUTO_INCREMENT,
  `performance_id` int(11) DEFAULT NULL,
  `employee_id` int(11) DEFAULT NULL,
  `title` varchar(255) COLLATE utf8_unicode_ci NOT NULL,
  `description` longtext COLLATE utf8_unicode_ci,
  `slug` varchar(255) COLLATE utf8_unicode_ci NOT NULL,
  `createdAt` datetime NOT NULL,
  `updatedAt` datetime DEFAULT NULL,
  `deletedAt` datetime DEFAULT NULL,
  `createdBy` varchar(255) COLLATE utf8_unicode_ci DEFAULT NULL,
  `updatedBy` varchar(255) COLLATE utf8_unicode_ci DEFAULT NULL,
  `deletedBy` varchar(255) COLLATE utf8_unicode_ci DEFAULT NULL,
  PRIMARY KEY (`id`),
  KEY `IDX_B63E2EC7B91ADEEE` (`performance_id`),
  KEY `IDX_B63E2EC78C03F15C` (`employee_id`),
  CONSTRAINT `FK_B63E2EC78C03F15C` FOREIGN KEY (`employee_id`) REFERENCES `employees` (`id`),
  CONSTRAINT `FK_B63E2EC7B91ADEEE` FOREIGN KEY (`performance_id`) REFERENCES `performances` (`id`)
) ENGINE=InnoDB AUTO_INCREMENT=312 DEFAULT CHARSET=utf8 COLLATE=utf8_unicode_ci;
/*!40101 SET character_set_client = @saved_cs_client */;

--
-- Dumping data for table `roles`
--

LOCK TABLES `roles` WRITE;
/*!40000 ALTER TABLE `roles` DISABLE KEYS */;
INSERT INTO `roles` VALUES (1,1,2,'Автор',NULL,'avtor-1','2015-01-06 00:55:12','2015-04-08 21:30:17','2015-09-30 17:03:24',NULL,NULL,'roman'),(2,1,25,'Василь Симоненко',NULL,'vasil-simonienko','2015-03-30 14:14:46','2015-04-09 10:36:34',NULL,NULL,NULL,NULL),(3,1,69,'Василь Симоненко',NULL,'vasil-simonienko-1','2014-11-25 03:00:43','2015-04-09 10:36:34','2015-09-15 10:27:37',NULL,NULL,'roman'),(4,1,68,'Асистент режисера',NULL,'asistient-riezhisiera','2015-01-02 05:06:30','2015-04-16 23:08:56','2015-09-15 10:27:37',NULL,NULL,'roman'),(5,1,7,'Постановник пластиних сцен',NULL,'postanovnik-plastinikh-stsien','2015-03-16 18:54:25','2015-04-16 23:09:38',NULL,NULL,NULL,NULL),(6,1,50,'Акторка',NULL,'aktorka-3','2014-12-28 21:41:15','2015-04-16 23:10:08',NULL,NULL,NULL,NULL),(7,1,25,'Режисер діалогів',NULL,'riezhisier-dialoghiv','2015-03-15 11:14:04','2015-04-16 23:10:20',NULL,NULL,NULL,NULL),(8,1,1,'Директор театру',NULL,'diriektor-tieatru','2014-12-20 18:05:49','2015-04-16 23:04:12','2015-06-13 18:00:22',NULL,NULL,NULL),(9,2,18,'Марія','Опис образу, втілюваного актором;','mariia','2015-02-08 22:38:41','2015-04-03 21:29:40','2016-01-14 17:25:25',NULL,NULL,'roman'),(10,2,12,'Пан Тобіас Рич','Опис образу, втілюваного актором;','pan-tobias-rich','2015-01-25 15:55:16','2015-02-24 10:27:02','2016-01-14 17:25:25',NULL,NULL,'roman'),(11,2,25,'Мальволіо','Опис образу, втілюваного актором;','mal-volio','2015-03-17 14:04:06','2015-04-04 19:35:57','2016-01-14 17:25:25',NULL,NULL,'roman'),(12,2,30,'Орсіно','Опис образу, втілюваного актором;','orsino','2015-02-18 20:17:12','2015-02-26 01:02:45','2016-01-14 17:25:25',NULL,NULL,'roman'),(13,2,38,'Віола','Опис образу, втілюваного актором;','viola','2014-09-24 02:34:00','2015-03-19 20:39:09','2016-01-14 17:25:25',NULL,NULL,'roman'),(14,2,39,'Олівія','Опис образу, втілюваного актором;','oliviia','2014-09-26 21:25:57','2014-12-24 08:23:07','2016-01-14 17:25:25',NULL,NULL,'roman'),(15,2,59,'Себастьян','Опис образу, втілюваного актором;','siebast-ian','2014-12-14 06:46:08','2015-02-04 12:23:19','2016-01-14 17:25:25',NULL,NULL,'roman'),(16,2,63,'Блазнева помічниця','Опис образу, втілюваного актором;','blaznieva-pomichnitsia','2015-01-27 03:03:52','2015-02-10 01:52:08','2016-01-14 17:25:25',NULL,NULL,'roman'),(17,3,63,'Катерина','Опис образу, втілюваного актором;','katierina','2014-12-13 13:59:46','2015-03-05 21:26:11','2016-10-25 15:03:43',NULL,NULL,'roman'),(18,3,14,'Галя Чумак','Опис образу, втілюваного актором;','galia-chumak','2014-10-14 15:14:55','2015-01-08 05:43:19',NULL,NULL,NULL,NULL),(19,3,12,'Андрій Чумак','Опис образу, втілюваного актором;','andrii-chumak','2015-03-28 08:07:52','2015-04-03 07:47:35',NULL,NULL,NULL,NULL),(20,4,15,'Шпак','Опис образу, втілюваного актором;','shpak','2015-02-02 21:46:01','2015-04-06 16:39:09',NULL,NULL,NULL,NULL),(21,4,12,'Шельменко','Опис образу, втілюваного актором;','shiel-mienko','2014-09-29 20:42:24','2014-12-16 21:12:37',NULL,NULL,NULL,NULL),(22,4,13,'Мотря','Опис образу, втілюваного актором;','motria','2014-11-02 00:12:38','2015-01-29 20:35:29',NULL,NULL,NULL,NULL),(23,4,31,'Прісенька','Опис образу, втілюваного актором;','prisien-ka','2014-11-08 00:41:02','2015-03-09 09:13:09',NULL,NULL,NULL,NULL),(24,4,27,'Евжені','Опис образу, втілюваного актором;','ievzhieni','2015-03-11 02:10:18','2015-03-19 16:15:48',NULL,NULL,NULL,NULL),(25,4,38,'Евжені','Опис образу, втілюваного актором;','ievzhieni-1','2015-02-18 09:07:19','2015-04-02 04:45:59',NULL,NULL,NULL,NULL),(26,4,66,'Евжені','Опис образу, втілюваного актором;','ievzhieni-2','2014-10-25 10:55:54','2015-01-28 02:38:21','2018-09-03 09:20:48',NULL,NULL,'roman'),(27,4,30,'Іван Семенович Скворцов','Опис образу, втілюваного актором;','ivan-siemienovich-skvortsov','2015-01-06 01:37:47','2015-01-22 20:28:55',NULL,NULL,NULL,NULL),(28,4,45,'Фенна Степанівна','Опис образу, втілюваного актором;','fienna-stiepanivna','2014-10-27 13:58:20','2015-03-03 23:40:29',NULL,NULL,NULL,NULL),(29,4,50,'Аграфена Семенівна','Опис образу, втілюваного актором;','aghrafiena-siemienivna','2014-12-09 15:59:20','2015-02-20 06:24:05',NULL,NULL,NULL,NULL),(30,4,59,'Лопуцьковський','Опис образу, втілюваного актором;','loputs-kovs-kii','2015-03-27 23:52:41','2015-04-06 19:40:19',NULL,NULL,NULL,NULL),(31,5,18,'Ганна','Опис образу, втілюваного актором;','ganna','2015-04-03 01:21:35','2015-04-05 13:03:52',NULL,NULL,NULL,NULL),(32,5,12,'Онисько','Опис образу, втілюваного актором;','onis-ko','2015-03-27 12:48:29','2015-04-03 20:45:54',NULL,NULL,NULL,NULL),(33,5,28,'Грицько','Опис образу, втілюваного актором;','grits-ko','2014-12-08 04:06:59','2014-12-18 08:58:48',NULL,NULL,NULL,NULL),(34,5,30,'Корній','Опис образу, втілюваного актором;','kornii','2014-12-13 14:46:46','2015-04-06 16:22:21',NULL,NULL,NULL,NULL),(35,5,24,'Устимівна','Опис образу, втілюваного актором;','ustimivna','2014-10-14 17:28:41','2014-10-17 20:52:01',NULL,NULL,NULL,NULL),(36,5,42,'Катерина','Опис образу, втілюваного актором;','katierina-1','2015-02-23 12:30:07','2015-03-22 02:45:46',NULL,NULL,NULL,NULL),(37,5,40,'Аристарх','Опис образу, втілюваного актором;','aristarkh','2014-11-09 05:29:46','2014-11-13 19:26:12',NULL,NULL,NULL,NULL),(38,5,39,'Одарка','Опис образу, втілюваного актором;','odarka','2015-03-22 09:23:54','2015-03-28 15:20:35',NULL,NULL,NULL,NULL),(39,5,46,'Уляна','Опис образу, втілюваного актором;','uliana','2014-10-20 21:09:06','2015-03-09 11:59:09',NULL,NULL,NULL,NULL),(40,5,14,'Шахтарочка','Опис образу, втілюваного актором;','shakhtarochka','2014-10-31 05:29:20','2015-01-30 01:11:38',NULL,NULL,NULL,NULL),(41,6,13,'Оксана','Опис образу, втілюваного актором;','oksana','2014-12-11 18:21:38','2015-02-22 22:48:54',NULL,NULL,NULL,NULL),(42,6,28,'Руслан','Опис образу, втілюваного актором;','ruslan','2014-11-27 19:50:06','2015-01-04 01:59:58',NULL,NULL,NULL,NULL),(43,6,42,'Маша','Опис образу, втілюваного актором;','masha','2014-11-19 00:28:32','2015-01-14 23:11:14',NULL,NULL,NULL,NULL),(44,6,37,'Віктор','Опис образу, втілюваного актором;','viktor','2014-11-17 17:41:09','2015-03-03 03:41:14',NULL,NULL,NULL,NULL),(45,6,38,'Лєна','Опис образу, втілюваного актором;','liena','2015-03-24 01:04:19','2015-03-26 02:51:48',NULL,NULL,NULL,NULL),(46,6,39,'Віра','Опис образу, втілюваного актором;','vira','2014-09-26 14:58:39','2015-02-19 02:11:30',NULL,NULL,NULL,NULL),(47,6,60,'Надя','Опис образу, втілюваного актором;','nadia','2014-10-30 08:26:25','2015-02-18 06:51:57',NULL,NULL,NULL,NULL),(48,6,59,'Максим','Опис образу, втілюваного актором;','maksim','2014-10-08 04:11:07','2015-03-13 18:42:55',NULL,NULL,NULL,NULL),(49,7,15,'Стецько','Опис образу, втілюваного актором;','stiets-ko','2015-04-07 01:21:56','2015-04-07 05:46:22',NULL,NULL,NULL,NULL),(50,7,22,'Прокіп','Опис образу, втілюваного актором;','prokip','2015-02-14 02:34:17','2015-03-21 03:38:06',NULL,NULL,NULL,NULL),(51,7,28,'Скорик','Опис образу, втілюваного актором;','skorik','2014-12-21 18:20:03','2015-02-18 20:16:10',NULL,NULL,NULL,NULL),(52,7,25,'Олексій','Опис образу, втілюваного актором;','olieksii','2015-01-24 06:36:14','2015-02-21 04:10:11',NULL,NULL,NULL,NULL),(53,7,60,'Уляна','Опис образу, втілюваного актором;','uliana-1','2014-11-06 07:58:03','2015-01-07 18:10:42',NULL,NULL,NULL,NULL),(54,7,42,'Уляна','Опис образу, втілюваного актором;','uliana-2','2015-04-03 19:04:28','2015-04-05 05:08:22',NULL,NULL,NULL,NULL),(55,7,43,'Уляна','Опис образу, втілюваного актором;','uliana-3','2014-12-20 21:43:02','2015-01-23 23:40:51',NULL,NULL,NULL,NULL),(56,7,53,'Олексій','Опис образу, втілюваного актором;','olieksii-1','2015-03-13 03:29:58','2015-03-22 18:00:46',NULL,NULL,NULL,NULL),(57,7,60,'Одарка','Опис образу, втілюваного актором;','odarka-1','2014-12-16 16:54:31','2015-02-02 17:07:01',NULL,NULL,NULL,NULL),(58,8,13,'Чезонія','Опис образу, втілюваного актором;','chiezoniia','2014-10-22 21:30:39','2014-10-28 00:12:08',NULL,NULL,NULL,NULL),(59,8,33,'Помпіліу','Опис образу, втілюваного актором;','pompiliu','2014-12-12 12:04:55','2015-01-19 01:52:09',NULL,NULL,NULL,NULL),(60,8,46,'Лілі','Опис образу, втілюваного актором;','lili','2014-11-22 04:56:03','2015-03-10 19:50:13',NULL,NULL,NULL,NULL),(61,8,58,'Чезонія','Опис образу, втілюваного актором;','chiezoniia-1','2014-11-13 01:38:40','2015-02-04 20:05:13',NULL,NULL,NULL,NULL),(62,8,56,'Ванда','Опис образу, втілюваного актором;','vanda','2015-04-04 06:44:07','2015-04-05 07:51:50',NULL,NULL,NULL,NULL),(63,9,18,'Еліанта','Опис образу, втілюваного актором;','ielianta','2014-11-02 06:16:52','2015-03-06 17:09:11',NULL,NULL,NULL,NULL),(64,9,12,'Філінт','Опис образу, втілюваного актором;','filint','2015-03-31 02:01:10','2015-03-31 23:37:52',NULL,NULL,NULL,NULL),(65,9,25,'Акаст','Опис образу, втілюваного актором;','akast','2015-03-25 07:18:35','2015-03-26 15:00:38',NULL,NULL,NULL,NULL),(66,9,30,'Альцест','Опис образу, втілюваного актором;','al-tsiest','2014-11-01 00:11:52','2014-12-24 14:02:13',NULL,NULL,NULL,NULL),(67,9,33,'Клітандр','Опис образу, втілюваного актором;','klitandr','2014-12-31 19:22:27','2015-01-26 21:03:16',NULL,NULL,NULL,NULL),(68,9,40,'Оронт','Опис образу, втілюваного актором;','oront','2015-04-03 03:13:09','2015-04-06 05:58:49',NULL,NULL,NULL,NULL),(69,9,60,'Арсіноя','Опис образу, втілюваного актором;','arsinoia','2014-11-18 01:09:51','2015-03-17 23:32:41',NULL,NULL,NULL,NULL),(70,9,63,'Селімена','Опис образу, втілюваного актором;','sielimiena','2015-01-05 10:22:37','2015-02-22 21:44:54','2016-10-25 15:03:43',NULL,NULL,'roman'),(71,10,64,'Чоловік','Опис образу, втілюваного актором;','cholovik','2015-03-10 07:21:51','2015-03-15 23:27:35',NULL,NULL,NULL,NULL),(72,10,41,'Сусід','Опис образу, втілюваного актором;','susid','2014-10-26 08:28:18','2015-01-27 14:43:58','2018-09-03 09:20:48',NULL,NULL,'roman'),(73,10,14,'Сусідка з дитиною','Опис образу, втілюваного актором;','susidka-z-ditinoiu','2014-10-06 00:56:43','2014-11-24 13:25:15',NULL,NULL,NULL,NULL),(74,11,64,'Златохрест','Опис образу, втілюваного актором;','zlatokhriest','2015-03-30 07:55:15','2015-04-03 11:34:20',NULL,NULL,NULL,NULL),(75,11,28,'Міцносвят','Опис образу, втілюваного актором;','mitsnosviat','2015-01-09 00:56:45','2015-03-18 02:39:38',NULL,NULL,NULL,NULL),(76,11,63,'Стрічечка','Опис образу, втілюваного актором;','strichiechka','2015-04-02 22:53:30','2015-04-05 10:38:23','2016-10-25 15:03:43',NULL,NULL,'roman'),(77,11,66,'Спеціаліст','Опис образу, втілюваного актором;','spietsialist','2014-10-02 17:40:36','2014-12-28 14:14:25','2018-09-03 09:20:48',NULL,NULL,'roman'),(78,11,65,'Спеціаліст','Опис образу, втілюваного актором;','spietsialist-1','2015-02-28 15:25:35','2015-03-13 14:02:41',NULL,NULL,NULL,NULL),(79,11,67,'Спеціаліст','Опис образу, втілюваного актором;','spietsialist-2','2014-11-30 12:25:38','2015-03-30 06:51:06','2015-09-15 10:27:37',NULL,NULL,'roman'),(80,12,15,'Хома Кичатий','Опис образу, втілюваного актором;','khoma-kichatii','2015-02-20 20:36:19','2015-03-20 23:12:22',NULL,NULL,NULL,NULL),(81,12,23,'Галя','Опис образу, втілюваного актором;','galia','2015-02-07 10:11:51','2015-02-12 02:41:14','2018-09-03 09:20:48',NULL,NULL,'roman'),(82,12,28,'Ангел','Опис образу, втілюваного актором;','anghiel','2015-02-18 04:22:21','2015-04-06 12:05:05',NULL,NULL,NULL,NULL),(83,12,33,'Полковник','Опис образу, втілюваного актором;','polkovnik','2014-09-28 05:07:45','2014-11-01 22:08:59',NULL,NULL,NULL,NULL),(84,12,41,'Козовода','Опис образу, втілюваного актором;','kozovoda','2014-11-14 12:45:51','2016-01-14 17:38:46','2018-09-03 09:20:48',NULL,'roman','roman'),(85,12,22,'Жид','Опис образу, втілюваного актором;','zhid','2014-10-17 08:40:57','2016-01-14 17:38:46',NULL,NULL,'roman',NULL),(86,12,60,'2-га дівчина','Опис образу, втілюваного актором;','2-gha-divchina','2015-03-22 20:25:46','2016-01-14 17:38:46',NULL,NULL,'roman',NULL),(87,12,67,'Бурсак','Опис образу, втілюваного актором;','bursak','2014-11-26 17:37:43','2015-01-22 23:07:04','2015-09-15 10:27:37',NULL,NULL,'roman'),(88,12,14,'1-ша дівчина','Опис образу, втілюваного актором;','1-sha-divchina','2014-10-26 19:20:25','2014-11-21 22:13:21',NULL,NULL,NULL,NULL),(89,13,18,'Дочка','Опис образу, втілюваного актором;','dochka','2014-12-24 11:46:16','2015-02-10 22:50:25',NULL,NULL,NULL,NULL),(90,13,27,'Принцеса','Опис образу, втілюваного актором;','printsiesa','2014-10-09 14:29:32','2014-12-10 14:22:05',NULL,NULL,NULL,NULL),(91,13,66,'Принцеса','Опис образу, втілюваного актором;','printsiesa-1','2015-01-02 22:00:56','2015-03-17 08:02:14','2018-09-03 09:20:48',NULL,NULL,'roman'),(92,13,45,'Мачуха','Опис образу, втілюваного актором;','machukha','2014-10-19 05:13:39','2014-12-28 02:20:01',NULL,NULL,NULL,NULL),(93,13,14,'Падчерка','Опис образу, втілюваного актором;','padchierka','2014-10-20 17:16:48','2015-02-14 12:30:52',NULL,NULL,NULL,NULL),(94,14,33,'Вовк','Опис образу, втілюваного актором;','vovk','2014-10-17 04:28:02','2015-03-23 22:08:36',NULL,NULL,NULL,NULL),(95,14,41,'Вовк','Опис образу, втілюваного актором;','vovk-1','2015-01-05 08:23:06','2015-03-30 00:31:50','2018-09-03 09:20:48',NULL,NULL,'roman'),(96,14,13,'Лисиця','Опис образу, втілюваного актором;','lisitsia','2015-02-08 19:43:18','2015-02-21 23:52:33',NULL,NULL,NULL,NULL),(97,14,42,'Курча','Опис образу, втілюваного актором;','kurcha','2015-01-07 18:01:31','2015-01-17 16:19:09',NULL,NULL,NULL,NULL),(98,14,14,'Сорока','Опис образу, втілюваного актором;','soroka','2014-11-20 12:56:40','2015-02-25 16:36:37',NULL,NULL,NULL,NULL),(99,14,63,'Сорока','Опис образу, втілюваного актором;','soroka-1','2015-04-06 14:56:51','2015-04-06 18:55:16','2016-10-25 15:03:43',NULL,NULL,'roman'),(100,15,64,'Лелека','Опис образу, втілюваного актором;','lielieka','2015-01-13 10:56:19','2015-02-03 05:29:18',NULL,NULL,NULL,NULL),(101,15,66,'Ромашка','Опис образу, втілюваного актором;','romashka','2014-12-22 23:30:09','2015-03-05 15:33:50','2018-09-03 09:20:48',NULL,NULL,'roman'),(102,15,65,'Редиска','Опис образу, втілюваного актором;','riediska','2015-02-20 12:43:52','2015-02-20 12:55:18',NULL,NULL,NULL,NULL),(103,16,38,'Гидке каченя','Опис образу, втілюваного актором;','gidkie-kachienia','2014-10-21 22:12:44','2015-04-08 17:37:55',NULL,NULL,NULL,NULL),(104,17,12,'Бернар',NULL,'bernar','2015-04-08 16:49:44','2015-04-22 03:11:22',NULL,NULL,NULL,NULL),(105,17,25,'Робер',NULL,'rober','2015-04-08 16:49:44','2015-04-22 03:11:22',NULL,NULL,NULL,NULL),(106,17,31,'Джейн',NULL,'jane','2015-04-08 16:49:44','2015-04-22 03:11:22',NULL,NULL,NULL,NULL),(107,17,46,'Джуді',NULL,'judy','2015-04-08 16:49:44','2015-04-22 03:11:22',NULL,NULL,NULL,NULL),(108,17,38,'Жанетт',NULL,'janett','2015-04-08 16:49:44','2015-04-22 03:11:22',NULL,NULL,NULL,NULL),(109,17,18,'Берта',NULL,'berta','2015-04-08 16:49:44','2015-04-22 03:11:22',NULL,NULL,NULL,NULL),(110,17,3,'Режисер',NULL,'director','2015-04-08 16:49:44','2015-04-22 03:11:22',NULL,NULL,NULL,NULL),(111,18,64,'Актор',NULL,'actor','2015-04-08 17:01:38','2015-04-22 00:53:09',NULL,NULL,NULL,NULL),(112,18,34,'Актор',NULL,'actor-1','2015-04-08 17:01:38','2015-04-22 00:53:09','2016-04-26 13:09:35',NULL,NULL,'roman'),(113,18,51,'Актор',NULL,'actor-2','2015-04-08 17:01:38','2015-04-22 00:53:09',NULL,NULL,NULL,NULL),(114,18,67,'Актор',NULL,'actor-3','2015-04-08 17:01:38','2015-04-22 00:53:09','2015-09-15 10:27:37',NULL,NULL,'roman'),(115,18,2,'Художний керівник',NULL,'artistic-director','2015-04-08 17:01:38','2015-04-22 00:53:09','2015-09-30 17:03:24',NULL,NULL,'roman'),(116,18,59,'Автор',NULL,'actor-4','2015-04-08 17:01:38','2015-04-22 00:53:09',NULL,NULL,NULL,NULL),(117,15,67,'Барвінок',NULL,'barvinok','2015-04-08 17:13:22','2015-04-08 17:13:22','2015-09-15 10:27:37',NULL,NULL,'roman'),(118,15,30,'Дід Гарбуз, Бамбук',NULL,'did-garbuz-bambuk','2015-04-08 17:13:22','2015-04-08 17:13:22',NULL,NULL,NULL,NULL),(119,15,12,'Дядько Хрін, Будяк',NULL,'diad-ko-khrin-budiak','2015-04-08 17:13:22','2015-04-08 17:13:22',NULL,NULL,NULL,NULL),(120,15,40,'Часник, Тхір',NULL,'chasnik-tkhir','2015-04-08 17:13:22','2015-04-08 17:13:22',NULL,NULL,NULL,NULL),(121,15,22,'Горох',NULL,'gorokh','2015-04-08 17:13:22','2015-04-08 17:13:22',NULL,NULL,NULL,NULL),(122,15,13,'Картопля',NULL,'kartoplia','2015-04-08 17:13:22','2015-04-08 17:13:22',NULL,NULL,NULL,NULL),(123,15,41,'Кабачок, Удав',NULL,'kabachok-udav','2015-04-08 17:13:22','2015-04-08 17:13:22','2018-09-03 09:20:48',NULL,NULL,'roman'),(124,15,37,'Мак, Крокодил',NULL,'mak-krokodil','2015-04-08 17:13:22','2015-04-08 17:13:22',NULL,NULL,NULL,NULL),(125,15,33,'Соняшник, Терміт',NULL,'soniashnik-tiermit','2015-04-08 17:13:22','2015-04-08 17:13:22',NULL,NULL,NULL,NULL),(126,15,46,'Петрушка, Банан',NULL,'pietrushka-banan','2015-04-08 17:13:22','2015-04-08 17:13:22',NULL,NULL,NULL,NULL),(127,15,14,'Томат, Ананас',NULL,'tomat-ananas','2015-04-08 17:13:22','2015-04-08 17:13:22',NULL,NULL,NULL,NULL),(128,15,51,'Баклажан',NULL,'baklazhan','2015-04-08 17:13:22','2015-04-08 17:13:22',NULL,NULL,NULL,NULL),(129,15,60,'Квасоля',NULL,'kvasolia','2015-04-08 17:13:22','2015-04-08 17:13:22',NULL,NULL,NULL,NULL),(130,19,39,'поміщиця',NULL,'pomishchitsia','2015-04-08 17:23:28','2015-04-08 17:23:28',NULL,NULL,NULL,NULL),(131,19,38,'Аня, її дочка',NULL,'ania-yiyi-dochka','2015-04-08 17:23:28','2015-04-08 17:23:28',NULL,NULL,NULL,NULL),(132,19,13,'Варя, її приймачка',NULL,'varia-yiyi-priimachka','2015-04-08 17:23:28','2015-04-08 17:23:28',NULL,NULL,NULL,NULL),(133,19,15,'брат Ранєвської',NULL,'brat-ranievs-koyi','2015-04-08 17:23:28','2015-04-08 17:23:28',NULL,NULL,NULL,NULL),(134,19,3,'купець',NULL,'kupiets','2015-04-08 17:23:28','2015-04-17 00:05:06',NULL,NULL,NULL,NULL),(135,19,12,'студент',NULL,'studient','2015-04-08 17:23:28','2015-04-17 00:05:06',NULL,NULL,NULL,NULL),(136,19,36,'поміщик',NULL,'pomishchik','2015-04-08 17:23:28','2015-04-17 00:05:06','2018-09-03 09:22:22',NULL,NULL,'roman'),(137,19,24,'гувернантка',NULL,'ghuviernantka','2015-04-08 17:23:28','2015-04-17 00:05:06',NULL,NULL,NULL,NULL),(138,19,37,'конторник',NULL,'kontornik','2015-04-08 17:23:28','2015-04-17 00:05:06',NULL,NULL,NULL,NULL),(139,16,12,'Кіт Пафнуцій',NULL,'kit-pafnutsii','2015-04-08 17:37:55','2015-04-08 17:37:55',NULL,NULL,NULL,NULL),(140,16,33,'Молодий Піве',NULL,'molodii-pivie','2015-04-08 17:37:55','2015-04-08 17:37:55',NULL,NULL,NULL,NULL),(141,16,24,'Молода Курка',NULL,'moloda-kurka','2015-04-08 17:37:55','2015-04-08 17:37:55',NULL,NULL,NULL,NULL),(142,16,53,'Індик',NULL,'indik','2015-04-08 17:37:55','2015-04-08 17:37:55',NULL,NULL,NULL,NULL),(143,16,46,'Індичка',NULL,'indichka','2015-04-08 17:37:55','2015-04-08 17:37:55',NULL,NULL,NULL,NULL),(144,16,40,'Качур',NULL,'kachur','2015-04-08 17:37:55','2015-04-08 17:37:55',NULL,NULL,NULL,NULL),(145,16,39,'Качка',NULL,'kachka','2015-04-08 17:37:55','2015-04-08 17:37:55',NULL,NULL,NULL,NULL),(146,20,22,'Господар',NULL,'gospodar','2015-04-08 17:46:36','2015-04-08 17:46:36',NULL,NULL,NULL,NULL),(147,20,45,'Господиня',NULL,'gospodinia','2015-04-08 17:46:36','2015-04-08 17:46:36',NULL,NULL,NULL,NULL),(148,20,18,'Даша, їхня дочка',NULL,'dasha-yikhnia-dochka','2015-04-08 17:46:36','2015-04-08 17:46:36',NULL,NULL,NULL,NULL),(149,20,36,'Сусід',NULL,'susid-1','2015-04-08 17:46:36','2015-04-08 17:46:36','2018-09-03 09:22:22',NULL,NULL,'roman'),(150,20,59,'Олексій, його син',NULL,'olieksii-iogho-sin','2015-04-08 17:46:36','2015-04-08 17:46:36',NULL,NULL,NULL,NULL),(151,20,12,'Пес Сірко',NULL,'pies-sirko','2015-04-08 17:46:36','2015-04-08 17:46:36',NULL,NULL,NULL,NULL),(152,20,31,'Свиня',NULL,'svinia','2015-04-08 17:46:36','2015-04-08 17:46:36',NULL,NULL,NULL,NULL),(153,20,28,'Півень',NULL,'pivien','2015-04-08 17:46:36','2015-04-08 17:46:36',NULL,NULL,NULL,NULL),(154,20,50,'Коняка Сестричка',NULL,'koniaka-siestrichka','2015-04-08 17:46:36','2015-04-08 17:46:36',NULL,NULL,NULL,NULL),(155,20,14,'Корова Зорька',NULL,'korova-zor-ka','2015-04-08 17:46:36','2015-04-08 17:46:36',NULL,NULL,NULL,NULL),(156,21,15,'Прокіп Свиридович',NULL,'prokip-sviridovich','2015-04-08 17:55:55','2015-04-08 17:55:55',NULL,NULL,NULL,NULL),(157,21,58,'Явдокія Пилипівна',NULL,'iavdokiia-pilipivna','2015-04-08 17:55:55','2015-04-08 17:55:55',NULL,NULL,NULL,NULL),(158,21,56,'Проня',NULL,'pronia','2015-04-08 17:55:55','2015-04-08 17:55:55',NULL,NULL,NULL,NULL),(159,21,12,'Свирид Петрович Голохвостий',NULL,'svirid-pietrovich-golokhvostii','2015-04-08 17:55:55','2015-04-08 17:55:55',NULL,NULL,NULL,NULL),(160,21,45,'Секлита Лимариха',NULL,'sieklita-limarikha','2015-04-08 17:55:55','2015-04-08 17:55:55',NULL,NULL,NULL,NULL),(161,21,13,'Химка',NULL,'khimka','2015-04-08 17:55:55','2015-04-08 17:55:55',NULL,NULL,NULL,NULL),(162,21,38,'Галя',NULL,'galia-1','2015-04-08 17:55:55','2015-04-08 17:55:55',NULL,NULL,NULL,NULL),(163,21,30,'Степан',NULL,'stiepan','2015-04-08 17:55:55','2015-04-08 17:55:55',NULL,NULL,NULL,NULL),(164,21,27,'Наталка',NULL,'natalka','2015-04-08 17:55:55','2015-04-08 17:55:55',NULL,NULL,NULL,NULL),(165,21,31,'Настя',NULL,'nastia','2015-04-08 17:55:55','2015-04-08 17:55:55',NULL,NULL,NULL,NULL),(166,21,50,'Марта',NULL,'marta','2015-04-08 17:55:55','2015-04-08 17:55:55',NULL,NULL,NULL,NULL),(167,21,24,'Устя',NULL,'ustia','2015-04-08 17:55:55','2015-04-08 17:55:55',NULL,NULL,NULL,NULL),(168,22,38,'Леся',NULL,'lesia','2015-04-08 18:10:38','2015-04-22 01:26:24',NULL,NULL,NULL,NULL),(169,22,12,'Вова',NULL,'vova','2015-04-08 18:10:38','2015-04-22 01:26:24',NULL,NULL,NULL,NULL),(170,22,15,'Письменник',NULL,'writer','2015-04-08 18:10:38','2015-04-22 01:26:24',NULL,NULL,NULL,NULL),(171,22,40,'Слава',NULL,'slava','2015-04-08 18:10:38','2015-04-22 01:26:24',NULL,NULL,NULL,NULL),(172,22,37,'Тверезий',NULL,'sober','2015-04-08 18:10:38','2015-04-22 01:26:24',NULL,NULL,NULL,NULL),(173,22,50,'Баба Маруся',NULL,'granny-marusia','2015-04-08 18:10:38','2015-04-22 01:26:24',NULL,NULL,NULL,NULL),(174,11,59,'Доброспас',NULL,'dobrospas','2015-04-08 21:45:12','2015-04-08 21:45:12',NULL,NULL,NULL,NULL),(175,11,46,'Ворог',NULL,'vorogh','2015-04-08 21:45:12','2015-04-08 21:45:12',NULL,NULL,NULL,NULL),(176,11,12,'Людина',NULL,'liudina','2015-04-08 21:45:12','2015-04-08 21:45:12',NULL,NULL,NULL,NULL),(177,23,18,'Акторка',NULL,'actress','2015-04-08 21:55:56','2015-04-22 01:38:19',NULL,NULL,NULL,NULL),(178,23,63,'Акторка',NULL,'actress-1','2015-04-08 21:55:56','2015-04-22 01:38:19','2016-10-25 15:03:43',NULL,NULL,'roman'),(179,23,28,'Актор',NULL,'actor-5','2015-04-08 21:55:56','2015-04-22 01:38:19',NULL,NULL,NULL,NULL),(180,23,37,'Актор',NULL,'actor-6','2015-04-08 21:55:56','2015-04-22 01:38:19',NULL,NULL,NULL,NULL),(181,24,43,'Саффі',NULL,'saffi','2015-04-08 22:05:25','2015-04-16 23:15:46',NULL,NULL,NULL,NULL),(182,24,53,'Барінкай',NULL,'barinkai','2015-04-08 22:05:25','2015-04-16 23:16:37',NULL,NULL,NULL,NULL),(183,24,28,'Карнеро',NULL,'karniero','2015-04-08 22:05:25','2015-04-16 23:16:24',NULL,NULL,NULL,NULL),(184,24,12,'Омонай',NULL,'omonai','2015-04-08 22:05:25','2015-04-16 23:16:12',NULL,NULL,NULL,NULL),(185,24,42,'Арсена',NULL,'arsiena','2015-04-08 22:05:25','2015-04-16 23:15:59',NULL,NULL,NULL,NULL),(186,24,31,'Мірабелла',NULL,'mirabiella','2015-04-08 22:05:25','2015-04-16 23:12:11',NULL,NULL,NULL,NULL),(187,24,25,'Оттокар',NULL,'ottokar','2015-04-08 22:05:25','2015-04-16 23:15:19',NULL,NULL,NULL,NULL),(188,25,34,'Актор',NULL,'aktor-4','2015-04-16 23:08:12','2015-04-16 23:08:12','2016-04-26 13:09:35',NULL,NULL,'roman'),(189,26,30,'Омелько Кайдаш',NULL,'omiel-ko-kaidash','2015-04-16 23:16:47','2015-04-16 23:16:47',NULL,NULL,NULL,NULL),(190,26,13,'Маруся Кайдашиха',NULL,'marusia-kaidashikha','2015-04-16 23:16:47','2015-04-16 23:16:47',NULL,NULL,NULL,NULL),(191,26,33,'Карпо',NULL,'karpo','2015-04-16 23:16:47','2015-04-16 23:16:47',NULL,NULL,NULL,NULL),(192,26,12,'Лаврін',NULL,'lavrin','2015-04-16 23:16:47','2015-04-16 23:16:47',NULL,NULL,NULL,NULL),(193,26,18,'Мотря',NULL,'motria-1','2015-04-16 23:16:47','2015-04-16 23:16:47',NULL,NULL,NULL,NULL),(194,26,31,'Мелашка',NULL,'mielashka','2015-04-16 23:16:47','2015-04-16 23:16:47',NULL,NULL,NULL,NULL),(195,26,15,'Довбиш',NULL,'dovbish','2015-04-16 23:16:47','2015-04-16 23:16:47',NULL,NULL,NULL,NULL),(196,26,45,'Довбишка',NULL,'dovbishka','2015-04-16 23:16:47','2015-04-16 23:16:47',NULL,NULL,NULL,NULL),(197,27,30,'Омелько Кайдаш',NULL,'omiel-ko-kaidash-1','2015-04-16 23:24:32','2015-04-16 23:24:32',NULL,NULL,NULL,NULL),(198,27,13,'Маруся Кайдашиха',NULL,'marusia-kaidashikha-1','2015-04-16 23:24:32','2015-04-16 23:24:32',NULL,NULL,NULL,NULL),(199,27,33,'Карпо',NULL,'karpo-1','2015-04-16 23:24:32','2015-04-16 23:24:32',NULL,NULL,NULL,NULL),(200,27,12,'Лаврін',NULL,'lavrin-1','2015-04-16 23:24:32','2015-04-16 23:24:32',NULL,NULL,NULL,NULL),(201,27,18,'Мотря',NULL,'motria-2','2015-04-16 23:24:32','2015-04-16 23:24:32',NULL,NULL,NULL,NULL),(202,27,31,'Мелашка',NULL,'mielashka-1','2015-04-16 23:24:32','2015-04-16 23:24:32',NULL,NULL,NULL,NULL),(203,28,43,'Сільва Вареску, співачка вар\'єте «Орфеум»',NULL,'sil-va-variesku-spivachka-var-ietie-orfieum','2015-04-17 00:27:10','2016-01-14 17:59:46',NULL,NULL,'roman',NULL),(204,29,15,'Мартин Боруля',NULL,'martin-borulia','2015-04-17 00:49:57','2015-04-17 00:49:57',NULL,NULL,NULL,NULL),(205,29,45,'Палажка','його дружина','palazhka','2015-04-17 00:49:57','2015-04-17 00:49:57',NULL,NULL,NULL,NULL),(206,29,18,'Марися',NULL,'marisia','2015-04-17 00:49:57','2015-04-17 00:49:57',NULL,NULL,NULL,NULL),(207,29,59,'Степан',NULL,'stiepan-1','2015-04-17 00:49:57','2015-04-17 00:49:57',NULL,NULL,NULL,NULL),(208,29,25,'Микола',NULL,'mikola','2015-04-17 00:49:57','2015-04-17 00:49:57',NULL,NULL,NULL,NULL),(209,30,43,'Сільва Вареску',NULL,'sil-va-variesku-1','2015-04-17 00:55:49','2015-04-17 00:55:49',NULL,NULL,NULL,NULL),(210,30,53,'Едвін Воляпюк',NULL,'iedvin-voliapiuk','2015-04-17 00:55:49','2015-04-17 00:55:49',NULL,NULL,NULL,NULL),(211,30,15,'Князь Леопольд Воляпюк',NULL,'kniaz-lieopol-d-voliapiuk','2015-04-17 00:55:49','2015-04-17 00:55:49',NULL,NULL,NULL,NULL),(212,30,39,'Княгиня Юліана Воляпюк',NULL,'kniaghinia-iuliana-voliapiuk','2015-04-17 00:55:49','2015-04-17 00:55:49',NULL,NULL,NULL,NULL),(213,30,42,'Стассі',NULL,'stassi','2015-04-17 00:55:49','2015-04-17 00:55:49',NULL,NULL,NULL,NULL),(214,30,41,'Ронс-Дорф, старший',NULL,'rons-dorf-starshii','2015-04-17 00:55:49','2015-04-17 00:55:49','2018-09-03 09:20:48',NULL,NULL,'roman'),(215,30,40,'Ротмістр Ронс-Дорф, молодший',NULL,'rotmistr-rons-dorf-molodshii','2015-04-17 00:55:49','2015-04-17 00:55:49',NULL,NULL,NULL,NULL),(216,30,3,'Граф Боні Коніслау',NULL,'graf-boni-konislau','2015-04-17 00:55:49','2015-04-17 00:55:49',NULL,NULL,NULL,NULL),(217,31,2,'художній директор',NULL,'khudozhnii-diriektor','2015-04-17 00:57:42','2015-04-17 00:57:42','2015-09-30 17:03:24',NULL,NULL,'roman'),(218,32,13,'1-ша пташка',NULL,'1-sha-ptashka','2015-04-17 01:08:57','2015-04-17 01:08:57',NULL,NULL,NULL,NULL),(219,32,27,'3-тя пташка',NULL,'3-tia-ptashka','2015-04-17 01:08:57','2015-04-17 01:08:57',NULL,NULL,NULL,NULL),(220,32,45,'1-ша ворона',NULL,'1-sha-vorona','2015-04-17 01:08:57','2015-04-17 01:08:57',NULL,NULL,NULL,NULL),(221,32,31,'2-га ворона',NULL,'2-gha-vorona','2015-04-17 01:08:57','2015-04-17 01:08:57',NULL,NULL,NULL,NULL),(222,32,24,'3-тя ворона',NULL,'3-tia-vorona','2015-04-17 01:08:57','2015-04-17 01:08:57',NULL,NULL,NULL,NULL),(223,32,15,'Кривий',NULL,'krivii','2015-04-17 01:08:57','2015-04-17 01:08:57',NULL,NULL,NULL,NULL),(224,32,37,'Горбатий',NULL,'gorbatii','2015-04-17 01:08:57','2015-04-17 01:08:57',NULL,NULL,NULL,NULL),(225,32,40,'Сліпий',NULL,'slipii','2015-04-17 01:08:57','2015-04-17 01:08:57',NULL,NULL,NULL,NULL),(226,32,46,'Катерина',NULL,'katierina-2','2015-04-17 01:08:57','2015-04-17 01:08:57',NULL,NULL,NULL,NULL),(227,32,50,'Мати',NULL,'mati','2015-04-17 01:08:57','2015-04-17 01:08:57',NULL,NULL,NULL,NULL),(228,32,25,'Москаль, урядник',NULL,'moskal-uriadnik','2015-04-17 01:08:57','2015-04-17 01:08:57',NULL,NULL,NULL,NULL),(229,32,12,'Рекрут',NULL,'riekrut','2015-04-17 01:08:57','2015-04-17 01:08:57',NULL,NULL,NULL,NULL),(230,33,15,'Прокіп Свиридович',NULL,'prokip-sviridovich-1','2015-04-17 01:23:06','2015-04-17 01:23:06',NULL,NULL,NULL,NULL),(231,33,58,'Явдокія Пилипівна',NULL,'iavdokiia-pilipivna-1','2015-04-17 01:23:06','2015-04-17 01:23:06',NULL,NULL,NULL,NULL),(232,33,56,'Проня',NULL,'pronia-1','2015-04-17 01:23:06','2015-04-17 01:23:06',NULL,NULL,NULL,NULL),(233,33,12,'Свирид Петрович Голохвостий',NULL,'svirid-pietrovich-golokhvostii-1','2015-04-17 01:23:06','2015-04-17 01:23:06',NULL,NULL,NULL,NULL),(234,33,45,'Секлета Лимариха',NULL,'sieklieta-limarikha','2015-04-17 01:23:06','2015-04-17 01:23:06',NULL,NULL,NULL,NULL),(235,33,24,'Галя',NULL,'galia-2','2015-04-17 01:23:06','2015-04-17 01:23:06',NULL,NULL,NULL,NULL),(236,33,28,'Степан',NULL,'stiepan-2','2015-04-17 01:23:06','2015-04-17 01:23:06',NULL,NULL,NULL,NULL),(237,33,14,'Химка',NULL,'khimka-1','2015-04-17 01:23:06','2015-04-17 01:23:06',NULL,NULL,NULL,NULL),(238,33,27,'Наталка',NULL,'natalka-1','2015-04-17 01:23:06','2015-04-17 01:23:06',NULL,NULL,NULL,NULL),(239,34,59,'Принц',NULL,'prints','2015-04-17 01:42:05','2015-04-17 01:42:05',NULL,NULL,NULL,NULL),(240,34,36,'Король',NULL,'korol','2015-04-17 01:42:05','2015-04-17 01:42:05','2018-09-03 09:22:22',NULL,NULL,'roman'),(241,34,50,'Фея',NULL,'fieia','2015-04-17 01:42:05','2015-04-17 01:42:05',NULL,NULL,NULL,NULL),(242,34,39,'Мачуха',NULL,'machukha-1','2015-04-17 01:42:05','2015-04-17 01:42:05',NULL,NULL,NULL,NULL),(243,34,15,'Єгер',NULL,'ieghier','2015-04-17 01:42:05','2015-04-17 01:42:05',NULL,NULL,NULL,NULL),(244,34,31,'Злючка',NULL,'zliuchka','2015-04-17 01:42:05','2015-04-17 01:42:05',NULL,NULL,NULL,NULL),(245,34,27,'Колючка',NULL,'koliuchka','2015-04-17 01:42:05','2015-04-17 01:42:05',NULL,NULL,NULL,NULL),(246,35,30,'Омелько Кайдаш',NULL,'omiel-ko-kaidash','2015-04-17 01:55:47','2019-06-23 13:53:04',NULL,NULL,'roman',NULL),(247,35,13,'Маруся Кайдашиха',NULL,'marusia-kaidashikha','2015-04-17 01:55:47','2015-04-17 01:55:47',NULL,NULL,NULL,NULL),(248,35,33,'Карпо',NULL,'karpo','2015-04-17 01:55:47','2015-04-17 01:55:47',NULL,NULL,NULL,NULL),(249,35,12,'Лаврін',NULL,'lavrin','2015-04-17 01:55:47','2015-04-17 01:55:47',NULL,NULL,NULL,NULL),(250,35,18,'Мотря',NULL,'motria-1','2015-04-17 01:55:47','2015-04-17 01:55:47',NULL,NULL,NULL,NULL),(251,35,31,'Мелашка',NULL,'mielashka','2015-04-17 01:55:47','2015-04-17 01:55:47',NULL,NULL,NULL,NULL),(252,35,15,'Довбиш',NULL,'dovbish','2015-04-17 01:55:47','2015-04-17 01:55:47',NULL,NULL,NULL,NULL),(253,35,45,'Довбишка',NULL,'dovbishka','2015-04-17 01:55:47','2015-04-17 01:55:47',NULL,NULL,NULL,NULL),(254,35,28,'Батюшка',NULL,'batiushka','2015-04-17 01:55:47','2015-04-17 01:55:47',NULL,NULL,NULL,NULL),(255,36,30,'Павлюк',NULL,'pavliuk','2015-04-17 02:01:38','2015-04-17 02:01:38',NULL,NULL,NULL,NULL),(256,36,36,'Томиленко',NULL,'tomilienko','2015-04-17 02:01:38','2015-04-17 02:01:38','2018-09-03 09:22:22',NULL,NULL,'roman'),(257,36,40,'Сахно Черняк',NULL,'sakhno-chierniak','2015-04-17 02:01:38','2015-04-17 02:01:38',NULL,NULL,NULL,NULL),(258,36,50,'Його мати',NULL,'iogho-mati','2015-04-17 02:01:38','2015-04-17 02:01:38',NULL,NULL,NULL,NULL),(259,36,38,'Його дружина',NULL,'iogho-druzhina','2015-04-17 02:01:38','2015-04-17 02:01:38',NULL,NULL,NULL,NULL),(260,36,41,'Їх син',NULL,'yikh-sin','2015-04-17 02:01:38','2015-04-17 02:01:38','2018-09-03 09:20:48',NULL,NULL,'roman'),(261,36,15,'Кат',NULL,'kat','2015-04-17 02:01:38','2015-04-17 02:01:38',NULL,NULL,NULL,NULL),(262,36,25,'Другий зрадник',NULL,'drughii-zradnik','2015-04-17 02:01:38','2015-04-17 02:01:38',NULL,NULL,NULL,NULL),(263,36,33,'Перший козак',NULL,'piershii-kozak','2015-04-17 02:01:38','2015-04-17 02:01:38',NULL,NULL,NULL,NULL),(264,37,3,'Баба','л','baba','2015-05-08 08:38:14','2015-05-08 08:49:15',NULL,NULL,NULL,NULL),(265,38,1,'Вступне слово',NULL,'vstupnie-slovo','2015-05-08 21:49:35','2015-05-09 04:40:06','2015-06-13 18:00:22',NULL,NULL,NULL),(266,39,NULL,'Фестиваль',NULL,'fiestival','2015-05-12 19:15:05','2015-05-12 19:45:29','2019-04-21 11:02:53',NULL,NULL,'sergey'),(267,40,NULL,'Фестиваль',NULL,'fiestival-1','2015-05-12 19:29:48','2015-05-12 19:47:59','2019-04-21 11:03:41',NULL,NULL,'sergey'),(268,41,NULL,'Фестиваль',NULL,'fiestival-2','2015-05-12 20:04:22','2015-05-12 20:04:22','2019-04-21 11:04:31',NULL,NULL,'sergey'),(269,42,NULL,'Фестиваль',NULL,'fiestival-3','2015-05-12 20:08:42','2015-05-12 20:08:42',NULL,NULL,NULL,NULL),(270,43,NULL,'Фестиваль',NULL,'fiestival-3','2015-05-16 09:55:46','2015-05-16 09:55:46','2019-04-21 11:05:28',NULL,NULL,'sergey'),(271,44,NULL,'Фестиваль',NULL,'fiestival-4','2015-05-16 10:06:32','2015-05-16 10:06:32','2019-04-21 10:54:18',NULL,NULL,'sergey'),(272,48,NULL,'бог',NULL,'bogh','2015-06-30 16:29:59','2015-06-30 16:29:59',NULL,'nazarcom','nazarcom',NULL),(273,4,42,'Прісінька','Опис образу, втілюваного актором;','prisin-ka','2016-01-13 13:34:36','2016-01-13 13:34:36',NULL,'roman','roman',NULL),(274,4,64,'Іван Семенович Скворцов','Опис образу, втілюваного актором;','ivan-siemienovich-skvortsov-2','2016-01-13 13:34:36','2016-01-14 17:23:10',NULL,'roman','roman',NULL),(275,4,60,'Аграфена','Опис образу, втілюваного актором;','aghrafiena','2016-01-13 13:34:36','2016-01-13 13:34:36',NULL,'roman','roman',NULL),(276,4,65,'Прісінька','Опис образу, втілюваного актором;','prisin-ka-1','2016-01-14 17:23:10','2016-01-14 17:23:10',NULL,'roman','roman',NULL),(277,4,25,'Іван Семенович Скворцов','Опис образу, втілюваного актором;','ivan-siemienovich-skvortsov-1','2016-01-14 17:23:10','2016-01-14 17:23:10',NULL,'roman','roman',NULL),(278,8,14,'Лілі','Опис образу, втілюваного актором;','lili-1','2016-01-14 17:34:28','2016-01-14 17:34:28',NULL,'roman','roman',NULL),(279,15,42,'Ромашка',NULL,'romashka-1','2016-01-14 17:41:28','2016-01-14 17:41:28',NULL,'roman','roman',NULL),(280,15,70,'Барвінок',NULL,'barvinok','2016-01-14 17:41:28','2016-01-14 17:41:28',NULL,'roman','roman',NULL),(281,16,71,'Гидке каченя',NULL,'gidkie-kachienia-1','2016-01-14 17:50:29','2016-01-14 17:50:29',NULL,'roman','roman',NULL),(282,28,53,'Едвін Воляпюк, князь',NULL,'iedvin-voliapiuk-kniaz','2016-01-14 17:59:46','2016-01-14 17:59:46',NULL,'roman','roman',NULL),(283,28,3,'Боні, граф Боніслау',NULL,'boni-ghraf-bonislau','2016-01-14 17:59:46','2016-01-14 17:59:46',NULL,'roman','roman',NULL),(284,28,42,'Стассі, племінниця князя Воляпюк',NULL,'stassi-plieminnitsia-kniazia-voliapiuk','2016-01-14 17:59:46','2016-01-14 17:59:46',NULL,'roman','roman',NULL),(285,28,39,'Юліанна Воляпюк, княгиня, мати Едвіна',NULL,'iulianna-voliapiuk-kniaghinia-mati-iedvina','2016-01-14 17:59:46','2016-01-14 17:59:46',NULL,'roman','roman',NULL),(286,28,50,'Юліанна Воляпюк, княгиня, мати Едвіна',NULL,'iulianna-voliapiuk-kniaghinia-mati-iedvina-1','2016-01-14 17:59:46','2016-01-14 17:59:46',NULL,'roman','roman',NULL),(287,28,15,'Леопольд Воляпюк, князь, батько Едвіна',NULL,'lieopol-d-voliapiuk-kniaz-bat-ko-iedvina','2016-01-14 17:59:46','2016-01-14 17:59:46',NULL,'roman','roman',NULL),(288,28,36,'Леопольд Воляпюк, князь, батько Едвіна',NULL,'lieopol-d-voliapiuk-kniaz-bat-ko-iedvina-1','2016-01-14 17:59:46','2016-01-14 17:59:46','2018-09-03 09:22:22','roman','roman','roman'),(289,32,42,'2-га пташка',NULL,'2-gha-ptashka','2016-01-14 18:02:53','2016-01-14 18:02:53',NULL,'roman','roman',NULL),(290,32,14,'3-тя пташка',NULL,'3-tia-ptashka-1','2016-01-14 18:02:53','2016-01-14 18:02:53',NULL,'roman','roman',NULL),(291,34,42,'Попелюшка',NULL,'popieliushka','2016-01-14 18:04:43','2016-01-14 18:04:43',NULL,'roman','roman',NULL),(292,52,42,'Принцеса Елеонора',NULL,'printsiesa-ielieonora','2016-01-14 18:10:45','2016-01-14 18:10:45',NULL,'roman','roman',NULL),(293,52,25,'Жан',NULL,'zhan','2016-01-14 18:10:45','2016-01-14 18:10:45',NULL,'roman','roman',NULL),(294,52,59,'Кіт у чоботях',NULL,'kit-u-chobotiakh','2016-01-14 18:10:45','2016-01-14 18:10:45',NULL,'roman','roman',NULL),(295,52,28,'Кіт у чоботях',NULL,'kit-u-chobotiakh-1','2016-01-14 18:10:45','2016-01-14 18:10:45',NULL,'roman','roman',NULL),(296,52,14,'Поліна',NULL,'polina','2016-01-14 18:10:45','2016-01-14 18:10:45',NULL,'roman','roman',NULL),(297,52,18,'Поліна',NULL,'polina-1','2016-01-14 18:10:45','2016-01-14 18:10:45',NULL,'roman','roman',NULL),(298,52,31,'Пані Міністр',NULL,'pani-ministr','2016-01-14 18:10:45','2016-01-14 18:10:45',NULL,'roman','roman',NULL),(299,52,27,'Пані Міністр',NULL,'pani-ministr-1','2016-01-14 18:10:45','2016-01-14 18:10:45',NULL,'roman','roman',NULL),(300,52,41,'Король',NULL,'korol-1','2016-01-14 18:10:45','2016-01-14 18:10:45','2018-09-03 09:20:48','roman','roman','roman'),(301,52,30,'Генерал',NULL,'gienieral','2016-01-14 18:10:45','2016-01-14 18:10:45',NULL,'roman','roman',NULL),(302,52,40,'Генерал',NULL,'gienieral-1','2016-01-14 18:10:45','2016-01-14 18:10:45',NULL,'roman','roman',NULL),(303,55,71,'Ніф-Ніф','Ніф-Ніф','nif-nif','2016-03-25 12:16:22','2016-03-25 12:16:22',NULL,'roman','roman',NULL),(304,55,66,'Наф-Наф','Наф-Наф','naf-naf','2016-03-25 12:16:22','2016-03-25 12:16:22','2018-09-03 09:20:48','roman','roman','roman'),(305,55,63,'Нуф-Нуф','Нуф-Нуф','nuf-nuf','2016-03-25 12:16:22','2016-03-25 12:16:22','2016-10-25 15:03:43','roman','roman','roman'),(306,55,64,'Вовк','вовк','vovk-2','2016-03-25 12:16:22','2016-03-25 12:16:22',NULL,'roman','roman',NULL),(307,55,14,'Ніф-Ніф','Ніф-Ніф','nif-nif-1','2016-03-25 12:16:22','2016-03-25 12:16:22',NULL,'roman','roman',NULL),(308,55,65,'Нуф-Нуф','Нуф-Нуф','nuf-nuf-1','2016-03-25 12:16:22','2016-03-25 12:16:22',NULL,'roman','roman',NULL),(309,55,46,'Наф-Наф','Наф-Наф','naf-naf-1','2016-03-25 12:16:22','2016-03-25 12:16:22',NULL,'roman','roman',NULL),(310,55,33,'Вовк','Вовк','vovk-3','2016-03-25 12:16:22','2016-03-25 12:16:22',NULL,'roman','roman',NULL),(311,44,3,'фыва',NULL,'fyva','2019-04-21 12:50:50','2019-04-21 12:50:50','2019-04-21 12:50:57','sergey','sergey','sergey');
/*!40000 ALTER TABLE `roles` ENABLE KEYS */;
UNLOCK TABLES;

--
-- Table structure for table `tag_translation`
--

DROP TABLE IF EXISTS `tag_translation`;
/*!40101 SET @saved_cs_client     = @@character_set_client */;
/*!40101 SET character_set_client = utf8 */;
CREATE TABLE `tag_translation` (
  `id` int(11) NOT NULL AUTO_INCREMENT,
  `object_id` int(11) DEFAULT NULL,
  `locale` varchar(8) COLLATE utf8_unicode_ci NOT NULL,
  `field` varchar(32) COLLATE utf8_unicode_ci NOT NULL,
  `content` longtext COLLATE utf8_unicode_ci,
  PRIMARY KEY (`id`),
  UNIQUE KEY `lookup_unique_tag_translation_idx` (`locale`,`object_id`,`field`),
  KEY `IDX_A8A03F8F232D562B` (`object_id`),
  CONSTRAINT `FK_A8A03F8F232D562B` FOREIGN KEY (`object_id`) REFERENCES `tags` (`id`) ON DELETE CASCADE
) ENGINE=InnoDB AUTO_INCREMENT=56 DEFAULT CHARSET=utf8 COLLATE=utf8_unicode_ci;
/*!40101 SET character_set_client = @saved_cs_client */;

--
-- Dumping data for table `tag_translation`
--

LOCK TABLES `tag_translation` WRITE;
/*!40000 ALTER TABLE `tag_translation` DISABLE KEYS */;
INSERT INTO `tag_translation` VALUES (1,1,'en','title','Podsekalnikov'),(2,2,'en','title','Isaak Mendosa'),(3,3,'en','title','Antonio'),(4,4,'en','title','Stetsko'),(5,5,'en','title','Eduardo Palumbo'),(6,6,'en','title','Leonid Andriyovycjh Gaev'),(7,7,'en','title','Herod'),(8,8,'en','title','Kryvyi'),(9,9,'en','title','Othello'),(10,10,'en','title','Mamaev'),(11,11,'en','title','новини'),(12,12,'en','title','життя театру'),(13,13,'en','title','Міський Будинок культури ім. Івана Кулика'),(14,14,'en','title','Вистава \"Дорога до сонця\" буде проходити в міській Філармонії'),(15,15,'en','title','Вистава \"Дорога до сонця\" буде проходити в черкаській філармонії'),(16,16,'en','title','гастролі Черкаського театру'),(17,17,'en','title','Благодійний фонд'),(18,18,'en','title',' фонд'),(19,19,'en','title','Новини; концерт; благодійний фонд; театр'),(20,20,'en','title','гастролі'),(21,21,'en','title',' театр'),(22,22,'en','title',' репертуар'),(23,23,'en','title',''),(24,24,'en','title','Театр'),(25,25,'en','title',' новорічні свята.'),(26,26,'en','title','День театру; «Тев’є-молочник»;'),(27,27,'en','title','День театру; Танго;'),(28,28,'en','title','Танго'),(29,29,'en','title','Міжнародний театральний фестиваль'),(30,30,'en','title',' Сцена людства.'),(31,31,'en','title','Концерт'),(32,32,'en','title',' гастролі'),(33,33,'en','title',' синій автомобіль'),(34,34,'en','title','Танго Марії'),(35,35,'en','title','Театр; перенесення'),(36,36,'en','title','Ластівка'),(37,37,'en','title','Ластівка П. П.'),(38,38,'en','title','конкурс'),(39,39,'en','title','увага'),(40,40,'en','title','робота'),(41,41,'en','title','конкурс; робота'),(42,42,'en','title','НАТАЛКА ПОЛТАВКА'),(43,43,'en','title',' прем\'єра'),(44,44,'en','title','ПРОДАВЕЦЬ ДОЩУ'),(45,45,'en','title','АКЦІЯ'),(46,46,'en','title',' робота'),(47,47,'en','title','вистава'),(48,48,'en','title','прем\'єра'),(49,49,'en','title','РЕПЕРТУАР'),(50,50,'en','title','свято'),(51,51,'en','title','CZERKASKI OBWODOWY AKADEMICKI TEATR'),(52,52,'en','title',' ПОСАДА'),(53,53,'en','title','подяка'),(54,54,'en','title','омг'),(55,55,'en','title','МІЖНАРОДНИЙ ДЕНЬ ПАМ\'ЯТІ ЖЕРТВ ФАШИЗМУ');
/*!40000 ALTER TABLE `tag_translation` ENABLE KEYS */;
UNLOCK TABLES;

--
-- Table structure for table `tags`
--

DROP TABLE IF EXISTS `tags`;
/*!40101 SET @saved_cs_client     = @@character_set_client */;
/*!40101 SET character_set_client = utf8 */;
CREATE TABLE `tags` (
  `id` int(11) NOT NULL AUTO_INCREMENT,
  `title` varchar(255) COLLATE utf8_unicode_ci NOT NULL,
  `slug` varchar(255) COLLATE utf8_unicode_ci NOT NULL,
  `createdAt` datetime NOT NULL,
  `updatedAt` datetime DEFAULT NULL,
  `deletedAt` datetime DEFAULT NULL,
  `createdBy` varchar(255) COLLATE utf8_unicode_ci DEFAULT NULL,
  `updatedBy` varchar(255) COLLATE utf8_unicode_ci DEFAULT NULL,
  `deletedBy` varchar(255) COLLATE utf8_unicode_ci DEFAULT NULL,
  PRIMARY KEY (`id`)
) ENGINE=InnoDB AUTO_INCREMENT=56 DEFAULT CHARSET=utf8 COLLATE=utf8_unicode_ci;
/*!40101 SET character_set_client = @saved_cs_client */;

--
-- Dumping data for table `tags`
--

LOCK TABLES `tags` WRITE;
/*!40000 ALTER TABLE `tags` DISABLE KEYS */;
INSERT INTO `tags` VALUES (1,'Подсекальніков','podsiekal-nikov','2015-02-07 10:37:33','2015-03-03 21:55:40',NULL,NULL,NULL,NULL),(2,'Ісааск Мендоса','isaask-miendosa','2015-03-20 21:53:46','2015-04-04 17:36:39',NULL,NULL,NULL,NULL),(3,'Антоніо','antonio','2014-12-06 19:17:21','2015-03-10 11:05:31',NULL,NULL,NULL,NULL),(4,'Стецько','stiets-ko','2015-01-10 01:35:30','2015-02-11 02:49:50',NULL,NULL,NULL,NULL),(5,'Едуардо Палумбо','ieduardo-palumbo','2014-10-12 07:48:15','2014-11-29 15:08:34',NULL,NULL,NULL,NULL),(6,'Леонід Андрійович Гаєв','lieonid-andriiovich-gaiev','2015-01-08 12:18:22','2015-03-14 16:06:04',NULL,NULL,NULL,NULL),(7,'Ірод','irod','2014-11-18 07:19:43','2015-02-15 10:22:58',NULL,NULL,NULL,NULL),(8,'Кривий','krivii','2015-02-08 23:58:28','2015-03-30 02:00:38',NULL,NULL,NULL,NULL),(9,'Отелло','otiello','2015-02-02 09:02:08','2015-02-21 00:20:50',NULL,NULL,NULL,NULL),(10,'Мамаєв','mamaiev','2014-11-30 13:24:31','2014-12-17 19:56:48',NULL,NULL,NULL,NULL),(11,'новини','novini','2015-04-09 11:09:50','2015-04-09 11:09:50',NULL,NULL,NULL,NULL),(12,'життя театру','zhittia-tieatru','2015-06-14 08:46:13','2015-06-14 08:46:13',NULL,NULL,NULL,NULL),(13,'Міський Будинок культури ім. Івана Кулика','mis-kii-budinok-kul-turi-im-ivana-kulika','2015-07-03 20:14:51','2015-07-03 20:14:51',NULL,'nazarcom','nazarcom',NULL),(14,'Вистава \"Дорога до сонця\" буде проходити в міській Філармонії','vistava-dorogha-do-sontsia-budie-prokhoditi-v-mis-kii-filarmoniyi','2015-07-03 21:56:02','2015-07-03 21:56:02',NULL,'nazarcom','nazarcom',NULL),(15,'Вистава \"Дорога до сонця\" буде проходити в черкаській філармонії','vistava-dorogha-do-sontsia-budie-prokhoditi-v-chierkas-kii-filarmoniyi','2015-07-04 09:38:17','2015-07-04 09:38:17',NULL,'nazarcom','nazarcom',NULL),(16,'гастролі Черкаського театру','ghastroli-chierkas-kogho-tieatru','2015-08-30 23:48:34','2015-08-30 23:48:34',NULL,'roman','roman',NULL),(17,'Благодійний фонд','blaghodiinii-fond','2015-09-09 18:02:41','2015-09-09 18:02:41',NULL,'roman','roman',NULL),(18,' фонд','fond','2015-09-09 18:02:41','2015-09-09 18:02:41',NULL,'roman','roman',NULL),(19,'Новини; концерт; благодійний фонд; театр','novini-kontsiert-blaghodiinii-fond-tieatr','2015-09-21 19:31:42','2015-09-21 19:31:42',NULL,'roman','roman',NULL),(20,'гастролі','ghastroli','2015-12-07 12:45:01','2015-12-07 12:45:01',NULL,'roman','roman',NULL),(21,' театр','tieatr','2015-12-07 12:45:01','2015-12-07 12:45:01',NULL,'roman','roman',NULL),(22,' репертуар','riepiertuar','2015-12-07 12:45:01','2015-12-07 12:45:01',NULL,'roman','roman',NULL),(23,'','-1','2015-12-07 12:45:01','2015-12-07 12:45:01',NULL,'roman','roman',NULL),(24,'Театр','tieatr-1','2015-12-21 13:15:41','2015-12-21 13:15:41',NULL,'roman','roman',NULL),(25,' новорічні свята.','novorichni-sviata','2015-12-21 13:15:41','2015-12-21 13:15:41',NULL,'roman','roman',NULL),(26,'День театру; «Тев’є-молочник»;','dien-tieatru-tiev-ie-molochnik','2016-03-17 09:59:23','2016-03-17 09:59:23',NULL,'roman','roman',NULL),(27,'День театру; Танго;','dien-tieatru-tangho','2016-03-17 10:05:40','2016-03-17 10:05:40',NULL,'roman','roman',NULL),(28,'Танго','tangho','2016-03-29 17:59:17','2016-03-29 17:59:17',NULL,'roman','roman',NULL),(29,'Міжнародний театральний фестиваль','mizhnarodnii-tieatral-nii-fiestival','2016-04-21 14:48:35','2016-04-21 14:48:35',NULL,'roman','roman',NULL),(30,' Сцена людства.','stsiena-liudstva','2016-04-21 14:48:35','2016-04-21 14:48:35',NULL,'roman','roman',NULL),(31,'Концерт','kontsiert','2016-05-06 11:58:31','2016-05-06 11:58:31',NULL,'roman','roman',NULL),(32,' гастролі','ghastroli-1','2016-05-17 17:38:55','2016-05-17 17:38:55',NULL,'roman','roman',NULL),(33,' синій автомобіль','sinii-avtomobil','2016-05-18 17:41:50','2016-05-18 17:41:50',NULL,'roman','roman',NULL),(34,'Танго Марії','tangho-mariyi','2016-09-02 11:16:41','2016-09-02 11:16:41',NULL,'roman','roman',NULL),(35,'Театр; перенесення','tieatr-pierieniesiennia','2017-01-14 12:37:07','2017-01-14 12:37:07',NULL,'roman','roman',NULL),(36,'Ластівка','lastivka','2017-02-09 18:10:37','2017-02-09 18:10:37',NULL,'roman','roman',NULL),(37,'Ластівка П. П.','lastivka-p-p','2017-02-09 18:47:30','2017-02-09 18:47:30',NULL,'roman','roman',NULL),(38,'конкурс','konkurs','2017-02-09 20:02:21','2017-02-09 20:02:21',NULL,'roman','roman',NULL),(39,'увага','uvagha','2017-02-22 18:11:48','2017-02-22 18:11:48',NULL,'roman','roman',NULL),(40,'робота','robota','2017-03-24 18:12:22','2017-03-24 18:12:22',NULL,'roman','roman',NULL),(41,'конкурс; робота','konkurs-robota','2017-03-30 12:54:49','2017-03-30 12:54:49',NULL,'roman','roman',NULL),(42,'НАТАЛКА ПОЛТАВКА','natalka-poltavka','2017-05-20 18:10:26','2017-05-20 18:10:26',NULL,'roman','roman',NULL),(43,' прем\'єра','priem-iera','2017-05-20 18:10:26','2017-05-20 18:10:26',NULL,'roman','roman',NULL),(44,'ПРОДАВЕЦЬ ДОЩУ','prodaviets-doshchu','2017-05-20 18:12:15','2017-05-20 18:12:15',NULL,'roman','roman',NULL),(45,'АКЦІЯ','aktsiia','2017-05-20 18:19:35','2017-05-20 18:19:35',NULL,'roman','roman',NULL),(46,' робота','robota-1','2017-08-16 20:37:08','2017-08-16 20:37:08',NULL,'roman','roman',NULL),(47,'вистава','vistava','2017-08-27 17:47:09','2017-08-27 17:47:09',NULL,'roman','roman',NULL),(48,'прем\'єра','priem-iera-1','2017-08-27 17:48:35','2017-08-27 17:48:35',NULL,'roman','roman',NULL),(49,'РЕПЕРТУАР','riepiertuar-1','2017-09-03 23:20:38','2017-09-03 23:20:38',NULL,'roman','roman',NULL),(50,'свято','sviato','2017-12-11 11:17:05','2017-12-11 11:17:05',NULL,'roman','roman',NULL),(51,'CZERKASKI OBWODOWY AKADEMICKI TEATR','czerkaski-obwodowy-akademicki-teatr','2018-02-21 20:04:37','2018-02-21 20:04:37',NULL,'roman','roman',NULL),(52,' ПОСАДА','posada','2018-04-12 08:25:58','2018-04-12 08:25:58',NULL,'roman','roman',NULL),(53,'подяка','podiaka','2018-04-12 08:47:55','2018-04-12 08:47:55',NULL,'roman','roman',NULL),(54,'омг','omgh','2018-09-02 22:09:33','2018-09-02 22:09:33',NULL,'sergey','sergey',NULL),(55,'МІЖНАРОДНИЙ ДЕНЬ ПАМ\'ЯТІ ЖЕРТВ ФАШИЗМУ','mizhnarodnii-dien-pam-iati-zhiertv-fashizmu','2018-09-18 10:50:01','2018-09-18 10:50:01',NULL,'roman','roman',NULL);
/*!40000 ALTER TABLE `tags` ENABLE KEYS */;
UNLOCK TABLES;
/*!40103 SET TIME_ZONE=@OLD_TIME_ZONE */;

/*!40101 SET SQL_MODE=@OLD_SQL_MODE */;
/*!40014 SET FOREIGN_KEY_CHECKS=@OLD_FOREIGN_KEY_CHECKS */;
/*!40014 SET UNIQUE_CHECKS=@OLD_UNIQUE_CHECKS */;
/*!40101 SET CHARACTER_SET_CLIENT=@OLD_CHARACTER_SET_CLIENT */;
/*!40101 SET CHARACTER_SET_RESULTS=@OLD_CHARACTER_SET_RESULTS */;
/*!40101 SET COLLATION_CONNECTION=@OLD_COLLATION_CONNECTION */;
/*!40111 SET SQL_NOTES=@OLD_SQL_NOTES */;

-- Dump completed on 2020-01-30  4:52:09
